1461146703997,2016-04-20 20:05:03.997,3.9905634,-7.7760358,5.7710291,normal
1461146704007,2016-04-20 20:05:04.007,4.2996727,-6.8406197,-5.2618063,normal
1461146704019,2016-04-20 20:05:04.019,5.8289696,-7.1470844,-5.1721785,normal
1461146704029,2016-04-20 20:05:04.029,6.0146134,-6.0064973,-5.1767313,normal
1461146704039,2016-04-20 20:05:04.039,5.3376209,-6.1719419,-6.3468253,normal
1461146704049,2016-04-20 20:05:04.049,5.2409345,-6.7188871,-5.4710688,normal
1461146704057,2016-04-20 20:05:04.057,4.5801591,-6.3134595,-4.9175534,normal
1461146704065,2016-04-20 20:05:04.065,4.7864047,-6.8404117,-5.9438119,normal
1461146704074,2016-04-20 20:05:04.074,4.3918935,-7.1148583,-5.3963247,normal
1461146704083,2016-04-20 20:05:04.083,4.7083693,-5.3080093,-5.8607688,normal
1461146704095,2016-04-20 20:05:04.095,5.6531913,-5.9080745,-6.1565962,normal
1461146704105,2016-04-20 20:05:04.105,5.0663831,-5.5762509,-6.0199798,normal
1461146704116,2016-04-20 20:05:04.116,5.1792875,-7.5106414,-5.998326,normal
1461146704128,2016-04-20 20:05:04.128,4.6053923,-5.7765177,-5.2584904,normal
1461146704136,2016-04-20 20:05:04.136,5.8239691,-7.3774984,-4.9886628,normal
1461146704144,2016-04-20 20:05:04.144,4.9952758,-6.0883418,-5.2324879,normal
1461146704153,2016-04-20 20:05:04.153,6.0399449,-6.9315923,-5.5131773,normal
1461146704163,2016-04-20 20:05:04.163,4.7247106,-6.1819024,-4.6796571,normal
1461146704174,2016-04-20 20:05:04.174,6.0389314,-5.8252529,-4.734134,normal
1461146704182,2016-04-20 20:05:04.182,5.1670295,-5.3933817,-5.7694173,normal
1461146704191,2016-04-20 20:05:04.191,4.5802044,-5.5774722,-6.3138724,normal
1461146704200,2016-04-20 20:05:04.200,5.2973479,-6.8100663,-6.2586697,normal
1461146704209,2016-04-20 20:05:04.209,6.2225744,-5.7152036,-5.6041463,normal
1461146704220,2016-04-20 20:05:04.220,5.6509605,-6.6967279,-6.1103416,normal
1461146704231,2016-04-20 20:05:04.231,5.2781784,-6.7538146,-6.0949682,normal
1461146704239,2016-04-20 20:05:04.239,4.7921582,-6.2593775,-4.554276,normal
1461146704247,2016-04-20 20:05:04.247,6.0232126,-5.6361768,-4.3078332,normal
1461146704258,2016-04-20 20:05:04.258,5.0740325,-6.331986,-3.4903692,normal
1461146704270,2016-04-20 20:05:04.270,5.6836633,-6.2197368,-5.2066552,normal
1461146704278,2016-04-20 20:05:04.278,5.720555,-7.2794744,-5.1514461,normal
1461146704289,2016-04-20 20:05:04.289,5.4610439,-6.8926854,-3.7344623,normal
1461146704300,2016-04-20 20:05:04.300,5.7003135,-5.8379776,-3.7622655,normal
1461146704312,2016-04-20 20:05:04.312,5.2751562,-6.5492163,-4.7411886,normal
1461146704320,2016-04-20 20:05:04.320,6.5944189,-5.3101779,-4.5627143,normal
1461146704328,2016-04-20 20:05:04.328,5.6130409,-6.3713051,-4.2116814,normal
1461146704338,2016-04-20 20:05:04.338,6.5787367,-6.8418147,-5.0872035,normal
1461146704348,2016-04-20 20:05:04.348,6.3587276,-6.9401873,-5.0766829,normal
1461146704357,2016-04-20 20:05:04.357,5.385166,-6.9933925,-5.2054508,normal
1461146704368,2016-04-20 20:05:04.368,6.2888253,-5.5920387,-4.6016162,normal
1461146704378,2016-04-20 20:05:04.378,5.9415258,-4.9931265,-4.5015701,normal
1461146704387,2016-04-20 20:05:04.387,6.5114292,-5.5976413,-4.2467202,normal
1461146704395,2016-04-20 20:05:04.395,6.7799886,-5.6372179,-3.7896212,normal
1461146704403,2016-04-20 20:05:04.403,5.8920059,-5.0032461,-3.4659134,normal
1461146704413,2016-04-20 20:05:04.413,5.941802,-4.7815576,-4.1639653,normal
1461146704422,2016-04-20 20:05:04.422,6.784663,-5.084552,-5.0107609,normal
1461146704431,2016-04-20 20:05:04.431,6.5950645,-5.5855317,-4.1592245,normal
1461146704443,2016-04-20 20:05:04.443,7.0931167,-5.6096616,-4.1983648,normal
1461146704452,2016-04-20 20:05:04.452,6.6697698,-5.4269292,-4.3804027,normal
1461146704461,2016-04-20 20:05:04.461,6.2813934,-5.3151724,-4.7740956,normal
1461146704473,2016-04-20 20:05:04.473,7.0267273,-6.5747616,-3.1299272,normal
1461146704484,2016-04-20 20:05:04.484,7.2286097,-6.2416673,-3.6169587,normal
1461146704494,2016-04-20 20:05:04.494,5.5417872,-6.500988,-3.6526718,normal
1461146704503,2016-04-20 20:05:04.503,7.0481505,-6.0345616,-3.9045328,normal
1461146704515,2016-04-20 20:05:04.515,5.5960871,-5.3372856,-3.7468029,normal
1461146704527,2016-04-20 20:05:04.527,6.6640102,-4.8299027,-4.9654037,normal
1461146704537,2016-04-20 20:05:04.537,7.0254345,-6.3978922,-3.8148742,normal
1461146704546,2016-04-20 20:05:04.546,7.0764123,-4.7032228,-4.6939309,normal
1461146704557,2016-04-20 20:05:04.557,7.6241982,-4.6116867,-4.4820003,normal
1461146704568,2016-04-20 20:05:04.568,7.4234769,-5.8685245,-4.0440598,normal
1461146704580,2016-04-20 20:05:04.580,7.322472,-5.96447,-3.782062,normal
1461146704589,2016-04-20 20:05:04.589,7.8151525,-5.5136257,-3.6515126,normal
1461146704597,2016-04-20 20:05:04.597,7.3033424,-4.9244518,-4.2785347,normal
1461146704608,2016-04-20 20:05:04.608,7.6470036,-4.9274679,-3.2165029,normal
1461146704620,2016-04-20 20:05:04.620,6.0113866,-4.6883714,-3.2183313,normal
1461146704631,2016-04-20 20:05:04.631,7.807086,-4.6948309,-2.9764215,normal
1461146704642,2016-04-20 20:05:04.642,6.4070978,-5.2316116,-3.9584384,normal
1461146704650,2016-04-20 20:05:04.650,7.233627,-5.5085164,-3.5988321,normal
1461146704662,2016-04-20 20:05:04.662,6.7593412,-5.4914547,-3.7435337,normal
1461146704671,2016-04-20 20:05:04.671,7.1202998,-5.3675827,-4.2174443,normal
1461146704680,2016-04-20 20:05:04.680,6.8482818,-5.3457571,-3.2491378,normal
1461146704691,2016-04-20 20:05:04.691,7.2615766,-6.178516,-4.3823322,normal
1461146704701,2016-04-20 20:05:04.701,6.5511995,-5.0413909,-4.3378652,normal
1461146704710,2016-04-20 20:05:04.710,6.533301,-6.2365723,-2.6588238,normal
1461146704718,2016-04-20 20:05:04.718,7.2139917,-5.4758583,-2.7735973,normal
1461146704727,2016-04-20 20:05:04.727,6.9180495,-6.0613166,-3.2371329,normal
1461146704738,2016-04-20 20:05:04.738,6.305281,-6.7347046,-2.9604515,normal
1461146704749,2016-04-20 20:05:04.749,7.1343826,-6.5061228,-3.4825169,normal
1461146704760,2016-04-20 20:05:04.760,6.4157701,-6.8425886,-4.9250984,normal
1461146704768,2016-04-20 20:05:04.768,7.774128,-7.9488565,-4.6510515,normal
1461146704780,2016-04-20 20:05:04.780,6.5356788,-6.9906136,-3.796335,normal
1461146704791,2016-04-20 20:05:04.791,6.8229527,-8.1700619,-3.4030731,normal
1461146704803,2016-04-20 20:05:04.803,6.0009603,-8.8925942,-3.5583185,normal
1461146704815,2016-04-20 20:05:04.815,6.8067269,-8.8236247,-4.8701136,normal
1461146704823,2016-04-20 20:05:04.823,5.8365541,-9.4406537,-4.6387149,normal
1461146704834,2016-04-20 20:05:04.834,5.1481138,-10.0136065,-5.6017699,normal
1461146704843,2016-04-20 20:05:04.843,5.8612869,-8.5071149,-5.0993719,normal
1461146704855,2016-04-20 20:05:04.855,5.9924038,-9.2254308,-5.1498298,normal
1461146704864,2016-04-20 20:05:04.864,4.3470274,-10.0126162,-5.5343631,normal
1461146704873,2016-04-20 20:05:04.873,4.3398102,-10.5939952,-4.5673129,normal
1461146704881,2016-04-20 20:05:04.881,4.5477133,-11.3115132,-5.8980437,normal
1461146704893,2016-04-20 20:05:04.893,5.129575,-11.0000748,-6.2032214,normal
1461146704905,2016-04-20 20:05:04.905,4.1772287,-11.4793961,-6.0917988,normal
1461146704914,2016-04-20 20:05:04.914,3.4853602,-10.3560829,-5.6656803,normal
1461146704925,2016-04-20 20:05:04.925,3.5476791,-11.0650614,-6.8380126,normal
1461146704937,2016-04-20 20:05:04.937,4.2109199,-10.1849306,-6.4218986,normal
1461146704946,2016-04-20 20:05:04.946,2.9446496,-11.7876531,-7.018202,normal
1461146704958,2016-04-20 20:05:04.958,3.8939931,-11.4571293,-7.4667545,normal
1461146704967,2016-04-20 20:05:04.967,3.9810823,-11.5818239,-6.5173582,normal
1461146704996,2016-04-20 20:05:04.996,3.805533,-10.9426509,-7.6825611,normal
1461146705006,2016-04-20 20:05:05.006,1.4522489,-6.6111632,-7.6376721,normal
1461146705018,2016-04-20 20:05:05.018,1.5421325,-6.5271009,-7.0213161,normal
1461146705028,2016-04-20 20:05:05.028,1.1640782,-6.4349266,-6.825122,normal
1461146705038,2016-04-20 20:05:05.038,1.0316022,-6.7008375,-6.6383266,normal
1461146705049,2016-04-20 20:05:05.049,1.2798812,-5.3077331,-8.1934522,normal
1461146705060,2016-04-20 20:05:05.060,1.2762055,-5.3787323,-6.3991961,normal
1461146705070,2016-04-20 20:05:05.070,2.0858312,-6.7890676,-6.5871195,normal
1461146705080,2016-04-20 20:05:05.080,1.2912346,-5.080684,-6.9644945,normal
1461146705089,2016-04-20 20:05:05.089,2.6052382,-6.2278892,-6.0830299,normal
1461146705098,2016-04-20 20:05:05.098,0.9456955,-5.1780079,-7.3198702,normal
1461146705106,2016-04-20 20:05:05.106,2.0057502,-6.4610795,-6.844717,normal
1461146705117,2016-04-20 20:05:05.117,1.5757655,-5.8754971,-7.5705919,normal
1461146705125,2016-04-20 20:05:05.125,1.2323878,-5.0961593,-7.8529159,normal
1461146705135,2016-04-20 20:05:05.135,2.6789351,-6.1914298,-7.1246145,normal
1461146705144,2016-04-20 20:05:05.144,1.7898322,-5.7026161,-7.4442009,normal
1461146705153,2016-04-20 20:05:05.153,2.1565361,-5.8389646,-7.8763186,normal
1461146705161,2016-04-20 20:05:05.161,1.4008755,-4.666751,-6.5382014,normal
1461146705173,2016-04-20 20:05:05.173,0.5190578,-5.129354,-6.6557004,normal
1461146705183,2016-04-20 20:05:05.183,1.2442748,-4.3152581,-6.5039413,normal
1461146705195,2016-04-20 20:05:05.195,0.8363974,-5.8942701,-7.4516359,normal
1461146705204,2016-04-20 20:05:05.204,2.0863965,-6.1002547,-6.2516971,normal
1461146705214,2016-04-20 20:05:05.214,1.4557019,-4.6827345,-7.5678765,normal
1461146705226,2016-04-20 20:05:05.226,2.1182352,-5.2738107,-6.9285945,normal
1461146705235,2016-04-20 20:05:05.235,1.0020863,-4.6878267,-7.805291,normal
1461146705243,2016-04-20 20:05:05.243,2.6773275,-4.8563747,-6.9275966,normal
1461146705253,2016-04-20 20:05:05.253,2.3199333,-5.8962961,-7.8715626,normal
1461146705265,2016-04-20 20:05:05.265,1.2028847,-5.184142,-7.926421,normal
1461146705274,2016-04-20 20:05:05.274,0.9139396,-4.2765749,-7.5727984,normal
1461146705286,2016-04-20 20:05:05.286,1.1224181,-4.6680456,-7.7653777,normal
1461146705294,2016-04-20 20:05:05.294,1.7830673,-5.1141367,-6.5884995,normal
1461146705305,2016-04-20 20:05:05.305,1.876704,-5.755882,-5.9485447,normal
1461146705313,2016-04-20 20:05:05.313,1.9947508,-5.2007283,-6.18531,normal
1461146705323,2016-04-20 20:05:05.323,2.9676918,-4.7751872,-7.4302656,normal
1461146705334,2016-04-20 20:05:05.334,1.5988299,-5.6188166,-6.6245349,normal
1461146705344,2016-04-20 20:05:05.344,2.1192465,-6.0325995,-6.6873414,normal
1461146705355,2016-04-20 20:05:05.355,2.4823153,-5.6286029,-6.9745314,normal
1461146705364,2016-04-20 20:05:05.364,2.2880772,-5.6910291,-5.5335844,normal
1461146705374,2016-04-20 20:05:05.374,2.5038528,-5.9164793,-5.5959528,normal
1461146705383,2016-04-20 20:05:05.383,2.7150558,-4.5925423,-6.432033,normal
1461146705392,2016-04-20 20:05:05.392,2.5849441,-4.0560831,-5.8019914,normal
1461146705401,2016-04-20 20:05:05.401,2.46986,-5.9308233,-4.9213568,normal
1461146705409,2016-04-20 20:05:05.409,2.4554818,-6.4153416,-5.6624652,normal
1461146705421,2016-04-20 20:05:05.421,2.99205,-6.6092323,-4.6368941,normal
1461146705431,2016-04-20 20:05:05.431,4.6165003,-6.637942,-4.7952143,normal
1461146705441,2016-04-20 20:05:05.441,4.6760843,-6.0870532,-5.0840878,normal
1461146705452,2016-04-20 20:05:05.452,3.924505,-6.4666255,-5.7799408,normal
1461146705462,2016-04-20 20:05:05.462,3.9877394,-6.3708559,-4.2467757,normal
1461146705471,2016-04-20 20:05:05.471,3.7349466,-4.9996527,-6.0677624,normal
1461146705481,2016-04-20 20:05:05.481,3.9097771,-6.324222,-6.2883811,normal
1461146705492,2016-04-20 20:05:05.492,5.1656737,-4.62166,-4.7961336,normal
1461146705501,2016-04-20 20:05:05.501,5.038845,-5.8171757,-5.0627527,normal
1461146705511,2016-04-20 20:05:05.511,3.8506316,-6.051572,-5.7649279,normal
1461146705523,2016-04-20 20:05:05.523,5.1351806,-5.9099858,-5.0392568,normal
1461146705533,2016-04-20 20:05:05.533,4.2124139,-5.9207999,-5.1772603,normal
1461146705541,2016-04-20 20:05:05.541,5.6119695,-6.9255732,-6.6163996,normal
1461146705551,2016-04-20 20:05:05.551,4.6341157,-7.149583,-5.1893569,normal
1461146705563,2016-04-20 20:05:05.563,5.6769447,-7.2331569,-6.7648966,normal
1461146705573,2016-04-20 20:05:05.573,3.9556309,-6.8756674,-5.3306736,normal
1461146705584,2016-04-20 20:05:05.584,4.2418716,-6.6995293,-6.4313385,normal
1461146705596,2016-04-20 20:05:05.596,3.6046734,-8.3558984,-5.4253401,normal
1461146705605,2016-04-20 20:05:05.605,4.6886846,-8.1920563,-5.6728285,normal
1461146705616,2016-04-20 20:05:05.616,4.6139587,-7.3524373,-6.059854,normal
1461146705627,2016-04-20 20:05:05.627,3.4885389,-8.081256,-5.086537,normal
1461146705638,2016-04-20 20:05:05.638,4.6028306,-9.0025734,-6.3511604,normal
1461146705650,2016-04-20 20:05:05.650,4.5464066,-9.0278033,-8.0457154,normal
1461146705662,2016-04-20 20:05:05.662,4.4416369,-11.1183414,-8.1497837,normal
1461146705673,2016-04-20 20:05:05.673,5.3290649,-9.9998125,-7.1946544,normal
1461146705684,2016-04-20 20:05:05.684,5.6988432,-10.2370186,-6.2694544,normal
1461146705695,2016-04-20 20:05:05.695,5.6581546,-11.6754969,-7.2130594,normal
1461146705704,2016-04-20 20:05:05.704,3.7349164,-11.0194386,-5.0266345,normal
1461146705713,2016-04-20 20:05:05.713,5.1691921,-11.1281847,-5.9110112,normal
1461146705724,2016-04-20 20:05:05.724,5.4917498,-12.6587184,-7.5970185,normal
1461146705732,2016-04-20 20:05:05.732,4.4337978,-13.5711359,-7.4463032,normal
1461146705743,2016-04-20 20:05:05.743,5.1766895,-12.3990062,-6.3940244,normal
1461146705752,2016-04-20 20:05:05.752,5.3695417,-11.3805002,-7.3345029,normal
1461146705762,2016-04-20 20:05:05.762,4.7156964,-12.2138887,-8.0626696,normal
1461146705774,2016-04-20 20:05:05.774,6.0884559,-11.1191051,-8.173042,normal
1461146705782,2016-04-20 20:05:05.782,4.7080323,-12.372655,-7.163441,normal
1461146705792,2016-04-20 20:05:05.792,4.3530871,-11.2587997,-6.6373176,normal
1461146705802,2016-04-20 20:05:05.802,5.4661353,-12.3306121,-6.6744705,normal
1461146705810,2016-04-20 20:05:05.810,4.1133491,-11.3105064,-7.1479891,normal
1461146705818,2016-04-20 20:05:05.818,5.5004666,-9.3351975,-5.822098,normal
1461146705828,2016-04-20 20:05:05.828,5.0688378,-9.8366385,-5.3565742,normal
1461146705839,2016-04-20 20:05:05.839,4.7820975,-11.6524106,-6.0167326,normal
1461146705850,2016-04-20 20:05:05.850,5.2215772,-11.5123063,-5.515474,normal
1461146705862,2016-04-20 20:05:05.862,3.8007943,-10.2021971,-6.4560857,normal
1461146705870,2016-04-20 20:05:05.870,5.7826131,-11.1905794,-6.350985,normal
1461146705879,2016-04-20 20:05:05.879,5.0400176,-10.7880868,-5.0460655,normal
1461146705891,2016-04-20 20:05:05.891,6.1660566,-10.1218152,-6.2624843,normal
1461146705901,2016-04-20 20:05:05.901,5.4372173,-11.3956255,-5.4583501,normal
1461146705910,2016-04-20 20:05:05.910,6.2565197,-10.6296243,-5.1620064,normal
1461146705919,2016-04-20 20:05:05.919,6.6106672,-10.47534,-3.9931661,normal
1461146705927,2016-04-20 20:05:05.927,4.9623981,-9.2560122,-2.7292974,normal
1461146705935,2016-04-20 20:05:05.935,4.1774648,-7.9830234,-3.0148874,normal
1461146705995,2016-04-20 20:05:05.995,3.7079604,-6.7978514,-3.47818,normal
1461146706003,2016-04-20 20:05:06.003,4.8923957,-11.0357216,-5.6718554,normal
1461146706015,2016-04-20 20:05:06.015,6.5576988,-10.285587,-4.9088011,normal
1461146706023,2016-04-20 20:05:06.023,7.5932802,-11.1235922,-5.3687218,normal
1461146706035,2016-04-20 20:05:06.035,7.9268979,-9.9526709,-5.4090174,normal
1461146706046,2016-04-20 20:05:06.046,8.2263903,-10.4612295,-6.2423187,normal
1461146706055,2016-04-20 20:05:06.055,8.8675727,-11.8532949,-4.817392,normal
1461146706066,2016-04-20 20:05:06.066,10.6504272,-11.2182082,-5.6701253,normal
1461146706076,2016-04-20 20:05:06.076,11.4699901,-12.2473046,-6.1288795,normal
1461146706085,2016-04-20 20:05:06.085,11.7806672,-10.3855374,-5.509344,normal
1461146706097,2016-04-20 20:05:06.097,12.1634734,-10.7475477,-6.1864785,normal
1461146706109,2016-04-20 20:05:06.109,13.7195522,-10.1565389,-6.0465043,normal
1461146706118,2016-04-20 20:05:06.118,14.0678728,-10.3323385,-4.713812,normal
1461146706127,2016-04-20 20:05:06.127,14.2038515,-8.4248022,-5.5501101,normal
1461146706135,2016-04-20 20:05:06.135,15.3207552,-9.2314233,-5.5296824,normal
1461146706146,2016-04-20 20:05:06.146,14.8090081,-9.1328596,-7.0989396,normal
1461146706156,2016-04-20 20:05:06.156,15.2291974,-8.2854754,-5.343363,normal
1461146706164,2016-04-20 20:05:06.164,15.3176773,-4.990043,-5.0573211,normal
1461146706176,2016-04-20 20:05:06.176,15.5573835,-4.1766062,-6.9090616,normal
1461146706186,2016-04-20 20:05:06.186,15.2078106,-7.9197009,-6.9225428,normal
1461146706196,2016-04-20 20:05:06.196,15.2280568,-12.2184313,-4.8881878,normal
1461146706208,2016-04-20 20:05:06.208,15.337041,-10.8930221,-3.1019486,normal
1461146706218,2016-04-20 20:05:06.218,13.6103105,-6.2498206,-0.565493,normal
1461146706228,2016-04-20 20:05:06.228,12.8442405,-3.1162251,-1.9584959,normal
1461146706237,2016-04-20 20:05:06.237,11.5830353,-2.1667769,-2.62285,normal
1461146706247,2016-04-20 20:05:06.247,11.540179,-0.1112535,-2.0511211,normal
1461146706259,2016-04-20 20:05:06.259,11.2015916,-2.1117396,-1.0758325,normal
1461146706270,2016-04-20 20:05:06.270,11.5045542,-2.0340462,-0.2271872,normal
1461146706278,2016-04-20 20:05:06.278,10.8567861,-5.2952114,-0.6673757,normal
1461146706289,2016-04-20 20:05:06.289,11.7883145,-6.1047589,-0.4764031,normal
1461146706298,2016-04-20 20:05:06.298,10.2586328,-6.8004799,-0.5003289,normal
1461146706310,2016-04-20 20:05:06.310,10.1408647,-6.2036465,-0.504378,normal
1461146706321,2016-04-20 20:05:06.321,9.0003747,-3.1762455,-0.6478806,normal
1461146706333,2016-04-20 20:05:06.333,9.2624274,-2.9926708,1.1572647,normal
1461146706345,2016-04-20 20:05:06.345,9.3337896,-1.354878,0.5024501,normal
1461146706354,2016-04-20 20:05:06.354,7.3156451,-1.5747068,0.9175399,normal
1461146706362,2016-04-20 20:05:06.362,6.8203039,-1.869736,1.1530786,normal
1461146706372,2016-04-20 20:05:06.372,6.733551,-1.9822324,1.1798897,normal
1461146706382,2016-04-20 20:05:06.382,6.3940352,-2.7395052,2.3133809,normal
1461146706393,2016-04-20 20:05:06.393,6.4333419,-4.1856622,1.6997951,normal
1461146706401,2016-04-20 20:05:06.401,6.0583654,-3.5483329,3.0687241,normal
1461146706413,2016-04-20 20:05:06.413,5.521359,-4.6205583,2.6894017,normal
1461146706421,2016-04-20 20:05:06.421,5.8388028,-2.6199471,1.83815,normal
1461146706429,2016-04-20 20:05:06.429,5.6489976,-4.236093,2.0398256,normal
1461146706441,2016-04-20 20:05:06.441,5.6902376,-3.8039924,3.6743416,normal
1461146706449,2016-04-20 20:05:06.449,5.1336768,-3.0947655,2.4382842,normal
1461146706461,2016-04-20 20:05:06.461,4.075776,-4.3476474,2.3981428,normal
1461146706473,2016-04-20 20:05:06.473,5.3410124,-3.3683759,3.2328617,normal
1461146706485,2016-04-20 20:05:06.485,4.4156522,-5.0279079,2.5162756,normal
1461146706494,2016-04-20 20:05:06.494,4.0598097,-4.0153957,3.1804863,normal
1461146706506,2016-04-20 20:05:06.506,3.7522952,-5.3004828,3.6955758,normal
1461146706518,2016-04-20 20:05:06.518,4.6879413,-8.8623283,-0.6384337,normal
1461146706528,2016-04-20 20:05:06.528,3.4975452,-7.9867192,0.3595862,normal
1461146706538,2016-04-20 20:05:06.538,4.009278,-8.2700697,0.1994803,normal
1461146706546,2016-04-20 20:05:06.546,3.614968,-8.4993353,0.1142229,normal
1461146706554,2016-04-20 20:05:06.554,4.0861304,-9.7882054,0.9668291,normal
1461146706562,2016-04-20 20:05:06.562,4.05453,-8.5909256,0.9455564,normal
1461146706570,2016-04-20 20:05:06.570,3.832346,-9.2547014,0.1975525,normal
1461146706578,2016-04-20 20:05:06.578,4.5208038,-9.0703857,-0.5083958,normal
1461146706590,2016-04-20 20:05:06.590,3.7386885,-8.1285537,-0.023104,normal
1461146706602,2016-04-20 20:05:06.602,3.7894778,-8.7665577,0.7345285,normal
1461146706613,2016-04-20 20:05:06.613,3.1574918,-7.6447527,0.2696252,normal
1461146706623,2016-04-20 20:05:06.623,4.421616,-8.8437211,-0.6120718,normal
1461146706634,2016-04-20 20:05:06.634,3.9533838,-8.3709235,-0.3792171,normal
1461146706643,2016-04-20 20:05:06.643,4.1602533,-8.8549784,-0.0286071,normal
1461146706655,2016-04-20 20:05:06.655,4.2479191,-8.0355381,0.9942617,normal
1461146706663,2016-04-20 20:05:06.663,3.2408653,-7.7038057,-0.0550662,normal
1461146706674,2016-04-20 20:05:06.674,4.4294626,-8.8091792,0.2153946,normal
1461146706682,2016-04-20 20:05:06.682,3.9477108,-7.8784246,1.5743626,normal
1461146706693,2016-04-20 20:05:06.693,2.9927148,-9.3907047,1.5347314,normal
1461146706705,2016-04-20 20:05:06.705,3.2509116,-7.8033708,2.0489104,normal
1461146706714,2016-04-20 20:05:06.714,3.3989349,-8.9605683,0.6708415,normal
1461146706726,2016-04-20 20:05:06.726,3.3122855,-8.1148425,0.7901783,normal
1461146706738,2016-04-20 20:05:06.738,4.7700948,-9.0575393,0.8132688,normal
1461146706748,2016-04-20 20:05:06.748,3.9060161,-8.6658244,1.7340588,normal
1461146706760,2016-04-20 20:05:06.760,5.5009034,-8.7542383,0.4967399,normal
1461146706769,2016-04-20 20:05:06.769,4.0228837,-9.7304787,0.9264498,normal
1461146706781,2016-04-20 20:05:06.781,5.4021834,-9.687355,-1.101834,normal
1461146706791,2016-04-20 20:05:06.791,6.3998964,-11.0580391,-1.1700715,normal
1461146706801,2016-04-20 20:05:06.801,5.8553942,-11.398011,-0.689032,normal
1461146706810,2016-04-20 20:05:06.810,5.9612703,-10.658487,-2.0066291,normal
1461146706821,2016-04-20 20:05:06.821,6.9343185,-11.9865752,-2.2137038,normal
1461146706829,2016-04-20 20:05:06.829,6.7846994,-12.5350974,-0.8055973,normal
1461146706841,2016-04-20 20:05:06.841,5.6590179,-10.9017991,-0.8221975,normal
1461146706849,2016-04-20 20:05:06.849,5.4406995,-10.0127393,-0.7708699,normal
1461146706859,2016-04-20 20:05:06.859,6.4124547,-10.3247378,-0.5621369,normal
1461146706871,2016-04-20 20:05:06.871,6.9451299,-10.6563678,-0.7211532,normal
1461146706880,2016-04-20 20:05:06.880,5.8144622,-10.1017476,-0.6777974,normal
1461146706889,2016-04-20 20:05:06.889,4.7569669,-9.990914,0.8968573,normal
1461146706898,2016-04-20 20:05:06.898,6.0631962,-9.7031093,-0.6531155,normal
1461146706906,2016-04-20 20:05:06.906,4.7389752,-9.905819,-0.2563876,normal
1461146706918,2016-04-20 20:05:06.918,5.4467939,-8.9432374,0.4395434,normal
1461146706930,2016-04-20 20:05:06.930,4.6124963,-10.9503235,-1.0671118,normal
1461146706942,2016-04-20 20:05:06.942,4.1071965,-10.5376647,-0.4137701,normal
1461146706953,2016-04-20 20:05:06.953,4.8735062,-11.6192741,-1.9970054,normal
1461146706994,2016-04-20 20:05:06.994,4.8633042,-12.309407,-2.9746504,normal
1461146707002,2016-04-20 20:05:07.002,5.126343,-8.7347207,-1.9878356,normal
1461146707011,2016-04-20 20:05:07.011,4.9289616,-7.4400894,-2.3158832,normal
1461146707020,2016-04-20 20:05:07.020,4.5979423,-6.9270276,-1.0929384,normal
1461146707028,2016-04-20 20:05:07.028,5.2959593,-7.3272184,-2.3209249,normal
1461146707036,2016-04-20 20:05:07.036,3.5723945,-6.9714597,-2.1604471,normal
1461146707048,2016-04-20 20:05:07.048,3.635677,-6.8157353,-0.4850925,normal
1461146707060,2016-04-20 20:05:07.060,3.5393362,-6.4364284,-0.3380612,normal
1461146707072,2016-04-20 20:05:07.072,4.5526743,-5.7878081,-0.5468229,normal
1461146707081,2016-04-20 20:05:07.081,3.8125366,-5.7510432,0.11198,normal
1461146707091,2016-04-20 20:05:07.091,5.124555,-7.0875643,-0.1290936,normal
1461146707099,2016-04-20 20:05:07.099,4.4680406,-5.7807335,-0.9413612,normal
1461146707107,2016-04-20 20:05:07.107,4.2998885,-7.4534439,0.1576114,normal
1461146707116,2016-04-20 20:05:07.116,4.8457699,-6.9468081,-0.5612807,normal
1461146707124,2016-04-20 20:05:07.124,5.5623573,-7.1229108,-0.5381769,normal
1461146707134,2016-04-20 20:05:07.134,4.429045,-6.1424793,0.9491645,normal
1461146707145,2016-04-20 20:05:07.145,4.8904442,-6.1084133,0.8551528,normal
1461146707155,2016-04-20 20:05:07.155,5.5550319,-6.1563276,1.2198376,normal
1461146707163,2016-04-20 20:05:07.163,5.0660974,-5.6293708,1.4888675,normal
1461146707174,2016-04-20 20:05:07.174,6.3141006,-5.6832455,0.9512673,normal
1461146707184,2016-04-20 20:05:07.184,6.1020824,-7.0929673,1.0812942,normal
1461146707194,2016-04-20 20:05:07.194,4.9175525,-7.1779424,0.533636,normal
1461146707204,2016-04-20 20:05:07.204,6.1037646,-7.3580427,0.5693663,normal
1461146707214,2016-04-20 20:05:07.214,5.4034984,-7.4736862,0.7889868,normal
1461146707223,2016-04-20 20:05:07.223,6.608262,-7.3339805,0.714638,normal
1461146707233,2016-04-20 20:05:07.233,6.5058875,-6.1717535,1.3843152,normal
1461146707242,2016-04-20 20:05:07.242,6.2774424,-7.1650781,1.6750043,normal
1461146707254,2016-04-20 20:05:07.254,5.9755195,-5.8170078,2.1242171,normal
1461146707265,2016-04-20 20:05:07.265,6.9470551,-6.0144864,1.3940641,normal
1461146707276,2016-04-20 20:05:07.276,5.9734884,-7.5984645,2.1688222,normal
1461146707284,2016-04-20 20:05:07.284,7.1107218,-6.1952003,0.8319416,normal
1461146707292,2016-04-20 20:05:07.292,5.7275945,-7.8016999,0.9090683,normal
1461146707304,2016-04-20 20:05:07.304,6.9252437,-7.0250248,1.9330684,normal
1461146707312,2016-04-20 20:05:07.312,6.3691421,-6.3105125,1.087854,normal
1461146707324,2016-04-20 20:05:07.324,7.7037404,-7.6695755,2.6650031,normal
1461146707335,2016-04-20 20:05:07.335,7.535246,-6.6429079,2.2369325,normal
1461146707344,2016-04-20 20:05:07.344,7.7647942,-6.8393984,0.8928617,normal
1461146707353,2016-04-20 20:05:07.353,6.2737919,-7.738469,1.3725641,normal
1461146707363,2016-04-20 20:05:07.363,7.0479875,-8.2951718,1.1246693,normal
1461146707375,2016-04-20 20:05:07.375,7.5077091,-9.8739872,0.5839231,normal
1461146707383,2016-04-20 20:05:07.383,7.253467,-10.8423312,0.0343087,normal
1461146707391,2016-04-20 20:05:07.391,6.8785038,-10.5142299,1.2090287,normal
1461146707401,2016-04-20 20:05:07.401,8.4636532,-11.4891723,0.4674951,normal
1461146707410,2016-04-20 20:05:07.410,7.0342218,-12.0179919,-0.2670032,normal
1461146707421,2016-04-20 20:05:07.421,7.0863586,-10.9986715,-0.3511173,normal
1461146707429,2016-04-20 20:05:07.429,7.6264316,-11.0098583,-6.046E-4,normal
1461146707441,2016-04-20 20:05:07.441,6.9650686,-12.2875484,0.2889406,normal
1461146707452,2016-04-20 20:05:07.452,7.7341953,-11.8353212,-1.6302165,normal
1461146707464,2016-04-20 20:05:07.464,7.9088843,-12.0713301,-1.571418,normal
1461146707475,2016-04-20 20:05:07.475,6.3744721,-12.3463703,-0.176599,normal
1461146707484,2016-04-20 20:05:07.484,6.1611577,-11.5845747,-1.0200369,normal
1461146707496,2016-04-20 20:05:07.496,5.8137257,-11.7313532,-1.1950635,normal
1461146707508,2016-04-20 20:05:07.508,6.0186834,-11.8980287,-1.0087326,normal
1461146707519,2016-04-20 20:05:07.519,6.9062188,-11.4595593,-2.2013606,normal
1461146707529,2016-04-20 20:05:07.529,6.6552723,-11.4485654,-1.2293143,normal
1461146707537,2016-04-20 20:05:07.537,6.9327689,-10.9463764,-1.3297925,normal
1461146707549,2016-04-20 20:05:07.549,6.4132488,-12.856233,-1.7866221,normal
1461146707561,2016-04-20 20:05:07.561,5.2417661,-12.6166602,-3.0918869,normal
1461146707573,2016-04-20 20:05:07.573,5.3524514,-12.7611606,-2.7481082,normal
1461146707584,2016-04-20 20:05:07.584,5.4879642,-14.3001966,-4.0332511,normal
1461146707596,2016-04-20 20:05:07.596,5.0052036,-15.0091842,-4.2485547,normal
1461146707606,2016-04-20 20:05:07.606,5.3315405,-13.6643497,-3.9367557,normal
1461146707617,2016-04-20 20:05:07.617,6.0663275,-14.9828787,-5.3333672,normal
1461146707627,2016-04-20 20:05:07.627,6.1034502,-14.2877176,-5.4501198,normal
1461146707635,2016-04-20 20:05:07.635,4.8548574,-14.4813637,-3.9409297,normal
1461146707643,2016-04-20 20:05:07.643,4.3602585,-15.4412446,-5.2374526,normal
1461146707654,2016-04-20 20:05:07.654,4.4164941,-14.26797,-5.2766761,normal
1461146707663,2016-04-20 20:05:07.663,5.1354026,-14.1463858,-5.2294895,normal
1461146707674,2016-04-20 20:05:07.674,4.2507894,-15.267706,-4.020517,normal
1461146707686,2016-04-20 20:05:07.686,4.460198,-15.3989483,-5.1816301,normal
1461146707695,2016-04-20 20:05:07.695,4.8215834,-13.6566314,-5.1148842,normal
1461146707707,2016-04-20 20:05:07.707,4.6570953,-14.0589627,-4.702493,normal
1461146707718,2016-04-20 20:05:07.718,4.7922319,-14.3389522,-3.9710848,normal
1461146707728,2016-04-20 20:05:07.728,4.9561086,-13.914117,-5.7699787,normal
1461146707738,2016-04-20 20:05:07.738,4.827299,-14.1334077,-4.1750739,normal
1461146707750,2016-04-20 20:05:07.750,5.6782298,-13.3152707,-4.2712383,normal
1461146707760,2016-04-20 20:05:07.760,5.0490799,-14.0258652,-5.7128123,normal
1461146707770,2016-04-20 20:05:07.770,6.2631549,-14.3143749,-5.7442531,normal
1461146707780,2016-04-20 20:05:07.780,6.4775713,-13.1369705,-4.9998323,normal
1461146707792,2016-04-20 20:05:07.792,4.9872569,-13.5002857,-4.2318416,normal
1461146707803,2016-04-20 20:05:07.803,4.7968888,-13.5875195,-3.5973645,normal
1461146707815,2016-04-20 20:05:07.815,6.2966053,-15.1670836,-4.3741866,normal
1461146707827,2016-04-20 20:05:07.827,5.7129668,-13.7980592,-4.0396735,normal
1461146707839,2016-04-20 20:05:07.839,5.2809231,-14.7179141,-3.4387122,normal
1461146707849,2016-04-20 20:05:07.849,4.8353062,-15.0537952,-2.9323419,normal
1461146707860,2016-04-20 20:05:07.860,3.0097008,-14.8494412,-3.1429749,normal
1461146707868,2016-04-20 20:05:07.868,3.334428,-14.7387356,-1.2872131,normal
1461146707879,2016-04-20 20:05:07.879,3.4133247,-12.9508693,-1.6565369,normal
1461146707891,2016-04-20 20:05:07.891,3.0460683,-14.6299222,-1.8194998,normal
1461146707903,2016-04-20 20:05:07.903,1.9207911,-14.3141363,-1.0770562,normal
1461146707913,2016-04-20 20:05:07.913,2.2042057,-13.0705076,0.3392407,normal
1461146707924,2016-04-20 20:05:07.924,1.3454731,-13.1983182,0.2162897,normal
1461146707932,2016-04-20 20:05:07.932,0.732437,-14.0294609,1.2933929,normal
1461146707944,2016-04-20 20:05:07.944,-0.27347,-14.7254846,0.3767099,normal
1461146707955,2016-04-20 20:05:07.955,0.8673891,-14.0198442,1.6702081,normal
1461146707964,2016-04-20 20:05:07.964,-0.3011811,-14.1984954,1.0410621,normal
1461146707972,2016-04-20 20:05:07.972,1.2694882,-13.3664795,0.8306832,normal
1461146707980,2016-04-20 20:05:07.980,1.227148,-12.9327427,0.9504961,normal
1461146707989,2016-04-20 20:05:07.989,0.4814775,-12.8820354,0.9669398,normal
1461146707993,2016-04-20 20:05:07.993,0.4433906,-12.6469515,0.2230636,normal
1461146708005,2016-04-20 20:05:08.005,3.8157679,-8.1446012,2.7532736,normal
1461146708017,2016-04-20 20:05:08.017,4.15949,-8.2626857,2.3717324,normal
1461146708026,2016-04-20 20:05:08.026,5.2259426,-7.6201732,3.3654479,normal
1461146708034,2016-04-20 20:05:08.034,4.5919036,-8.4537196,2.8830162,normal
1461146708045,2016-04-20 20:05:08.045,5.2845484,-7.9005143,1.8147596,normal
1461146708054,2016-04-20 20:05:08.054,3.9413095,-7.4261772,2.4737552,normal
1461146708064,2016-04-20 20:05:08.064,4.2467782,-8.5895934,3.194096,normal
1461146708076,2016-04-20 20:05:08.076,5.6174294,-8.2440731,1.6102429,normal
1461146708087,2016-04-20 20:05:08.087,5.6338254,-9.0176742,1.4824149,normal
1461146708097,2016-04-20 20:05:08.097,5.2082453,-7.4386319,1.942953,normal
1461146708107,2016-04-20 20:05:08.107,5.9010829,-8.157881,1.4192146,normal
1461146708118,2016-04-20 20:05:08.118,4.8324021,-8.7209143,0.5447506,normal
1461146708126,2016-04-20 20:05:08.126,4.5828624,-9.3498004,0.4729038,normal
1461146708136,2016-04-20 20:05:08.136,5.6615024,-8.740142,0.8254081,normal
1461146708144,2016-04-20 20:05:08.144,5.5943214,-8.5188749,0.9343305,normal
1461146708154,2016-04-20 20:05:08.154,5.8923939,-8.0435566,-0.2380088,normal
1461146708163,2016-04-20 20:05:08.163,5.131286,-8.572558,-0.5256521,normal
1461146708174,2016-04-20 20:05:08.174,6.5196319,-8.9719743,0.5374955,normal
1461146708183,2016-04-20 20:05:08.183,5.6621741,-9.4569773,-1.1264093,normal
1461146708194,2016-04-20 20:05:08.194,6.3044861,-7.8915012,-1.1464011,normal
1461146708205,2016-04-20 20:05:08.205,5.6035945,-9.4601706,-1.5618607,normal
1461146708216,2016-04-20 20:05:08.216,5.8642739,-9.5009846,-1.0723233,normal
1461146708224,2016-04-20 20:05:08.224,5.8299852,-7.8423168,-0.9058564,normal
1461146708235,2016-04-20 20:05:08.235,5.2214119,-9.0792766,-1.1522444,normal
1461146708243,2016-04-20 20:05:08.243,5.8881493,-8.0921382,0.1563539,normal
1461146708254,2016-04-20 20:05:08.254,6.5970427,-7.9034232,-1.782477,normal
1461146708266,2016-04-20 20:05:08.266,6.3923047,-8.8835173,-0.7131136,normal
1461146708274,2016-04-20 20:05:08.274,6.634924,-9.4866662,-1.888199,normal
1461146708286,2016-04-20 20:05:08.286,6.8059998,-8.8583123,-1.2250859,normal
1461146708297,2016-04-20 20:05:08.297,5.3601428,-8.8180097,-2.7637444,normal
1461146708305,2016-04-20 20:05:08.305,6.1153617,-8.8816657,-2.637166,normal
1461146708316,2016-04-20 20:05:08.316,6.4850553,-7.8130799,-2.5713206,normal
1461146708328,2016-04-20 20:05:08.328,6.4473184,-9.2152587,-2.7203716,normal
1461146708339,2016-04-20 20:05:08.339,6.1031195,-7.8225726,-2.4852293,normal
1461146708350,2016-04-20 20:05:08.350,5.1361493,-9.0152018,-0.9585067,normal
1461146708360,2016-04-20 20:05:08.360,6.2240219,-8.5944499,-1.221174,normal
1461146708370,2016-04-20 20:05:08.370,5.0334931,-7.5332046,-1.5560526,normal
1461146708378,2016-04-20 20:05:08.378,5.2322549,-9.1627059,-2.3263893,normal
1461146708388,2016-04-20 20:05:08.388,5.1304132,-8.4799016,-2.2801641,normal
1461146708396,2016-04-20 20:05:08.396,6.9535568,-7.836824,-2.4548979,normal
1461146708407,2016-04-20 20:05:08.407,5.8966814,-9.2266188,-2.7529633,normal
1461146708419,2016-04-20 20:05:08.419,5.8337442,-8.0522554,-2.6616709,normal
1461146708430,2016-04-20 20:05:08.430,5.8870857,-7.0370983,-2.5094907,normal
1461146708440,2016-04-20 20:05:08.440,6.7657525,-7.3538947,-3.2450283,normal
1461146708452,2016-04-20 20:05:08.452,5.9879687,-8.2809811,-3.1876468,normal
1461146708463,2016-04-20 20:05:08.463,6.1142104,-8.2493695,-1.5749436,normal
1461146708474,2016-04-20 20:05:08.474,5.286949,-7.958218,-1.4943001,normal
1461146708486,2016-04-20 20:05:08.486,6.2885936,-6.9446614,-1.710947,normal
1461146708498,2016-04-20 20:05:08.498,5.207945,-7.0918143,-3.1621537,normal
1461146708509,2016-04-20 20:05:08.509,6.706197,-7.2555621,-2.5251953,normal
1461146708517,2016-04-20 20:05:08.517,5.6939447,-7.9774428,-2.9188836,normal
1461146708525,2016-04-20 20:05:08.525,5.7332356,-6.773468,-3.4162179,normal
1461146708537,2016-04-20 20:05:08.537,6.7802951,-6.5452117,-1.7676553,normal
1461146708549,2016-04-20 20:05:08.549,5.5829523,-7.4571534,-3.4379121,normal
1461146708558,2016-04-20 20:05:08.558,5.6141707,-6.6967894,-1.9223172,normal
1461146708569,2016-04-20 20:05:08.569,7.1289048,-7.5587976,-3.6067104,normal
1461146708579,2016-04-20 20:05:08.579,7.2940044,-7.9020317,-2.5574975,normal
1461146708588,2016-04-20 20:05:08.588,5.9419062,-7.2296148,-3.6903836,normal
1461146708600,2016-04-20 20:05:08.600,7.0872606,-7.0001672,-2.8384541,normal
1461146708608,2016-04-20 20:05:08.608,6.1064008,-7.5940369,-2.6490402,normal
1461146708616,2016-04-20 20:05:08.616,5.7065856,-5.8147551,-2.4907485,normal
1461146708628,2016-04-20 20:05:08.628,6.1414852,-7.197748,-2.4286087,normal
1461146708639,2016-04-20 20:05:08.639,6.6483915,-7.1531746,-1.9739483,normal
1461146708648,2016-04-20 20:05:08.648,6.9383063,-7.2534386,-3.0173657,normal
1461146708659,2016-04-20 20:05:08.659,6.4802618,-6.6955577,-2.4086283,normal
1461146708670,2016-04-20 20:05:08.670,6.4686173,-6.1073835,-2.8796198,normal
1461146708680,2016-04-20 20:05:08.680,7.3809428,-7.1406101,-1.6774058,normal
1461146708691,2016-04-20 20:05:08.691,6.4915844,-6.7682785,-2.281182,normal
1461146708699,2016-04-20 20:05:08.699,7.4139346,-7.0226034,-2.743636,normal
1461146708707,2016-04-20 20:05:08.707,6.2970354,-6.3668249,-2.5609486,normal
1461146708717,2016-04-20 20:05:08.717,6.2722222,-6.1695547,-1.5979072,normal
1461146708726,2016-04-20 20:05:08.726,6.467424,-6.9599953,-1.5432891,normal
1461146708737,2016-04-20 20:05:08.737,6.8018874,-6.2144627,-1.1645205,normal
1461146708747,2016-04-20 20:05:08.747,5.8763279,-6.4705862,-1.8945167,normal
1461146708757,2016-04-20 20:05:08.757,5.6856021,-6.4447642,-2.1475054,normal
1461146708768,2016-04-20 20:05:08.768,7.4668246,-6.2978093,-1.5926226,normal
1461146708776,2016-04-20 20:05:08.776,7.1262032,-6.3678116,-2.6065094,normal
1461146708787,2016-04-20 20:05:08.787,5.6177702,-6.1540661,-1.1276496,normal
1461146708795,2016-04-20 20:05:08.795,7.0598335,-7.9427085,-2.5875009,normal
1461146708803,2016-04-20 20:05:08.803,6.4268883,-7.2034006,-1.7906177,normal
1461146708815,2016-04-20 20:05:08.815,6.4547069,-7.8651385,-2.5008282,normal
1461146708824,2016-04-20 20:05:08.824,6.5893188,-6.9899744,-2.4877032,normal
1461146708835,2016-04-20 20:05:08.835,6.2165817,-6.4718348,-3.1887625,normal
1461146708845,2016-04-20 20:05:08.845,6.630073,-6.732361,-1.7023867,normal
1461146708853,2016-04-20 20:05:08.853,7.0226025,-7.7019792,-2.8259238,normal
1461146708863,2016-04-20 20:05:08.863,6.2541272,-8.4424765,-2.6149404,normal
1461146708871,2016-04-20 20:05:08.871,6.7219038,-8.3314019,-3.201022,normal
1461146708882,2016-04-20 20:05:08.882,6.737461,-7.7083506,-2.0873638,normal
1461146708894,2016-04-20 20:05:08.894,5.6685157,-8.0249477,-1.9349076,normal
1461146708902,2016-04-20 20:05:08.902,4.8423532,-8.8372903,-2.6705684,normal
1461146708913,2016-04-20 20:05:08.913,4.8595188,-8.0137239,-3.5952469,normal
1461146708921,2016-04-20 20:05:08.921,5.7269628,-9.0019526,-2.486879,normal
1461146708932,2016-04-20 20:05:08.932,5.9785359,-8.1603454,-3.5638392,normal
1461146708944,2016-04-20 20:05:08.944,5.6526121,-8.1752013,-2.9704316,normal
1461146708955,2016-04-20 20:05:08.955,5.5959849,-8.6580694,-3.7571088,normal
1461146708965,2016-04-20 20:05:08.965,6.0971254,-9.8272597,-4.3607099,normal
1461146708992,2016-04-20 20:05:08.992,5.9898696,-9.3067955,-4.7490756,normal
