1461146704996,2016-04-20 20:05:04.996,5.5680894,-8.2027546,5.3550998,normal
1461146705000,2016-04-20 20:05:05.000,8.7721107,-3.8303535,3.6787466,normal
1461146705007,2016-04-20 20:05:05.007,7.6540919,-4.4680199,4.4328745,normal
1461146705013,2016-04-20 20:05:05.013,8.8420654,-3.1894993,4.0957286,normal
1461146705017,2016-04-20 20:05:05.017,8.229237,-2.9153387,4.4173736,normal
1461146705024,2016-04-20 20:05:05.024,7.2845553,-3.5856288,4.2189071,normal
1461146705029,2016-04-20 20:05:05.029,8.0746125,-1.8730233,2.8795146,normal
1461146705032,2016-04-20 20:05:05.032,8.2562532,-2.3955238,4.1826175,normal
1461146705035,2016-04-20 20:05:05.035,8.3947421,-1.9279946,3.8213101,normal
1461146705041,2016-04-20 20:05:05.041,8.9457921,-2.0278678,3.900021,normal
1461146705048,2016-04-20 20:05:05.048,8.8397026,-2.4272393,4.0834937,normal
1461146705054,2016-04-20 20:05:05.054,7.7651668,-3.2792699,2.4375269,normal
1461146705060,2016-04-20 20:05:05.060,8.6643836,-2.8896499,3.4742689,normal
1461146705067,2016-04-20 20:05:05.067,9.0162547,-3.5544029,3.3947416,normal
1461146705070,2016-04-20 20:05:05.070,9.2830325,-3.7740296,2.6599681,normal
1461146705077,2016-04-20 20:05:05.077,8.8921604,-3.7078665,3.254064,normal
1461146705081,2016-04-20 20:05:05.081,8.2090803,-4.0230619,3.4129824,normal
1461146705088,2016-04-20 20:05:05.088,8.0348804,-4.6261793,2.4707101,normal
1461146705091,2016-04-20 20:05:05.091,8.3864684,-4.0472833,3.250755,normal
1461146705096,2016-04-20 20:05:05.096,9.9186193,-3.5960325,4.4405479,normal
1461146705101,2016-04-20 20:05:05.101,8.6156213,-0.9983217,4.6371015,normal
1461146705108,2016-04-20 20:05:05.108,8.0854924,-1.8239252,3.4519624,normal
1461146705114,2016-04-20 20:05:05.114,9.5507362,-1.4783232,3.4003291,normal
1461146705121,2016-04-20 20:05:05.121,8.289482,-2.2226259,4.6992778,normal
1461146705127,2016-04-20 20:05:05.127,7.9491527,-2.762793,4.703711,normal
1461146705130,2016-04-20 20:05:05.130,8.7967808,-3.9073659,5.1040264,normal
1461146705133,2016-04-20 20:05:05.133,7.7902865,-4.4649576,3.9454352,normal
1461146705136,2016-04-20 20:05:05.136,7.9265285,-4.2960766,4.1016265,normal
1461146705141,2016-04-20 20:05:05.141,8.6268748,-4.3534592,4.5854207,normal
1461146705144,2016-04-20 20:05:05.144,9.1945641,-4.6174564,4.9045271,normal
1461146705151,2016-04-20 20:05:05.151,8.0619824,-3.0261707,3.5282303,normal
1461146705155,2016-04-20 20:05:05.155,9.1456694,-3.5007958,4.1373374,normal
1461146705162,2016-04-20 20:05:05.162,8.5308346,-3.8594962,3.7170879,normal
1461146705165,2016-04-20 20:05:05.165,7.5678101,-3.5856712,5.0601028,normal
1461146705168,2016-04-20 20:05:05.168,8.1128737,-2.5706586,3.3066121,normal
1461146705174,2016-04-20 20:05:05.174,8.2786357,-3.2499859,3.7909911,normal
1461146705178,2016-04-20 20:05:05.178,7.9847578,-3.4602135,3.4654421,normal
1461146705183,2016-04-20 20:05:05.183,8.6250316,-3.8353591,4.468185,normal
1461146705190,2016-04-20 20:05:05.190,8.2858294,-3.2177297,3.025451,normal
1461146705194,2016-04-20 20:05:05.194,9.1140315,-3.8846249,4.6492969,normal
1461146705199,2016-04-20 20:05:05.199,8.0956085,-4.6078071,4.4710787,normal
1461146705204,2016-04-20 20:05:05.204,8.077855,-4.0047722,3.5030977,normal
1461146705207,2016-04-20 20:05:05.207,8.0638467,-4.7463573,1.8587876,normal
1461146705210,2016-04-20 20:05:05.210,8.382784,-3.0695341,2.6807217,normal
1461146705214,2016-04-20 20:05:05.214,8.9737419,-3.0635738,4.2045294,normal
1461146705221,2016-04-20 20:05:05.221,8.6897659,-2.1924069,4.4292686,normal
1461146705225,2016-04-20 20:05:05.225,8.8986768,-2.7214608,4.2523117,normal
1461146705231,2016-04-20 20:05:05.231,9.0131713,-3.1653538,3.4983182,normal
1461146705238,2016-04-20 20:05:05.238,7.5409119,-2.4007515,4.6818578,normal
1461146705245,2016-04-20 20:05:05.245,8.5030117,-3.6915931,3.4227992,normal
1461146705249,2016-04-20 20:05:05.249,9.0172114,-2.6807544,4.9710662,normal
1461146705256,2016-04-20 20:05:05.256,8.8126837,-4.4864032,3.5168979,normal
1461146705263,2016-04-20 20:05:05.263,7.9787284,-4.5969681,3.8083413,normal
1461146705268,2016-04-20 20:05:05.268,8.7204458,-2.7613234,4.9958617,normal
1461146705275,2016-04-20 20:05:05.275,8.4992931,-3.1079145,3.6783112,normal
1461146705282,2016-04-20 20:05:05.282,8.8286192,-2.7454232,5.3202151,normal
1461146705287,2016-04-20 20:05:05.287,8.5313508,-3.3621428,4.6180914,normal
1461146705294,2016-04-20 20:05:05.294,8.6443955,-3.2377455,5.3750635,normal
1461146705299,2016-04-20 20:05:05.299,8.6614209,-2.766575,4.8762503,normal
1461146705306,2016-04-20 20:05:05.306,7.6582261,-3.3738811,4.7289276,normal
1461146705309,2016-04-20 20:05:05.309,7.8923404,-2.8730384,5.1502318,normal
1461146705316,2016-04-20 20:05:05.316,8.2596421,-3.5124649,4.4057165,normal
1461146705321,2016-04-20 20:05:05.321,7.7562053,-2.7426497,5.1029758,normal
1461146705327,2016-04-20 20:05:05.327,7.5976822,-3.8958668,5.1470561,normal
1461146705331,2016-04-20 20:05:05.331,7.5897084,-2.9572398,4.7198657,normal
1461146705335,2016-04-20 20:05:05.335,7.4942489,-2.4346715,5.0248894,normal
1461146705342,2016-04-20 20:05:05.342,6.8524576,-2.911253,5.2610114,normal
1461146705345,2016-04-20 20:05:05.345,7.3704558,-3.9057606,4.7173891,normal
1461146705350,2016-04-20 20:05:05.350,7.5252785,-3.1354688,4.9784131,normal
1461146705354,2016-04-20 20:05:05.354,7.9790827,-3.1350553,5.3455435,normal
1461146705357,2016-04-20 20:05:05.357,7.7782967,-2.2454897,5.3539223,normal
1461146705360,2016-04-20 20:05:05.360,7.0287016,-2.3321659,5.4368059,normal
1461146705364,2016-04-20 20:05:05.364,8.5179781,-1.9573776,4.9576977,normal
1461146705370,2016-04-20 20:05:05.370,7.7122356,-2.8471264,5.9112336,normal
1461146705373,2016-04-20 20:05:05.373,7.7564677,-2.2636486,4.3552686,normal
1461146705378,2016-04-20 20:05:05.378,9.1575589,-2.5970916,3.9381468,normal
1461146705381,2016-04-20 20:05:05.381,8.8325098,-1.8105628,4.0950865,normal
1461146705386,2016-04-20 20:05:05.386,9.2112849,-2.6724297,5.2682721,normal
1461146705390,2016-04-20 20:05:05.390,8.228934,-0.5084214,5.0728943,normal
1461146705393,2016-04-20 20:05:05.393,9.164514,-0.8275306,4.6819703,normal
1461146705399,2016-04-20 20:05:05.399,8.8606826,-2.2750911,4.2179969,normal
1461146705402,2016-04-20 20:05:05.402,7.7837007,-1.6626728,3.346746,normal
1461146705407,2016-04-20 20:05:05.407,8.0318517,-2.7031773,3.8730812,normal
1461146705410,2016-04-20 20:05:05.410,9.4528602,-3.0052977,3.1858003,normal
1461146705417,2016-04-20 20:05:05.417,10.0516188,-2.38366,3.5264778,normal
1461146705420,2016-04-20 20:05:05.420,9.6478208,-2.7397184,2.87784,normal
1461146705426,2016-04-20 20:05:05.426,10.0473067,-3.9436771,2.9994616,normal
1461146705432,2016-04-20 20:05:05.432,8.8823382,-2.5814342,2.8182021,normal
1461146705436,2016-04-20 20:05:05.436,9.5558833,-4.036868,2.5859324,normal
1461146705443,2016-04-20 20:05:05.443,9.6279177,-2.7173034,3.4726522,normal
1461146705449,2016-04-20 20:05:05.449,9.8216685,-2.8264992,3.4927968,normal
1461146705452,2016-04-20 20:05:05.452,9.0838835,-2.9528136,4.5839613,normal
1461146705457,2016-04-20 20:05:05.457,7.830274,-4.0977022,4.7115526,normal
1461146705463,2016-04-20 20:05:05.463,8.6420027,-1.957742,3.8791797,normal
1461146705466,2016-04-20 20:05:05.466,8.0919452,-3.4707109,4.2985519,normal
1461146705470,2016-04-20 20:05:05.470,8.6633441,-2.7042432,4.6893313,normal
1461146705476,2016-04-20 20:05:05.476,9.2152234,-2.5764524,5.0672325,normal
1461146705480,2016-04-20 20:05:05.480,10.0004528,-2.2298208,4.7315959,normal
1461146705483,2016-04-20 20:05:05.483,10.0178918,-0.9387733,4.1682625,normal
1461146705489,2016-04-20 20:05:05.489,10.0944456,-2.2506024,4.5459314,normal
1461146705495,2016-04-20 20:05:05.495,10.0130231,-3.1871523,4.0370222,normal
1461146705500,2016-04-20 20:05:05.500,10.2773848,-2.9798191,4.019536,normal
1461146705503,2016-04-20 20:05:05.503,9.3774016,-3.087891,3.7054136,normal
1461146705508,2016-04-20 20:05:05.508,10.1160696,-3.9025817,3.6312281,normal
1461146705515,2016-04-20 20:05:05.515,10.3196531,-2.8034295,3.460925,normal
1461146705518,2016-04-20 20:05:05.518,9.7595963,-1.9869915,4.9766838,normal
1461146705523,2016-04-20 20:05:05.523,10.2083766,-2.2775284,3.2238697,normal
1461146705527,2016-04-20 20:05:05.527,8.93683,-3.3420822,4.4650216,normal
1461146705531,2016-04-20 20:05:05.531,10.2541371,-2.8159379,4.9201204,normal
1461146705534,2016-04-20 20:05:05.534,9.2320084,-2.6884452,4.7501298,normal
1461146705539,2016-04-20 20:05:05.539,10.2953158,-2.2151346,3.5182996,normal
1461146705544,2016-04-20 20:05:05.544,9.1225204,-2.7150439,3.6428856,normal
1461146705551,2016-04-20 20:05:05.551,10.3582788,-3.6003232,4.4895378,normal
1461146705557,2016-04-20 20:05:05.557,9.2883366,-2.4457655,4.891607,normal
1461146705562,2016-04-20 20:05:05.562,9.6005266,-3.565443,5.1031992,normal
1461146705569,2016-04-20 20:05:05.569,9.2758442,-4.4083205,3.7246343,normal
1461146705574,2016-04-20 20:05:05.574,8.5594803,-4.4237289,3.4247438,normal
1461146705581,2016-04-20 20:05:05.581,10.1905137,-4.5294561,4.8470676,normal
1461146705588,2016-04-20 20:05:05.588,10.4822369,-3.0873886,3.9944779,normal
1461146705595,2016-04-20 20:05:05.595,9.2612503,-3.2730227,4.738671,normal
1461146705602,2016-04-20 20:05:05.602,10.2107464,-3.722707,5.7505855,normal
1461146705607,2016-04-20 20:05:05.607,8.9364726,-3.3561021,5.1429902,normal
1461146705610,2016-04-20 20:05:05.610,10.2212143,-2.6696924,4.2300434,normal
1461146705614,2016-04-20 20:05:05.614,9.0473609,-2.8862829,5.2645473,normal
1461146705618,2016-04-20 20:05:05.618,9.5854617,-3.4321429,4.6283976,normal
1461146705624,2016-04-20 20:05:05.624,10.0771681,-4.357018,4.7690677,normal
1461146705629,2016-04-20 20:05:05.629,9.4785662,-3.6618445,5.3891189,normal
1461146705635,2016-04-20 20:05:05.635,8.9727236,-3.2911981,4.1508543,normal
1461146705641,2016-04-20 20:05:05.641,8.9998399,-3.6803395,5.209189,normal
1461146705644,2016-04-20 20:05:05.644,10.4687638,-2.5594422,3.4926836,normal
1461146705651,2016-04-20 20:05:05.651,10.3502926,-3.2747594,4.5181125,normal
1461146705656,2016-04-20 20:05:05.656,9.0148174,-3.3701408,3.9752874,normal
1461146705661,2016-04-20 20:05:05.661,9.1916456,-3.5660361,3.9732618,normal
1461146705667,2016-04-20 20:05:05.667,8.9706242,-3.4910277,3.4191995,normal
1461146705673,2016-04-20 20:05:05.673,8.8827746,-2.8564424,4.5958818,normal
1461146705679,2016-04-20 20:05:05.679,9.5784094,-3.4928625,5.0680934,normal
1461146705686,2016-04-20 20:05:05.686,9.0674246,-1.8347151,3.6622561,normal
1461146705690,2016-04-20 20:05:05.690,9.5768269,-2.1226049,5.3020872,normal
1461146705696,2016-04-20 20:05:05.696,8.3303951,-3.2838853,4.0780126,normal
1461146705699,2016-04-20 20:05:05.699,8.8491506,-2.6192354,5.4299007,normal
1461146705702,2016-04-20 20:05:05.702,8.517315,-2.1830126,5.5457471,normal
1461146705709,2016-04-20 20:05:05.709,7.6489695,-1.9274158,4.9654753,normal
1461146705716,2016-04-20 20:05:05.716,8.620113,-3.1476674,4.5851982,normal
1461146705719,2016-04-20 20:05:05.719,7.5333717,-2.828526,5.0215766,normal
1461146705725,2016-04-20 20:05:05.725,7.0595271,-1.9119386,4.3149087,normal
1461146705730,2016-04-20 20:05:05.730,7.2360928,-3.6381424,4.8196525,normal
1461146705734,2016-04-20 20:05:05.734,8.5186565,-3.0152296,3.5008606,normal
1461146705738,2016-04-20 20:05:05.738,8.0340189,-2.9484778,4.2496401,normal
1461146705742,2016-04-20 20:05:05.742,7.8684789,-2.9662541,3.3877974,normal
1461146705746,2016-04-20 20:05:05.746,7.9140518,-4.0416781,4.3800728,normal
1461146705753,2016-04-20 20:05:05.753,7.569218,-2.3232878,5.3240545,normal
1461146705760,2016-04-20 20:05:05.760,6.8104963,-2.7941365,4.2581416,normal
1461146705767,2016-04-20 20:05:05.767,6.2819167,-2.9312707,5.0323619,normal
1461146705772,2016-04-20 20:05:05.772,7.6740754,-2.8303418,5.8987832,normal
1461146705776,2016-04-20 20:05:05.776,7.0662592,-3.1671388,5.4126742,normal
1461146705780,2016-04-20 20:05:05.780,6.4722982,-2.3167665,5.1971866,normal
1461146705783,2016-04-20 20:05:05.783,6.5002327,-2.0408495,5.1903661,normal
1461146705790,2016-04-20 20:05:05.790,6.1480859,-3.7193583,4.7198568,normal
1461146705795,2016-04-20 20:05:05.795,6.7553198,-2.4963105,4.4611,normal
1461146705800,2016-04-20 20:05:05.800,7.3716677,-3.1420729,6.0044573,normal
1461146705806,2016-04-20 20:05:05.806,6.853124,-3.3660295,5.0055283,normal
1461146705813,2016-04-20 20:05:05.813,6.8099309,-1.7088847,6.0730746,normal
1461146705816,2016-04-20 20:05:05.816,7.3457861,-1.4888885,5.3538236,normal
1461146705820,2016-04-20 20:05:05.820,6.1493078,-1.6926287,4.9398344,normal
1461146705825,2016-04-20 20:05:05.825,6.3323898,-1.739331,5.0593351,normal
1461146705830,2016-04-20 20:05:05.830,7.7612212,-2.9090106,6.0546988,normal
1461146705835,2016-04-20 20:05:05.835,7.6216255,-2.9931907,5.1670462,normal
1461146705840,2016-04-20 20:05:05.840,6.1565141,-3.5356606,6.6905205,normal
1461146705844,2016-04-20 20:05:05.844,6.6198105,-3.2273114,5.9519228,normal
1461146705850,2016-04-20 20:05:05.850,7.6132064,-1.5696264,5.1950379,normal
1461146705855,2016-04-20 20:05:05.855,7.238909,-2.7431379,6.2726868,normal
1461146705860,2016-04-20 20:05:05.860,7.6965251,-3.0680434,5.697886,normal
1461146705866,2016-04-20 20:05:05.866,7.0468607,-2.2890725,6.2444639,normal
1461146705870,2016-04-20 20:05:05.870,7.6374095,-2.1062085,5.270641,normal
1461146705874,2016-04-20 20:05:05.874,7.0059019,-2.4619298,6.8102964,normal
1461146705877,2016-04-20 20:05:05.877,6.394875,-2.279023,7.3638286,normal
1461146705884,2016-04-20 20:05:05.884,7.6779781,-1.5774766,6.4394696,normal
1461146705889,2016-04-20 20:05:05.889,6.1538397,-2.5924877,6.0370014,normal
1461146705894,2016-04-20 20:05:05.894,5.8351457,-3.604645,6.9817887,normal
1461146705899,2016-04-20 20:05:05.899,6.8281502,-3.3900204,7.011296,normal
1461146705902,2016-04-20 20:05:05.902,6.9894405,-3.3457915,6.0262667,normal
1461146705909,2016-04-20 20:05:05.909,7.1538251,-2.7611918,7.6524233,normal
1461146705912,2016-04-20 20:05:05.912,6.3344443,-2.1355629,6.3821995,normal
1461146705917,2016-04-20 20:05:05.917,6.5864798,-4.5899606,5.7020783,normal
1461146705922,2016-04-20 20:05:05.922,6.3755625,-5.0106525,5.1822125,normal
1461146705926,2016-04-20 20:05:05.926,7.9359999,-4.9893543,5.127915,normal
1461146705932,2016-04-20 20:05:05.932,6.5766874,-4.65376,5.9581418,normal
1461146705936,2016-04-20 20:05:05.936,6.8892426,-4.8359705,6.1037659,normal
1461146705940,2016-04-20 20:05:05.940,6.8593263,-4.1244017,5.6037784,normal
1461146705944,2016-04-20 20:05:05.944,6.9416339,-4.8181145,4.4129321,normal
1461146705951,2016-04-20 20:05:05.951,6.5128855,-4.0096502,4.8988048,normal
1461146705954,2016-04-20 20:05:05.954,6.3475172,-5.0969363,5.5984114,normal
1461146705957,2016-04-20 20:05:05.957,6.5861118,-4.8143515,4.1998866,normal
1461146705995,2016-04-20 20:05:05.995,7.4920456,-4.6275244,4.6567606,normal
1461146705998,2016-04-20 20:05:05.998,1.27369,-10.2689175,0.6511492,normal
1461146706005,2016-04-20 20:05:06.005,1.6628569,-10.2388432,-0.7406619,normal
1461146706009,2016-04-20 20:05:06.009,2.2400937,-10.4031684,0.1801434,normal
1461146706014,2016-04-20 20:05:06.014,1.8011119,-10.3803693,0.4417269,normal
1461146706017,2016-04-20 20:05:06.017,1.0657076,-10.8750613,0.1854354,normal
1461146706022,2016-04-20 20:05:06.022,1.4746692,-10.093101,-0.8641835,normal
1461146706025,2016-04-20 20:05:06.025,0.1771851,-9.3928028,-1.5264463,normal
1461146706030,2016-04-20 20:05:06.030,1.6943143,-10.3726038,-1.8447402,normal
1461146706037,2016-04-20 20:05:06.037,2.2072028,-10.4311938,-1.8197593,normal
1461146706044,2016-04-20 20:05:06.044,2.2986673,-10.4212327,-1.857437,normal
1461146706049,2016-04-20 20:05:06.049,2.398663,-9.6618675,-2.227522,normal
1461146706055,2016-04-20 20:05:06.055,2.0438814,-9.796206,-2.285094,normal
1461146706060,2016-04-20 20:05:06.060,2.5508717,-9.4757856,-1.6433194,normal
1461146706064,2016-04-20 20:05:06.064,2.2308823,-10.6543502,-2.4412929,normal
1461146706067,2016-04-20 20:05:06.067,1.879949,-10.2633863,-1.9504967,normal
1461146706072,2016-04-20 20:05:06.072,1.3945959,-10.0015853,-0.9717708,normal
1461146706075,2016-04-20 20:05:06.075,2.385137,-9.6588135,-2.1209286,normal
1461146706081,2016-04-20 20:05:06.081,2.6906854,-9.4955001,-3.1172804,normal
1461146706088,2016-04-20 20:05:06.088,2.6791214,-9.4750832,-1.8227957,normal
1461146706091,2016-04-20 20:05:06.091,2.5929789,-9.0967981,-3.2065013,normal
1461146706095,2016-04-20 20:05:06.095,1.3033315,-9.7620747,-3.4099063,normal
1461146706098,2016-04-20 20:05:06.098,1.826957,-9.4154799,-3.4440138,normal
1461146706104,2016-04-20 20:05:06.104,2.5140573,-10.1014765,-3.5135716,normal
1461146706108,2016-04-20 20:05:06.108,2.0729108,-10.1037451,-3.5555414,normal
1461146706115,2016-04-20 20:05:06.115,2.735213,-9.2882735,-4.3089282,normal
1461146706122,2016-04-20 20:05:06.122,2.7255898,-9.2736763,-3.169265,normal
1461146706129,2016-04-20 20:05:06.129,1.4774713,-10.2007061,-3.3836244,normal
1461146706132,2016-04-20 20:05:06.132,2.068209,-8.9230322,-3.2433607,normal
1461146706135,2016-04-20 20:05:06.135,2.035025,-9.5935203,-4.1638062,normal
1461146706138,2016-04-20 20:05:06.138,1.6536244,-9.9014808,-3.0827113,normal
1461146706142,2016-04-20 20:05:06.142,2.2055458,-9.1647735,-4.3341709,normal
1461146706148,2016-04-20 20:05:06.148,1.4864663,-8.3718672,-2.9227482,normal
1461146706155,2016-04-20 20:05:06.155,1.9000899,-8.767236,-3.2296389,normal
1461146706161,2016-04-20 20:05:06.161,2.0091298,-8.9225409,-4.1621475,normal
1461146706166,2016-04-20 20:05:06.166,1.9317719,-8.8450394,-3.3892124,normal
1461146706173,2016-04-20 20:05:06.173,1.5265351,-9.3611808,-4.0172273,normal
1461146706179,2016-04-20 20:05:06.179,1.6304973,-9.1373657,-4.0710619,normal
1461146706183,2016-04-20 20:05:06.183,3.2495101,-8.1820665,-3.979013,normal
1461146706187,2016-04-20 20:05:06.187,2.892048,-8.0895337,-3.8760925,normal
1461146706192,2016-04-20 20:05:06.192,2.6736406,-8.3870925,-4.958111,normal
1461146706196,2016-04-20 20:05:06.196,2.2679464,-8.9463467,-5.3686373,normal
1461146706200,2016-04-20 20:05:06.200,2.4836052,-7.6677578,-5.2982206,normal
1461146706207,2016-04-20 20:05:06.207,1.8283112,-8.7344361,-5.3951931,normal
1461146706210,2016-04-20 20:05:06.210,2.6597701,-9.0802588,-4.7415253,normal
1461146706213,2016-04-20 20:05:06.213,1.5754389,-7.9210075,-5.9411745,normal
1461146706219,2016-04-20 20:05:06.219,2.8161318,-8.8018033,-4.7270913,normal
1461146706222,2016-04-20 20:05:06.222,2.7892033,-8.7705179,-5.0995723,normal
1461146706229,2016-04-20 20:05:06.229,1.8327378,-7.6660048,-4.803191,normal
1461146706234,2016-04-20 20:05:06.234,3.3166356,-8.9998993,-5.7005357,normal
1461146706241,2016-04-20 20:05:06.241,1.9351662,-7.9439879,-4.6519458,normal
1461146706246,2016-04-20 20:05:06.246,2.1490525,-7.3341268,-4.7448348,normal
1461146706253,2016-04-20 20:05:06.253,2.9415253,-8.2710069,-5.0768574,normal
1461146706258,2016-04-20 20:05:06.258,3.0556553,-7.8388318,-4.0150994,normal
1461146706263,2016-04-20 20:05:06.263,1.5742655,-7.6159076,-4.5594557,normal
1461146706268,2016-04-20 20:05:06.268,3.2279522,-8.452796,-4.217761,normal
1461146706274,2016-04-20 20:05:06.274,2.0054836,-7.3910855,-5.5945682,normal
1461146706280,2016-04-20 20:05:06.280,3.0804693,-7.113523,-5.1248539,normal
1461146706286,2016-04-20 20:05:06.286,3.4834253,-6.8317625,-4.2996365,normal
1461146706290,2016-04-20 20:05:06.290,2.3762982,-6.7170915,-4.1601596,normal
1461146706294,2016-04-20 20:05:06.294,2.1751977,-8.3965377,-4.3967973,normal
1461146706297,2016-04-20 20:05:06.297,3.7894022,-8.1485254,-3.7562457,normal
1461146706302,2016-04-20 20:05:06.302,3.0858096,-8.6085084,-3.9988903,normal
1461146706308,2016-04-20 20:05:06.308,2.2694632,-7.4228634,-3.1684254,normal
1461146706312,2016-04-20 20:05:06.312,3.2444182,-6.9677451,-4.0880298,normal
1461146706317,2016-04-20 20:05:06.317,3.2586226,-8.1839528,-4.1233775,normal
1461146706322,2016-04-20 20:05:06.322,2.8291816,-7.6127882,-3.2034966,normal
1461146706327,2016-04-20 20:05:06.327,2.90407,-7.8801213,-3.5056264,normal
1461146706333,2016-04-20 20:05:06.333,2.4460872,-6.5146588,-3.1757037,normal
1461146706337,2016-04-20 20:05:06.337,3.6003802,-6.5371603,-2.7555861,normal
1461146706343,2016-04-20 20:05:06.343,2.8452117,-7.5214181,-4.0101089,normal
1461146706350,2016-04-20 20:05:06.350,2.0418051,-8.1231528,-3.2209593,normal
1461146706354,2016-04-20 20:05:06.354,3.5853354,-8.0285064,-2.9581575,normal
1461146706360,2016-04-20 20:05:06.360,3.0458188,-7.4788332,-3.9617134,normal
1461146706366,2016-04-20 20:05:06.366,2.9106569,-6.972277,-3.8648012,normal
1461146706371,2016-04-20 20:05:06.371,2.5994162,-8.4801267,-3.8617783,normal
1461146706377,2016-04-20 20:05:06.377,1.8722682,-6.7927347,-2.345756,normal
1461146706380,2016-04-20 20:05:06.380,2.2461422,-6.7579166,-2.7739583,normal
1461146706384,2016-04-20 20:05:06.384,2.8411755,-7.1900754,-3.0821914,normal
1461146706388,2016-04-20 20:05:06.388,1.7543573,-6.7700465,-2.5633163,normal
1461146706394,2016-04-20 20:05:06.394,1.524195,-6.9702018,-1.147523,normal
1461146706400,2016-04-20 20:05:06.400,0.3506837,-7.7880788,-2.8504154,normal
1461146706406,2016-04-20 20:05:06.406,0.3120795,-7.1386839,-3.0386701,normal
1461146706409,2016-04-20 20:05:06.409,1.1018382,-6.9588931,-2.4499761,normal
1461146706416,2016-04-20 20:05:06.416,0.7100683,-8.1961105,-3.5442927,normal
1461146706421,2016-04-20 20:05:06.421,0.9369792,-7.9077707,-3.6577015,normal
1461146706425,2016-04-20 20:05:06.425,0.2970735,-9.5784998,-2.7132367,normal
1461146706430,2016-04-20 20:05:06.430,1.0080876,-9.7902178,-1.904326,normal
1461146706433,2016-04-20 20:05:06.433,0.8075709,-8.3131305,-3.1451128,normal
1461146706438,2016-04-20 20:05:06.438,-0.4155612,-9.6784006,-2.8739574,normal
1461146706442,2016-04-20 20:05:06.442,-0.6621948,-9.9370668,-2.4466813,normal
1461146706448,2016-04-20 20:05:06.448,0.5210158,-10.8347169,-2.5826648,normal
1461146706453,2016-04-20 20:05:06.453,-0.061107,-10.5622332,-2.9163583,normal
1461146706459,2016-04-20 20:05:06.459,-1.9976613,-10.8978486,-3.9546298,normal
1461146706464,2016-04-20 20:05:06.464,-1.1865028,-11.8437996,-4.3223702,normal
1461146706467,2016-04-20 20:05:06.467,-2.2830566,-11.7981562,-3.481537,normal
1461146706474,2016-04-20 20:05:06.474,-1.6254464,-10.898066,-4.8507777,normal
1461146706477,2016-04-20 20:05:06.477,-1.4323995,-11.0721965,-4.0142327,normal
1461146706482,2016-04-20 20:05:06.482,-2.2687259,-12.1862317,-5.3926542,normal
1461146706488,2016-04-20 20:05:06.488,-2.3246255,-11.738459,-6.9093342,normal
1461146706494,2016-04-20 20:05:06.494,-3.0595564,-10.3768813,-6.4257582,normal
1461146706501,2016-04-20 20:05:06.501,-2.1513564,-9.6622417,-5.7408585,normal
1461146706506,2016-04-20 20:05:06.506,-1.4983985,-9.4033069,-6.6710616,normal
1461146706512,2016-04-20 20:05:06.512,-1.2567088,-9.1881596,-5.620917,normal
1461146706517,2016-04-20 20:05:06.517,-1.6149289,-10.3972896,-7.33097,normal
1461146706521,2016-04-20 20:05:06.521,-2.0022987,-11.299158,-6.1473659,normal
1461146706527,2016-04-20 20:05:06.527,-2.1002427,-9.8062669,-6.9021102,normal
1461146706534,2016-04-20 20:05:06.534,-1.5392973,-11.0086067,-8.4331532,normal
1461146706540,2016-04-20 20:05:06.540,-1.0762859,-9.672142,-8.4755029,normal
1461146706546,2016-04-20 20:05:06.546,-0.1504407,-9.6913134,-9.8274857,normal
1461146706550,2016-04-20 20:05:06.550,-1.1253945,-9.8129083,-9.7485266,normal
1461146706555,2016-04-20 20:05:06.555,-1.2262395,-8.6236017,-8.9744065,normal
1461146706559,2016-04-20 20:05:06.559,0.1657262,-8.6199317,-8.6285945,normal
1461146706564,2016-04-20 20:05:06.564,0.3780441,-9.2205569,-9.751304,normal
1461146706567,2016-04-20 20:05:06.567,-0.1027658,-7.8781182,-8.7171653,normal
1461146706573,2016-04-20 20:05:06.573,1.0088242,-7.5974376,-9.5713025,normal
1461146706577,2016-04-20 20:05:06.577,0.2777014,-7.074432,-10.7684816,normal
1461146706582,2016-04-20 20:05:06.582,2.1965457,-8.8830187,-10.9392464,normal
1461146706589,2016-04-20 20:05:06.589,2.3902828,-9.3656316,-12.4301763,normal
1461146706595,2016-04-20 20:05:06.595,1.9942651,-8.9171318,-12.0279575,normal
1461146706600,2016-04-20 20:05:06.600,0.9004911,-9.1404867,-11.7335375,normal
1461146706607,2016-04-20 20:05:06.607,1.7922729,-8.8891905,-11.5988488,normal
1461146706610,2016-04-20 20:05:06.610,2.5923108,-7.0987159,-10.8875224,normal
1461146706617,2016-04-20 20:05:06.617,1.9304538,-6.6229642,-9.8180074,normal
1461146706620,2016-04-20 20:05:06.620,1.4055408,-8.3919328,-9.5760087,normal
1461146706627,2016-04-20 20:05:06.627,1.8681277,-7.93642,-9.8285495,normal
1461146706632,2016-04-20 20:05:06.632,2.6578714,-7.1317439,-10.6430129,normal
1461146706636,2016-04-20 20:05:06.636,2.0070932,-8.5969567,-10.3161405,normal
1461146706641,2016-04-20 20:05:06.641,1.1602877,-7.6494962,-10.1144817,normal
1461146706645,2016-04-20 20:05:06.645,0.8162044,-8.6174473,-8.7207041,normal
1461146706650,2016-04-20 20:05:06.650,1.424873,-8.3757549,-8.5476934,normal
1461146706656,2016-04-20 20:05:06.656,1.5674827,-7.2547721,-9.1545915,normal
1461146706659,2016-04-20 20:05:06.659,1.3005526,-7.5069823,-8.2434915,normal
1461146706665,2016-04-20 20:05:06.665,0.1725098,-7.4878039,-7.5230855,normal
1461146706669,2016-04-20 20:05:06.669,0.0557316,-6.7312839,-9.0950663,normal
1461146706675,2016-04-20 20:05:06.675,1.7953344,-7.4043921,-9.5642419,normal
1461146706680,2016-04-20 20:05:06.680,1.716618,-6.0280696,-7.8218149,normal
1461146706686,2016-04-20 20:05:06.686,0.8076664,-5.9946228,-9.2030308,normal
1461146706689,2016-04-20 20:05:06.689,1.8825838,-6.1283088,-7.635179,normal
1461146706693,2016-04-20 20:05:06.693,3.666455,-7.4310568,-7.3013646,normal
1461146706697,2016-04-20 20:05:06.697,3.2854026,-5.5682724,-7.7749082,normal
1461146706701,2016-04-20 20:05:06.701,4.6400169,-5.5740281,-7.1900506,normal
1461146706706,2016-04-20 20:05:06.706,6.0354964,-4.6612747,-7.505995,normal
1461146706713,2016-04-20 20:05:06.713,6.4568453,-4.4123149,-8.8872816,normal
1461146706719,2016-04-20 20:05:06.719,6.9866904,-4.0195524,-9.1282195,normal
1461146706724,2016-04-20 20:05:06.724,7.5482645,-4.5754472,-7.0091926,normal
1461146706730,2016-04-20 20:05:06.730,8.4430782,-4.8892247,-3.7649181,normal
1461146706734,2016-04-20 20:05:06.734,7.0948971,-2.990125,-6.276415,normal
1461146706738,2016-04-20 20:05:06.738,9.110656,-3.6743161,-4.4549854,normal
1461146706745,2016-04-20 20:05:06.745,8.3503642,-3.790932,-4.8856993,normal
1461146706752,2016-04-20 20:05:06.752,8.0548912,-5.1379548,-5.1650708,normal
1461146706758,2016-04-20 20:05:06.758,8.667151,-4.090521,-4.3008376,normal
1461146706764,2016-04-20 20:05:06.764,8.1432207,-5.5190546,-4.0606182,normal
1461146706770,2016-04-20 20:05:06.770,7.1198612,-4.1633876,-2.5424684,normal
1461146706777,2016-04-20 20:05:06.777,6.8151741,-5.4794812,-2.2189418,normal
1461146706782,2016-04-20 20:05:06.782,6.9209221,-5.1905657,-3.1437248,normal
1461146706785,2016-04-20 20:05:06.785,6.5284019,-5.4733269,-1.680239,normal
1461146706791,2016-04-20 20:05:06.791,6.1237089,-5.4197996,-2.6472419,normal
1461146706794,2016-04-20 20:05:06.794,7.239008,-5.4170634,-2.2918444,normal
1461146706797,2016-04-20 20:05:06.797,6.9138965,-4.2197081,-1.2634908,normal
1461146706803,2016-04-20 20:05:06.803,6.9071654,-5.2646944,-1.1854795,normal
1461146706808,2016-04-20 20:05:06.808,6.023273,-5.777496,-0.8410413,normal
1461146706815,2016-04-20 20:05:06.815,5.8887367,-4.6422785,-1.3076086,normal
1461146706821,2016-04-20 20:05:06.821,5.9531697,-6.281606,0.4913564,normal
1461146706824,2016-04-20 20:05:06.824,5.5050116,-5.0772906,-1.1013583,normal
1461146706828,2016-04-20 20:05:06.828,5.7273599,-6.334677,-0.9304254,normal
1461146706834,2016-04-20 20:05:06.834,5.0185043,-5.7786405,-0.2833527,normal
1461146706841,2016-04-20 20:05:06.841,4.999917,-7.1341305,0.1978949,normal
1461146706848,2016-04-20 20:05:06.848,4.8790168,-6.3815359,0.3007725,normal
1461146706851,2016-04-20 20:05:06.851,4.5899702,-7.8785623,0.782664,normal
1461146706858,2016-04-20 20:05:06.858,4.3003108,-7.7193564,1.2824117,normal
1461146706862,2016-04-20 20:05:06.862,5.5032821,-7.0512116,1.9877013,normal
1461146706869,2016-04-20 20:05:06.869,4.0701698,-7.1737176,2.4120764,normal
1461146706876,2016-04-20 20:05:06.876,4.9558011,-7.3836095,2.3573745,normal
1461146706882,2016-04-20 20:05:06.882,3.4690864,-8.9991398,2.9779228,normal
1461146706886,2016-04-20 20:05:06.886,3.4435139,-10.0475939,2.7611667,normal
1461146706889,2016-04-20 20:05:06.889,4.027231,-9.2624076,3.1797211,normal
1461146706892,2016-04-20 20:05:06.892,2.7246073,-10.6217451,2.9906533,normal
1461146706897,2016-04-20 20:05:06.897,3.2269939,-9.841688,2.2536237,normal
1461146706904,2016-04-20 20:05:06.904,2.9548163,-10.1023876,1.6115842,normal
1461146706909,2016-04-20 20:05:06.909,1.741353,-10.6285277,2.5346782,normal
1461146706915,2016-04-20 20:05:06.915,1.6795893,-10.6139708,2.2602843,normal
1461146706922,2016-04-20 20:05:06.922,1.7669484,-11.6086797,3.6734751,normal
1461146706928,2016-04-20 20:05:06.928,2.5933084,-11.9284982,2.6371465,normal
1461146706935,2016-04-20 20:05:06.935,1.4576869,-11.0968766,3.6465346,normal
1461146706939,2016-04-20 20:05:06.939,2.5278541,-11.3985784,2.1741012,normal
1461146706945,2016-04-20 20:05:06.945,1.2176997,-12.1307679,2.4761803,normal
1461146706948,2016-04-20 20:05:06.948,1.9669635,-12.961023,3.0779998,normal
1461146706952,2016-04-20 20:05:06.952,1.9244758,-13.2014171,1.5666658,normal
1461146706955,2016-04-20 20:05:06.955,0.4981392,-13.5749017,2.4914232,normal
1461146706958,2016-04-20 20:05:06.958,0.9082126,-12.9524367,2.5203759,normal
1461146706963,2016-04-20 20:05:06.963,1.3235148,-12.2483321,0.9034602,normal
1461146706994,2016-04-20 20:05:06.994,1.5994164,-13.1184684,1.0876806,normal
1461146706998,2016-04-20 20:05:06.998,18.0529831,-11.834772,-10.7299851,normal
1461146707004,2016-04-20 20:05:07.004,19.3414518,-13.4905712,-10.7260321,normal
1461146707007,2016-04-20 20:05:07.007,18.8961298,-14.0299472,-8.6989416,normal
1461146707013,2016-04-20 20:05:07.013,17.632894,-10.5844669,-6.5189765,normal
1461146707017,2016-04-20 20:05:07.017,16.6424923,-4.3281015,0.7395285,normal
1461146707024,2016-04-20 20:05:07.024,13.1034394,2.8844316,2.6053714,normal
1461146707031,2016-04-20 20:05:07.031,9.7466538,7.866548,3.5100328,normal
1461146707037,2016-04-20 20:05:07.037,10.5000426,1.7392485,6.4086037,normal
1461146707040,2016-04-20 20:05:07.040,10.4366632,-0.5030985,7.2840455,normal
1461146707045,2016-04-20 20:05:07.045,5.777274,0.0523964,7.5630093,normal
1461146707049,2016-04-20 20:05:07.049,4.8243283,1.6541064,9.6744271,normal
1461146707056,2016-04-20 20:05:07.056,5.3809855,3.497459,8.4578744,normal
1461146707063,2016-04-20 20:05:07.063,7.2249799,1.0366688,7.2721467,normal
1461146707070,2016-04-20 20:05:07.070,7.7036557,-2.6563865,6.1430976,normal
1461146707076,2016-04-20 20:05:07.076,6.7150953,-6.3815024,5.442573,normal
1461146707082,2016-04-20 20:05:07.082,6.7309791,-7.2891835,5.8612744,normal
1461146707087,2016-04-20 20:05:07.087,7.3706083,-6.783965,6.1034666,normal
1461146707092,2016-04-20 20:05:07.092,6.6531348,-6.5451787,5.4651402,normal
1461146707096,2016-04-20 20:05:07.096,8.3383427,-7.2295765,4.3238734,normal
1461146707103,2016-04-20 20:05:07.103,9.2347734,-6.7517891,3.3244333,normal
1461146707109,2016-04-20 20:05:07.109,10.7889357,-5.1448541,1.1344323,normal
1461146707114,2016-04-20 20:05:07.114,10.4945198,-5.5279115,1.4583441,normal
1461146707119,2016-04-20 20:05:07.119,9.6908544,-6.9972099,0.2427027,normal
1461146707123,2016-04-20 20:05:07.123,8.6959837,-7.3623072,-0.8724702,normal
1461146707130,2016-04-20 20:05:07.130,7.820149,-9.0225579,-1.379038,normal
1461146707133,2016-04-20 20:05:07.133,7.9425419,-8.9096579,-0.1849542,normal
1461146707138,2016-04-20 20:05:07.138,7.7653177,-9.2341853,-1.111846,normal
1461146707144,2016-04-20 20:05:07.144,8.7529851,-8.1311724,-1.6424177,normal
1461146707147,2016-04-20 20:05:07.147,9.0990105,-7.1534484,-1.7684979,normal
1461146707150,2016-04-20 20:05:07.150,9.3120252,-8.2749577,-1.2530353,normal
1461146707156,2016-04-20 20:05:07.156,10.000566,-8.4777675,-0.4401916,normal
1461146707163,2016-04-20 20:05:07.163,8.8081352,-8.3127414,-0.6075221,normal
1461146707166,2016-04-20 20:05:07.166,8.812492,-9.2676639,-1.8476405,normal
1461146707173,2016-04-20 20:05:07.173,8.5683173,-10.1922388,-1.1151776,normal
1461146707180,2016-04-20 20:05:07.180,6.2097363,-10.5487664,-5.1824423,normal
1461146707185,2016-04-20 20:05:07.185,4.9576273,-11.1680521,-3.5438756,normal
1461146707191,2016-04-20 20:05:07.191,5.0402958,-10.5947837,-4.345636,normal
1461146707198,2016-04-20 20:05:07.198,3.5202138,-10.562035,-3.8739623,normal
1461146707204,2016-04-20 20:05:07.204,4.578265,-9.5477955,-4.8937509,normal
1461146707209,2016-04-20 20:05:07.209,2.9448112,-8.9927307,-4.8490796,normal
1461146707213,2016-04-20 20:05:07.213,3.8488958,-8.1865217,-4.0207869,normal
1461146707217,2016-04-20 20:05:07.217,2.903568,-7.8576696,-4.9869698,normal
1461146707220,2016-04-20 20:05:07.220,3.9134021,-7.8066003,-4.2064468,normal
1461146707224,2016-04-20 20:05:07.224,3.9068565,-8.3217936,-5.6616439,normal
1461146707231,2016-04-20 20:05:07.231,5.1981373,-7.5480831,-4.085638,normal
1461146707238,2016-04-20 20:05:07.238,4.2789547,-8.663134,-5.9196958,normal
1461146707245,2016-04-20 20:05:07.245,4.997532,-8.9744518,-4.6208982,normal
1461146707250,2016-04-20 20:05:07.250,5.5661584,-8.5198568,-4.8234984,normal
1461146707255,2016-04-20 20:05:07.255,3.5830295,-9.4916697,-6.2252342,normal
1461146707259,2016-04-20 20:05:07.259,3.59149,-9.1866532,-5.361098,normal
1461146707266,2016-04-20 20:05:07.266,5.1086576,-9.6651362,-5.8397882,normal
1461146707272,2016-04-20 20:05:07.272,4.8788881,-9.4164242,-4.4490138,normal
1461146707276,2016-04-20 20:05:07.276,5.602003,-9.2138897,-5.0820252,normal
1461146707279,2016-04-20 20:05:07.279,4.9904405,-10.7132263,-4.2175241,normal
1461146707282,2016-04-20 20:05:07.282,6.5130589,-9.4595168,-5.1830903,normal
1461146707286,2016-04-20 20:05:07.286,6.6892561,-9.0851963,-5.8625211,normal
1461146707290,2016-04-20 20:05:07.290,7.2155673,-9.6112857,-6.0963738,normal
1461146707295,2016-04-20 20:05:07.295,7.3083216,-10.5652552,-4.7085466,normal
1461146707302,2016-04-20 20:05:07.302,7.1451683,-11.1949226,-4.3025611,normal
1461146707308,2016-04-20 20:05:07.308,7.360554,-11.9890763,-3.9523552,normal
1461146707315,2016-04-20 20:05:07.315,7.0418449,-12.1865136,-5.2006515,normal
1461146707320,2016-04-20 20:05:07.320,6.4572314,-11.719882,-4.9445214,normal
1461146707327,2016-04-20 20:05:07.327,6.1430991,-11.1046507,-3.8564047,normal
1461146707332,2016-04-20 20:05:07.332,6.3262353,-10.0943726,-5.0377416,normal
1461146707335,2016-04-20 20:05:07.335,6.5200239,-10.4883711,-5.5027263,normal
1461146707342,2016-04-20 20:05:07.342,7.9152857,-11.9021632,-5.1264778,normal
1461146707348,2016-04-20 20:05:07.348,6.9540806,-10.336914,-4.9930148,normal
1461146707353,2016-04-20 20:05:07.353,7.3004508,-12.2433672,-4.4101585,normal
1461146707358,2016-04-20 20:05:07.358,6.0616796,-10.7947082,-3.9199951,normal
1461146707363,2016-04-20 20:05:07.363,6.0778911,-11.4924912,-3.6560391,normal
1461146707367,2016-04-20 20:05:07.367,3.9783647,-11.3238883,-3.801436,normal
1461146707371,2016-04-20 20:05:07.371,4.9739755,-10.9265105,-3.5626923,normal
1461146707375,2016-04-20 20:05:07.375,3.230923,-9.3836154,-2.0102744,normal
1461146707380,2016-04-20 20:05:07.380,2.8622773,-10.5107263,-1.4706762,normal
1461146707385,2016-04-20 20:05:07.385,3.0714866,-10.4072386,-2.7803192,normal
1461146707388,2016-04-20 20:05:07.388,4.2042581,-9.258365,-2.7474151,normal
1461146707391,2016-04-20 20:05:07.391,4.2649518,-9.9898498,-2.1517338,normal
1461146707398,2016-04-20 20:05:07.398,4.3726862,-10.0903571,-1.4715403,normal
1461146707402,2016-04-20 20:05:07.402,3.3914639,-9.3123055,-1.8108707,normal
1461146707409,2016-04-20 20:05:07.409,4.8938039,-10.0433196,-0.4848991,normal
1461146707416,2016-04-20 20:05:07.416,4.2211232,-10.0769336,-0.2176389,normal
1461146707420,2016-04-20 20:05:07.420,4.4650508,-7.971517,0.5941087,normal
1461146707423,2016-04-20 20:05:07.423,4.0351418,-9.1436778,1.4589376,normal
1461146707429,2016-04-20 20:05:07.429,3.4200049,-8.350376,0.8758329,normal
1461146707436,2016-04-20 20:05:07.436,3.6561133,-9.2221205,0.6822144,normal
1461146707441,2016-04-20 20:05:07.441,1.8897664,-7.9801674,0.6190217,normal
1461146707448,2016-04-20 20:05:07.448,2.9866634,-8.7496365,0.4437193,normal
1461146707454,2016-04-20 20:05:07.454,2.3367894,-8.4586414,0.8602436,normal
1461146707459,2016-04-20 20:05:07.459,1.1463789,-8.0909728,1.056084,normal
1461146707462,2016-04-20 20:05:07.462,2.0871704,-8.0990717,0.5904359,normal
1461146707465,2016-04-20 20:05:07.465,1.7356567,-7.4871871,0.6012709,normal
1461146707470,2016-04-20 20:05:07.470,2.4469312,-6.6579709,1.5648542,normal
1461146707475,2016-04-20 20:05:07.475,2.8550136,-6.1547815,2.7109319,normal
1461146707482,2016-04-20 20:05:07.482,2.1665902,-7.1252361,2.0079363,normal
1461146707486,2016-04-20 20:05:07.486,2.214694,-6.21572,3.4258106,normal
1461146707492,2016-04-20 20:05:07.492,3.3852564,-7.4005588,4.0151083,normal
1461146707498,2016-04-20 20:05:07.498,3.5742219,-6.3356028,3.1201241,normal
1461146707503,2016-04-20 20:05:07.503,2.8185619,-6.9914209,3.3099587,normal
1461146707510,2016-04-20 20:05:07.510,1.787042,-6.4160253,3.4291051,normal
1461146707517,2016-04-20 20:05:07.517,3.6136515,-6.7994095,5.0541897,normal
1461146707522,2016-04-20 20:05:07.522,3.746745,-7.5853169,4.0788696,normal
1461146707528,2016-04-20 20:05:07.528,3.3723045,-7.2991203,4.8232951,normal
1461146707533,2016-04-20 20:05:07.533,3.86885,-7.2084219,3.7219277,normal
1461146707536,2016-04-20 20:05:07.536,4.5937018,-6.238695,5.3548206,normal
1461146707540,2016-04-20 20:05:07.540,5.2488696,-6.7581099,4.8691677,normal
1461146707544,2016-04-20 20:05:07.544,4.8296285,-7.0937325,5.1985446,normal
1461146707551,2016-04-20 20:05:07.551,5.9727874,-6.4895887,5.0526653,normal
1461146707557,2016-04-20 20:05:07.557,6.7694778,-6.7661599,5.0329117,normal
1461146707560,2016-04-20 20:05:07.560,6.2030015,-6.7159404,3.7488488,normal
1461146707567,2016-04-20 20:05:07.567,6.5152459,-6.2872726,2.159736,normal
1461146707571,2016-04-20 20:05:07.571,6.4536599,-7.3579187,1.1773832,normal
1461146707578,2016-04-20 20:05:07.578,6.4216301,-8.1209227,1.547031,normal
1461146707581,2016-04-20 20:05:07.581,6.3064392,-9.9457472,0.5245474,normal
1461146707588,2016-04-20 20:05:07.588,4.1178296,-9.4310508,2.0593718,normal
1461146707595,2016-04-20 20:05:07.595,4.0785818,-9.9697138,1.1189139,normal
1461146707602,2016-04-20 20:05:07.602,4.9044653,-9.8693728,0.9452995,normal
1461146707607,2016-04-20 20:05:07.607,3.4021078,-9.8965635,2.2131165,normal
1461146707611,2016-04-20 20:05:07.611,3.8979323,-10.8382296,0.2620939,normal
1461146707617,2016-04-20 20:05:07.617,4.1619533,-11.5585052,-0.5403637,normal
1461146707624,2016-04-20 20:05:07.624,5.9327623,-12.9082998,-3.2807132,normal
1461146707630,2016-04-20 20:05:07.630,5.1877109,-15.2287683,-3.7098547,normal
1461146707633,2016-04-20 20:05:07.633,4.2625703,-14.1699917,-5.1697224,normal
1461146707640,2016-04-20 20:05:07.640,4.1192389,-15.4604517,-7.6681031,normal
1461146707646,2016-04-20 20:05:07.646,2.4129214,-16.102678,-8.1804738,normal
1461146707652,2016-04-20 20:05:07.652,1.2553537,-15.1347348,-8.2987591,normal
1461146707657,2016-04-20 20:05:07.657,1.090339,-14.7782185,-7.9361324,normal
1461146707661,2016-04-20 20:05:07.661,0.2844767,-13.6032403,-7.5142933,normal
1461146707668,2016-04-20 20:05:07.668,-0.1373979,-13.0859158,-8.5875487,normal
1461146707673,2016-04-20 20:05:07.673,1.4677771,-12.2152928,-8.7797695,normal
1461146707677,2016-04-20 20:05:07.677,1.5017369,-11.5854697,-8.9560356,normal
1461146707684,2016-04-20 20:05:07.684,0.9811401,-11.2004956,-10.9398994,normal
1461146707688,2016-04-20 20:05:07.688,2.2295872,-11.8604742,-10.4550236,normal
1461146707694,2016-04-20 20:05:07.694,2.0447027,-11.7494098,-9.9289584,normal
1461146707698,2016-04-20 20:05:07.698,2.2187083,-10.8485821,-10.0311165,normal
1461146707705,2016-04-20 20:05:07.705,2.3817361,-10.5187667,-9.1196097,normal
1461146707712,2016-04-20 20:05:07.712,2.3311487,-9.9836177,-10.3664886,normal
1461146707719,2016-04-20 20:05:07.719,2.0427594,-8.6651309,-9.8922012,normal
1461146707725,2016-04-20 20:05:07.725,3.3212484,-9.5309361,-9.4752848,normal
1461146707731,2016-04-20 20:05:07.731,3.3933655,-9.4584445,-10.2202568,normal
1461146707737,2016-04-20 20:05:07.737,2.6290938,-9.3425154,-10.9779762,normal
1461146707742,2016-04-20 20:05:07.742,4.4869779,-9.4033473,-10.0052438,normal
1461146707746,2016-04-20 20:05:07.746,4.6195696,-8.0654741,-9.5621985,normal
1461146707753,2016-04-20 20:05:07.753,5.4004702,-8.195216,-10.9982631,normal
1461146707758,2016-04-20 20:05:07.758,5.1719768,-8.8136019,-11.7545907,normal
1461146707763,2016-04-20 20:05:07.763,6.6597509,-9.1484839,-12.3082143,normal
1461146707767,2016-04-20 20:05:07.767,7.4706065,-9.6706544,-12.6443878,normal
1461146707772,2016-04-20 20:05:07.772,10.0935514,-10.0401128,-11.9650062,normal
1461146707775,2016-04-20 20:05:07.775,11.1318341,-8.2545234,-12.536663,normal
1461146707779,2016-04-20 20:05:07.779,11.3087348,-7.2812626,-12.3571878,normal
1461146707786,2016-04-20 20:05:07.786,11.5254269,-8.3620841,-13.0016877,normal
1461146707792,2016-04-20 20:05:07.792,11.7453711,-7.7221703,-12.8276363,normal
1461146707796,2016-04-20 20:05:07.796,11.6520214,-9.6462219,-12.2868085,normal
1461146707801,2016-04-20 20:05:07.801,10.0772371,-8.9289039,-9.8804788,normal
1461146707805,2016-04-20 20:05:07.805,8.106846,-7.7622136,-8.4936618,normal
1461146707809,2016-04-20 20:05:07.809,6.5854479,-7.1061671,-7.2742614,normal
1461146707814,2016-04-20 20:05:07.814,7.7068659,-4.5125042,-4.7049477,normal
1461146707819,2016-04-20 20:05:07.819,8.5399974,-3.8301868,0.8880388,normal
1461146707825,2016-04-20 20:05:07.825,6.4187554,-0.3182974,-2.1247406,normal
1461146707830,2016-04-20 20:05:07.830,7.4664571,-1.9971708,0.1756108,normal
1461146707837,2016-04-20 20:05:07.837,8.1152235,-3.0267465,-0.5627347,normal
1461146707843,2016-04-20 20:05:07.843,5.0304764,-2.8246805,-0.2407244,normal
1461146707846,2016-04-20 20:05:07.846,4.5066508,-4.6165955,1.1538539,normal
1461146707850,2016-04-20 20:05:07.850,5.9217441,-5.7539517,2.8044921,normal
1461146707853,2016-04-20 20:05:07.853,5.7092351,-5.3373968,3.8595326,normal
1461146707860,2016-04-20 20:05:07.860,6.6894465,-5.4936072,3.9031429,normal
1461146707867,2016-04-20 20:05:07.867,6.0800445,-6.1469418,4.4385725,normal
1461146707873,2016-04-20 20:05:07.873,4.4990478,-7.3232448,3.9459149,normal
1461146707876,2016-04-20 20:05:07.876,5.6474914,-7.4930991,3.3626884,normal
1461146707882,2016-04-20 20:05:07.882,3.9807587,-7.7386502,3.8463592,normal
1461146707888,2016-04-20 20:05:07.888,4.748105,-7.4320309,3.251693,normal
1461146707893,2016-04-20 20:05:07.893,4.0682618,-6.9214338,2.5104355,normal
1461146707899,2016-04-20 20:05:07.899,5.3003428,-5.7730446,2.9057838,normal
1461146707906,2016-04-20 20:05:07.906,4.895322,-5.5714549,2.393144,normal
1461146707910,2016-04-20 20:05:07.910,4.4584091,-6.96249,2.1071047,normal
1461146707913,2016-04-20 20:05:07.913,4.1705275,-7.3474895,3.2438634,normal
1461146707916,2016-04-20 20:05:07.916,4.7158818,-6.9370478,3.7444839,normal
1461146707922,2016-04-20 20:05:07.922,4.3068147,-5.7833646,3.0023963,normal
1461146707928,2016-04-20 20:05:07.928,3.1483666,-6.0059452,3.2095085,normal
1461146707933,2016-04-20 20:05:07.933,4.6709244,-6.0142949,1.0904482,normal
1461146707937,2016-04-20 20:05:07.937,3.7449728,-8.27532,-0.3685713,normal
1461146707943,2016-04-20 20:05:07.943,3.628811,-9.9809222,0.1761973,normal
1461146707948,2016-04-20 20:05:07.948,3.0027208,-10.0043861,-1.0585204,normal
1461146707952,2016-04-20 20:05:07.952,3.6574616,-10.411505,-0.7179283,normal
1461146707958,2016-04-20 20:05:07.958,2.5761527,-11.5050581,-1.0599633,normal
1461146707962,2016-04-20 20:05:07.962,3.055064,-12.3168193,0.3090261,normal
1461146707967,2016-04-20 20:05:07.967,3.8058835,-11.633921,-1.4707775,normal
1461146707972,2016-04-20 20:05:07.972,2.4143918,-12.0402854,-1.7234992,normal
1461146707979,2016-04-20 20:05:07.979,3.3530272,-12.0321555,-1.4608687,normal
1461146707982,2016-04-20 20:05:07.982,3.6929524,-13.7229774,0.0768827,normal
1461146707989,2016-04-20 20:05:07.989,2.5216941,-13.992821,-1.0583173,normal
1461146707996,2016-04-20 20:05:07.996,2.7741154,-12.9408289,-0.2004352,normal
1461146707999,2016-04-20 20:05:07.999,0.8025554,-13.3504856,-1.5747426,normal
1461146708002,2016-04-20 20:05:08.002,0.5196414,-14.7757728,-2.1862156,normal
1461146708008,2016-04-20 20:05:08.008,1.4644537,-14.2198447,-2.5503174,normal
1461146708014,2016-04-20 20:05:08.014,1.4232843,-13.9074393,-0.7151277,normal
1461146708018,2016-04-20 20:05:08.018,0.554466,-13.8115063,-0.8331269,normal
1461146707993,2016-04-20 20:05:07.993,2.0424259,-14.3417242,-2.0247316,normal
1461146707997,2016-04-20 20:05:07.997,7.1981316,-7.2011939,0.5794066,normal
1461146708004,2016-04-20 20:05:08.004,6.9554867,-8.354107,-0.1276406,normal
1461146708009,2016-04-20 20:05:08.009,6.3649789,-6.8798767,0.19835,normal
1461146708014,2016-04-20 20:05:08.014,5.9840636,-7.9275425,0.5763031,normal
1461146708017,2016-04-20 20:05:08.017,6.3754451,-6.689418,-0.5240763,normal
1461146708022,2016-04-20 20:05:08.022,5.8586864,-7.5779144,-0.7196,normal
1461146708027,2016-04-20 20:05:08.027,6.0908188,-8.4877294,-0.5364168,normal
1461146708030,2016-04-20 20:05:08.030,6.9271031,-7.6902668,0.117542,normal
1461146708034,2016-04-20 20:05:08.034,6.2892509,-7.1612829,1.0591984,normal
1461146708037,2016-04-20 20:05:08.037,7.2552451,-6.6063904,1.2315908,normal
1461146708042,2016-04-20 20:05:08.042,5.7126618,-7.2812514,0.8864352,normal
1461146708046,2016-04-20 20:05:08.046,7.4304486,-8.3976775,0.8799535,normal
1461146708052,2016-04-20 20:05:08.052,6.2199283,-7.532301,0.2249661,normal
1461146708055,2016-04-20 20:05:08.055,6.5935417,-8.2462379,1.0051171,normal
1461146708059,2016-04-20 20:05:08.059,6.6457315,-7.3805089,1.1005646,normal
1461146708063,2016-04-20 20:05:08.063,7.5580962,-7.2446509,0.5895784,normal
1461146708067,2016-04-20 20:05:08.067,7.3314869,-6.3365987,-0.2176145,normal
1461146708071,2016-04-20 20:05:08.071,6.0923403,-6.7138292,0.4671783,normal
1461146708076,2016-04-20 20:05:08.076,6.7558238,-7.6844002,-0.9097168,normal
1461146708083,2016-04-20 20:05:08.083,7.6048577,-6.7085967,-0.509576,normal
1461146708087,2016-04-20 20:05:08.087,6.5174196,-7.0925454,-0.8284114,normal
1461146708094,2016-04-20 20:05:08.094,6.0794572,-7.3811652,-1.1738335,normal
1461146708099,2016-04-20 20:05:08.099,7.283783,-6.4724221,-0.8448421,normal
1461146708105,2016-04-20 20:05:08.105,7.1899228,-6.4000501,-0.1826115,normal
1461146708108,2016-04-20 20:05:08.108,7.8220157,-6.4042075,-0.6588288,normal
1461146708112,2016-04-20 20:05:08.112,8.3523294,-4.6251821,-0.0038001,normal
1461146708117,2016-04-20 20:05:08.117,7.9807661,-5.1684604,-0.9000874,normal
1461146708120,2016-04-20 20:05:08.120,8.1066625,-6.1246335,0.1053773,normal
1461146708126,2016-04-20 20:05:08.126,7.1592626,-4.9668701,-1.7618313,normal
1461146708133,2016-04-20 20:05:08.133,8.1150302,-5.5019706,-1.7329085,normal
1461146708140,2016-04-20 20:05:08.140,8.3991066,-4.301064,-2.0131773,normal
1461146708146,2016-04-20 20:05:08.146,7.4693924,-5.6134642,-1.2216427,normal
1461146708151,2016-04-20 20:05:08.151,6.7951697,-4.4721415,-1.4516955,normal
1461146708155,2016-04-20 20:05:08.155,7.1161087,-5.2894942,-0.8461014,normal
1461146708161,2016-04-20 20:05:08.161,7.6474985,-4.1629589,-1.7191089,normal
1461146708167,2016-04-20 20:05:08.167,8.3839852,-4.9906332,-1.6020175,normal
1461146708170,2016-04-20 20:05:08.170,8.1701031,-4.3573879,-0.7965744,normal
1461146708174,2016-04-20 20:05:08.174,8.7319308,-5.3114625,-0.5101691,normal
1461146708179,2016-04-20 20:05:08.179,8.5778293,-5.0443631,-1.2587921,normal
1461146708186,2016-04-20 20:05:08.186,7.7933091,-6.1156179,-1.3796495,normal
1461146708190,2016-04-20 20:05:08.190,8.3472321,-6.2248985,-1.8896118,normal
1461146708197,2016-04-20 20:05:08.197,9.1458018,-5.0286244,-1.5911461,normal
1461146708202,2016-04-20 20:05:08.202,7.8703678,-5.3067684,-2.3041138,normal
1461146708209,2016-04-20 20:05:08.209,8.4744891,-4.7587695,-0.6432966,normal
1461146708215,2016-04-20 20:05:08.215,8.8318866,-5.08755,-1.108692,normal
1461146708218,2016-04-20 20:05:08.218,8.1211392,-6.2779377,-1.697635,normal
1461146708225,2016-04-20 20:05:08.225,8.0354327,-5.7777132,-2.4525381,normal
1461146708232,2016-04-20 20:05:08.232,9.6977728,-7.6272288,-2.7514499,normal
1461146708235,2016-04-20 20:05:08.235,9.2244899,-7.5928516,-3.6473877,normal
1461146708242,2016-04-20 20:05:08.242,8.1126894,-6.8228906,-3.5844797,normal
1461146708247,2016-04-20 20:05:08.247,9.0124524,-6.3224021,-2.7050088,normal
1461146708254,2016-04-20 20:05:08.254,7.8043565,-7.1650656,-0.6725035,normal
1461146708257,2016-04-20 20:05:08.257,8.769328,-6.4467733,-1.1430354,normal
1461146708264,2016-04-20 20:05:08.264,7.5389526,-7.7842137,-0.286283,normal
1461146708267,2016-04-20 20:05:08.267,8.4003114,-6.8255709,-1.9485648,normal
1461146708272,2016-04-20 20:05:08.272,8.4732161,-8.6372278,-1.3501026,normal
1461146708279,2016-04-20 20:05:08.279,7.5751191,-7.8077684,-2.1380614,normal
1461146708283,2016-04-20 20:05:08.283,7.7844485,-8.1106345,-3.3604819,normal
1461146708286,2016-04-20 20:05:08.286,8.6411784,-8.6384782,-3.4652683,normal
1461146708291,2016-04-20 20:05:08.291,7.2628255,-9.0626423,-2.191875,normal
1461146708294,2016-04-20 20:05:08.294,6.5346468,-10.2177365,-2.3073798,normal
1461146708300,2016-04-20 20:05:08.300,7.6719168,-8.8645831,-2.8513974,normal
1461146708307,2016-04-20 20:05:08.307,6.1409655,-10.2597411,-1.1034694,normal
1461146708312,2016-04-20 20:05:08.312,6.0172678,-10.8540646,-1.9180804,normal
1461146708316,2016-04-20 20:05:08.316,7.2986877,-10.7697178,-1.4758915,normal
1461146708319,2016-04-20 20:05:08.319,6.1759417,-11.3616731,-3.0185549,normal
1461146708324,2016-04-20 20:05:08.324,6.9267799,-12.3643171,-3.8786009,normal
1461146708330,2016-04-20 20:05:08.330,8.4622966,-12.7138188,-4.3601372,normal
1461146708335,2016-04-20 20:05:08.335,8.4582472,-12.1828356,-6.4000509,normal
1461146708338,2016-04-20 20:05:08.338,9.0718529,-11.0705636,-4.9161805,normal
1461146708341,2016-04-20 20:05:08.341,8.4804607,-10.8850652,-6.2631714,normal
1461146708345,2016-04-20 20:05:08.345,7.0274663,-11.1084572,-6.1780387,normal
1461146708348,2016-04-20 20:05:08.348,5.9009261,-10.6748428,-4.7710605,normal
1461146708351,2016-04-20 20:05:08.351,6.8753456,-12.1793815,-5.4485133,normal
1461146708356,2016-04-20 20:05:08.356,6.6521917,-9.8044923,-5.6828691,normal
1461146708359,2016-04-20 20:05:08.359,5.7881832,-11.0477238,-5.5980161,normal
1461146708366,2016-04-20 20:05:08.366,7.1007395,-11.274865,-6.0469328,normal
1461146708371,2016-04-20 20:05:08.371,9.5554634,-11.0324636,-5.9933106,normal
1461146708374,2016-04-20 20:05:08.374,9.535189,-10.881886,-7.0435087,normal
1461146708380,2016-04-20 20:05:08.380,10.1647496,-9.6926228,-6.1630813,normal
1461146708385,2016-04-20 20:05:08.385,11.1142419,-8.7376704,-5.1867903,normal
1461146708390,2016-04-20 20:05:08.390,10.3526074,-9.2512038,-4.8256035,normal
1461146708396,2016-04-20 20:05:08.396,9.5849199,-7.5814004,-3.1059671,normal
1461146708402,2016-04-20 20:05:08.402,7.3406658,-6.2817992,-3.5747206,normal
1461146708405,2016-04-20 20:05:08.405,7.2754968,-5.5985213,-2.4505047,normal
1461146708408,2016-04-20 20:05:08.408,7.2753009,-5.3751648,-1.8533594,normal
1461146708411,2016-04-20 20:05:08.411,5.4608021,-0.6826458,-1.8718155,normal
1461146708417,2016-04-20 20:05:08.417,6.4293787,-6.6888406,-1.1048636,normal
1461146708423,2016-04-20 20:05:08.423,5.4223827,-2.2984498,-0.0359257,normal
1461146708428,2016-04-20 20:05:08.428,5.6471937,-0.04502,-0.2328532,normal
1461146708431,2016-04-20 20:05:08.431,5.9225548,-2.5209868,-1.8056539,normal
1461146708437,2016-04-20 20:05:08.437,6.6539805,-3.4735247,-1.3587122,normal
1461146708440,2016-04-20 20:05:08.440,6.7231805,-3.0944383,-1.0514934,normal
1461146708447,2016-04-20 20:05:08.447,5.9102673,-1.5852711,1.0741084,normal
1461146708453,2016-04-20 20:05:08.453,6.9880509,-3.2810548,1.8448466,normal
1461146708460,2016-04-20 20:05:08.460,5.6609249,-3.6888487,1.4805823,normal
1461146708466,2016-04-20 20:05:08.466,5.0163332,-3.641066,1.3321473,normal
1461146708471,2016-04-20 20:05:08.471,5.5068675,-3.689979,3.374634,normal
1461146708478,2016-04-20 20:05:08.478,5.1112462,-2.9136677,2.0057674,normal
1461146708485,2016-04-20 20:05:08.485,4.7372497,-2.9031062,1.6276904,normal
1461146708490,2016-04-20 20:05:08.490,3.6514385,-2.2113595,2.7537013,normal
1461146708495,2016-04-20 20:05:08.495,4.575238,-4.3298872,2.8072103,normal
1461146708499,2016-04-20 20:05:08.499,3.4066468,-3.3933992,4.0600349,normal
1461146708502,2016-04-20 20:05:08.502,3.464497,-2.8769093,4.1009022,normal
1461146708508,2016-04-20 20:05:08.508,4.0306752,-3.4631131,3.7788914,normal
1461146708514,2016-04-20 20:05:08.514,2.5112468,-3.6639756,2.8299045,normal
1461146708520,2016-04-20 20:05:08.520,2.4893705,-4.1592521,2.9057073,normal
1461146708525,2016-04-20 20:05:08.525,2.7588658,-3.9345035,2.9859239,normal
1461146708531,2016-04-20 20:05:08.531,4.1187856,-3.9876657,4.7899354,normal
1461146708537,2016-04-20 20:05:08.537,2.3135358,-4.4058197,3.3399294,normal
1461146708540,2016-04-20 20:05:08.540,3.7720992,-5.5588687,3.5831078,normal
1461146708543,2016-04-20 20:05:08.543,3.3947297,-5.0202938,4.8760196,normal
1461146708549,2016-04-20 20:05:08.549,2.4867739,-4.927514,3.5956541,normal
1461146708555,2016-04-20 20:05:08.555,2.5762391,-4.5412841,4.0554357,normal
1461146708559,2016-04-20 20:05:08.559,1.9423139,-5.3317468,5.3363459,normal
1461146708563,2016-04-20 20:05:08.563,3.3193652,-6.4416435,5.0459564,normal
1461146708570,2016-04-20 20:05:08.570,3.3626343,-5.2195566,3.804906,normal
1461146708574,2016-04-20 20:05:08.574,3.3568325,-6.7680802,3.7638434,normal
1461146708577,2016-04-20 20:05:08.577,2.2826318,-5.8610498,3.9917404,normal
1461146708583,2016-04-20 20:05:08.583,3.7142185,-6.9738498,4.5377819,normal
1461146708587,2016-04-20 20:05:08.587,2.5181583,-5.9020837,5.0040439,normal
1461146708592,2016-04-20 20:05:08.592,3.1289813,-5.8886622,4.1035468,normal
1461146708597,2016-04-20 20:05:08.597,2.243304,-7.2128844,5.0112295,normal
1461146708604,2016-04-20 20:05:08.604,3.9241065,-7.3553145,3.7565485,normal
1461146708609,2016-04-20 20:05:08.609,2.7317978,-8.3591872,5.2550869,normal
1461146708615,2016-04-20 20:05:08.615,3.9442115,-7.3031529,5.2337901,normal
1461146708618,2016-04-20 20:05:08.618,2.7905288,-8.1000229,4.8996503,normal
1461146708622,2016-04-20 20:05:08.622,3.963806,-7.1764905,6.0204345,normal
1461146708628,2016-04-20 20:05:08.628,4.2793474,-8.1588957,4.6055743,normal
1461146708632,2016-04-20 20:05:08.632,4.786754,-8.1103881,3.7519922,normal
1461146708637,2016-04-20 20:05:08.637,3.8808832,-7.9578214,3.0437127,normal
1461146708640,2016-04-20 20:05:08.640,4.9776117,-7.386615,3.7089891,normal
1461146708647,2016-04-20 20:05:08.647,3.7260332,-8.814565,4.511363,normal
1461146708651,2016-04-20 20:05:08.651,4.0851035,-9.1161312,2.9866052,normal
1461146708655,2016-04-20 20:05:08.655,4.9555163,-8.1920811,3.5276297,normal
1461146708662,2016-04-20 20:05:08.662,3.8919452,-9.2032568,4.9033521,normal
1461146708666,2016-04-20 20:05:08.666,4.1896139,-7.6789242,4.7167036,normal
1461146708672,2016-04-20 20:05:08.672,4.7479476,-7.7782669,5.0067443,normal
1461146708679,2016-04-20 20:05:08.679,5.3834818,-8.2062725,5.3197671,normal
1461146708683,2016-04-20 20:05:08.683,4.7436359,-8.9118894,4.2958506,normal
1461146708688,2016-04-20 20:05:08.688,4.0997017,-8.6810615,4.5378944,normal
1461146708694,2016-04-20 20:05:08.694,5.4079265,-9.3354528,3.7330485,normal
1461146708699,2016-04-20 20:05:08.699,5.3633424,-8.4792744,2.329046,normal
1461146708705,2016-04-20 20:05:08.705,5.2980344,-9.1106575,3.0514082,normal
1461146708711,2016-04-20 20:05:08.711,4.6673567,-9.6004943,2.4578351,normal
1461146708714,2016-04-20 20:05:08.714,5.2332156,-8.7454108,2.4830443,normal
1461146708718,2016-04-20 20:05:08.718,4.2826253,-8.6117246,3.7804579,normal
1461146708722,2016-04-20 20:05:08.722,5.1884081,-7.9936836,2.8202093,normal
1461146708726,2016-04-20 20:05:08.726,4.7485843,-9.7446966,3.6814712,normal
1461146708729,2016-04-20 20:05:08.729,4.4618455,-9.4657105,1.9307842,normal
1461146708736,2016-04-20 20:05:08.736,4.5024011,-9.4894222,2.3184268,normal
1461146708742,2016-04-20 20:05:08.742,5.6710042,-9.2778537,2.8441301,normal
1461146708746,2016-04-20 20:05:08.746,5.3869635,-8.8111394,1.8057283,normal
1461146708752,2016-04-20 20:05:08.752,4.4222667,-9.1528057,1.1538128,normal
1461146708756,2016-04-20 20:05:08.756,4.0972598,-9.3100408,0.7042198,normal
1461146708762,2016-04-20 20:05:08.762,5.4445842,-8.8055187,0.7896047,normal
1461146708766,2016-04-20 20:05:08.766,4.3427628,-9.1702282,2.1197897,normal
1461146708770,2016-04-20 20:05:08.770,5.0632497,-9.7766192,1.9892949,normal
1461146708775,2016-04-20 20:05:08.775,4.6078091,-9.0575122,0.3579832,normal
1461146708779,2016-04-20 20:05:08.779,5.6475732,-8.1969673,0.6641156,normal
1461146708783,2016-04-20 20:05:08.783,5.3868263,-7.8691293,0.8649493,normal
1461146708787,2016-04-20 20:05:08.787,5.9380995,-8.4229035,1.7144037,normal
1461146708794,2016-04-20 20:05:08.794,6.0988807,-9.5362739,1.42079,normal
1461146708797,2016-04-20 20:05:08.797,4.7941549,-8.8855106,1.2881467,normal
1461146708800,2016-04-20 20:05:08.800,6.0828307,-8.4347166,1.5427157,normal
1461146708807,2016-04-20 20:05:08.807,5.7506698,-8.9304665,1.3751597,normal
1461146708810,2016-04-20 20:05:08.810,4.6946105,-9.3566638,0.6562382,normal
1461146708817,2016-04-20 20:05:08.817,5.2069297,-9.3105327,0.8986236,normal
1461146708824,2016-04-20 20:05:08.824,5.0801401,-8.7246878,0.7621929,normal
1461146708829,2016-04-20 20:05:08.829,6.205364,-9.0286034,0.7173675,normal
1461146708832,2016-04-20 20:05:08.832,5.1271909,-8.2484041,-0.7325837,normal
1461146708838,2016-04-20 20:05:08.838,5.3651083,-8.0579639,-0.6418765,normal
1461146708842,2016-04-20 20:05:08.842,6.0511851,-8.5227131,0.4129525,normal
1461146708846,2016-04-20 20:05:08.846,5.5439177,-8.9154042,-0.1140766,normal
1461146708849,2016-04-20 20:05:08.849,5.0600014,-7.3830703,0.9822598,normal
1461146708855,2016-04-20 20:05:08.855,5.861793,-8.4833443,-0.3908206,normal
1461146708858,2016-04-20 20:05:08.858,6.3763597,-7.9380026,0.4664022,normal
1461146708863,2016-04-20 20:05:08.863,5.2496501,-8.3051485,0.343158,normal
1461146708868,2016-04-20 20:05:08.868,6.1165227,-7.4099378,0.0918204,normal
1461146708874,2016-04-20 20:05:08.874,5.4749001,-7.1058978,0.6997763,normal
1461146708881,2016-04-20 20:05:08.881,5.3545475,-8.0714777,0.623798,normal
1461146708885,2016-04-20 20:05:08.885,6.0083091,-8.3851966,-0.0101755,normal
1461146708892,2016-04-20 20:05:08.892,5.1443365,-6.5651712,0.0957541,normal
1461146708895,2016-04-20 20:05:08.895,5.2490994,-7.9503695,0.5911302,normal
1461146708898,2016-04-20 20:05:08.898,4.9863337,-7.1665048,0.435843,normal
1461146708901,2016-04-20 20:05:08.901,5.312868,-7.6950929,-0.7593406,normal
1461146708908,2016-04-20 20:05:08.908,5.5502622,-6.0926446,0.7842399,normal
1461146708911,2016-04-20 20:05:08.911,6.7143336,-7.1631246,-0.0621494,normal
1461146708918,2016-04-20 20:05:08.918,6.9116156,-6.3911068,-0.4391053,normal
1461146708922,2016-04-20 20:05:08.922,6.6507193,-6.4062587,-0.6402618,normal
1461146708925,2016-04-20 20:05:08.925,5.1452489,-6.9022995,-1.3015437,normal
1461146708929,2016-04-20 20:05:08.929,5.7979724,-7.4856498,-0.7106523,normal
1461146708933,2016-04-20 20:05:08.933,5.5110051,-7.6768876,0.3526356,normal
1461146708992,2016-04-20 20:05:08.992,6.8167915,-6.6028314,-1.4665008,normal
1461146708997,2016-04-20 20:05:08.997,0.6286726,-6.7938499,-12.3075249,normal
1461146709001,2016-04-20 20:05:09.001,2.2886991,-7.4602229,-11.9576801,normal
1461146709008,2016-04-20 20:05:09.008,2.6495258,-7.2766924,-12.607701,normal
1461146709015,2016-04-20 20:05:09.015,3.0180744,-5.9486792,-11.3005067,normal
1461146709019,2016-04-20 20:05:09.019,2.2232053,-5.9393023,-12.0927968,normal
1461146709024,2016-04-20 20:05:09.024,2.3684213,-5.6291098,-13.3209543,normal
1461146709028,2016-04-20 20:05:09.028,4.2280208,-6.7168032,-11.9905631,normal
1461146709035,2016-04-20 20:05:09.035,3.6136198,-6.6594887,-12.5929769,normal
1461146709041,2016-04-20 20:05:09.041,5.2073624,-6.3904863,-12.3896531,normal
1461146709047,2016-04-20 20:05:09.047,5.3928192,-6.5522916,-12.3400634,normal
1461146709052,2016-04-20 20:05:09.052,5.2739192,-7.7272603,-11.0581567,normal
1461146709058,2016-04-20 20:05:09.058,4.5313427,-6.5169319,-11.120744,normal
1461146709063,2016-04-20 20:05:09.063,5.4794421,-6.6037288,-11.1527424,normal
1461146709068,2016-04-20 20:05:09.068,6.456491,-5.5114941,-9.7243216,normal
1461146709074,2016-04-20 20:05:09.074,5.7794564,-4.9387032,-12.1084296,normal
1461146709077,2016-04-20 20:05:09.077,8.1723598,-6.9696853,-12.2927614,normal
1461146709081,2016-04-20 20:05:09.081,9.0686387,-6.7739481,-13.1919182,normal
1461146709087,2016-04-20 20:05:09.087,8.8333032,-7.7361208,-12.344129,normal
1461146709094,2016-04-20 20:05:09.094,10.4789539,-9.4173095,-11.9452755,normal
1461146709101,2016-04-20 20:05:09.101,11.0506379,-8.6860834,-11.7667415,normal
1461146709107,2016-04-20 20:05:09.107,9.8935014,-7.3744509,-9.7477118,normal
1461146709112,2016-04-20 20:05:09.112,9.8113523,-7.339299,-8.0672734,normal
1461146709116,2016-04-20 20:05:09.116,11.3541853,-5.6172939,-8.9611266,normal
1461146709119,2016-04-20 20:05:09.119,11.1347835,-5.4554981,-8.0637896,normal
1461146709123,2016-04-20 20:05:09.123,10.8902861,-5.3481103,-8.4184166,normal
1461146709128,2016-04-20 20:05:09.128,10.1505274,-6.0087464,-7.735894,normal
1461146709134,2016-04-20 20:05:09.134,10.0192384,-5.5540231,-5.6861443,normal
1461146709137,2016-04-20 20:05:09.137,9.2905588,-6.9563643,-2.9633121,normal
1461146709144,2016-04-20 20:05:09.144,8.4356085,-4.3271091,-3.6331761,normal
1461146709149,2016-04-20 20:05:09.149,8.0512563,-3.7180982,-2.6043732,normal
1461146709155,2016-04-20 20:05:09.155,6.8522032,-2.9473416,-3.1842333,normal
1461146709159,2016-04-20 20:05:09.159,7.9521188,-4.6333182,-1.5910685,normal
1461146709166,2016-04-20 20:05:09.166,6.2163431,-4.867368,-2.6899545,normal
1461146709172,2016-04-20 20:05:09.172,6.3983018,-3.9854534,-2.0132826,normal
1461146709176,2016-04-20 20:05:09.176,5.7715223,-3.9890163,-2.1629034,normal
1461146709182,2016-04-20 20:05:09.182,5.6728292,-3.5165544,-0.6150933,normal
1461146709185,2016-04-20 20:05:09.185,5.015231,-4.4047955,-1.4497794,normal
1461146709191,2016-04-20 20:05:09.191,5.7289342,-3.7755616,-0.5335711,normal
1461146709196,2016-04-20 20:05:09.196,5.1070917,-5.1651456,-0.5537985,normal
1461146709200,2016-04-20 20:05:09.200,5.2017986,-5.1794125,-0.750969,normal
1461146709203,2016-04-20 20:05:09.203,3.7720502,-4.5717448,-0.7371492,normal
1461146709210,2016-04-20 20:05:09.210,4.372071,-4.021979,-0.9738994,normal
1461146709217,2016-04-20 20:05:09.217,3.9636893,-4.227607,0.6027351,normal
1461146709222,2016-04-20 20:05:09.222,4.0820937,-4.7704933,-0.1312165,normal
1461146709226,2016-04-20 20:05:09.226,3.7409826,-6.1928479,0.7471855,normal
1461146709229,2016-04-20 20:05:09.229,4.0509135,-5.6087915,0.1845888,normal
1461146709235,2016-04-20 20:05:09.235,3.8449638,-7.0189435,0.9134866,normal
1461146709241,2016-04-20 20:05:09.241,2.5991614,-7.0362073,0.7631943,normal
1461146709247,2016-04-20 20:05:09.247,3.4938318,-7.4818204,1.0313964,normal
1461146709250,2016-04-20 20:05:09.250,3.7776289,-7.0119146,1.1944603,normal
1461146709256,2016-04-20 20:05:09.256,2.6113583,-7.6663041,1.1838783,normal
1461146709262,2016-04-20 20:05:09.262,3.3777678,-8.4000477,2.2569557,normal
1461146709268,2016-04-20 20:05:09.268,1.5998458,-7.4796178,2.4948923,normal
1461146709271,2016-04-20 20:05:09.271,2.6540755,-7.6848411,1.7083434,normal
1461146709277,2016-04-20 20:05:09.277,3.1612629,-9.2768441,1.2238237,normal
1461146709284,2016-04-20 20:05:09.284,1.5709951,-8.3110905,3.069769,normal
1461146709290,2016-04-20 20:05:09.290,1.3629304,-8.8621762,1.9365755,normal
1461146709295,2016-04-20 20:05:09.295,1.4315433,-9.197806,3.2922603,normal
1461146709300,2016-04-20 20:05:09.300,1.6428107,-9.2796454,2.8250166,normal
1461146709306,2016-04-20 20:05:09.306,1.7423803,-9.9203417,2.5623851,normal
1461146709311,2016-04-20 20:05:09.311,2.0127287,-9.2739497,1.8606874,normal
1461146709316,2016-04-20 20:05:09.316,2.2286442,-9.9361893,0.8639605,normal
1461146709322,2016-04-20 20:05:09.322,1.9006889,-9.2238268,0.6529153,normal
1461146709327,2016-04-20 20:05:09.327,2.0976167,-9.8376331,-0.0204016,normal
1461146709334,2016-04-20 20:05:09.334,2.3094628,-8.7911123,1.0828557,normal
1461146709341,2016-04-20 20:05:09.341,2.8659283,-9.1360637,0.852497,normal
1461146709344,2016-04-20 20:05:09.344,2.546444,-9.0155406,1.1018272,normal
1461146709350,2016-04-20 20:05:09.350,2.5344583,-9.089712,-0.0905665,normal
1461146709355,2016-04-20 20:05:09.355,3.1292038,-9.6226033,-0.0448642,normal
1461146709358,2016-04-20 20:05:09.358,2.7010354,-9.1832619,-0.7153921,normal
1461146709365,2016-04-20 20:05:09.365,4.1006861,-10.2009335,-1.8947276,normal
1461146709369,2016-04-20 20:05:09.369,4.118101,-8.7641916,-1.1451504,normal
1461146709373,2016-04-20 20:05:09.373,4.2516449,-8.8157891,-1.2143593,normal
1461146709379,2016-04-20 20:05:09.379,4.4296217,-8.3903986,-3.0867232,normal
1461146709384,2016-04-20 20:05:09.384,3.6995296,-9.946923,-2.64023,normal
1461146709391,2016-04-20 20:05:09.391,3.9713186,-9.4855777,-3.5593643,normal
1461146709395,2016-04-20 20:05:09.395,3.6495599,-9.7020051,-2.8285365,normal
1461146709399,2016-04-20 20:05:09.399,3.8126175,-8.7119444,-3.7699213,normal
1461146709405,2016-04-20 20:05:09.405,4.6595331,-9.1942286,-2.7374025,normal
1461146709410,2016-04-20 20:05:09.410,4.752607,-7.7413713,-3.2121816,normal
1461146709413,2016-04-20 20:05:09.413,4.6197985,-7.5288566,-3.7135909,normal
1461146709417,2016-04-20 20:05:09.417,3.8746908,-7.6204132,-4.7969446,normal
1461146709423,2016-04-20 20:05:09.423,4.8690034,-7.5994146,-5.1568811,normal
1461146709428,2016-04-20 20:05:09.428,5.2875637,-7.7369105,-5.7983891,normal
1461146709431,2016-04-20 20:05:09.431,5.5426877,-6.7899626,-5.4197835,normal
1461146709435,2016-04-20 20:05:09.435,4.2354664,-7.8292042,-5.7407974,normal
1461146709440,2016-04-20 20:05:09.440,4.3997142,-7.5028288,-6.01513,normal
1461146709446,2016-04-20 20:05:09.446,4.7175789,-7.422737,-6.3237418,normal
1461146709449,2016-04-20 20:05:09.449,6.1630683,-5.7569703,-5.0281552,normal
1461146709455,2016-04-20 20:05:09.455,5.9257905,-6.1363423,-5.9189624,normal
1461146709462,2016-04-20 20:05:09.462,6.2298877,-5.4348014,-7.0253376,normal
1461146709468,2016-04-20 20:05:09.468,5.8373403,-5.5718316,-6.0544876,normal
1461146709475,2016-04-20 20:05:09.475,5.7637232,-5.9171597,-6.1525193,normal
1461146709479,2016-04-20 20:05:09.479,4.8106016,-6.5881234,-7.2141925,normal
1461146709485,2016-04-20 20:05:09.485,5.9377101,-6.2126028,-6.8394585,normal
1461146709488,2016-04-20 20:05:09.488,6.1087294,-5.8958902,-6.7097834,normal
1461146709492,2016-04-20 20:05:09.492,4.7152955,-6.9198561,-7.218272,normal
1461146709498,2016-04-20 20:05:09.498,4.8665142,-6.4604748,-7.2775252,normal
1461146709502,2016-04-20 20:05:09.502,4.704092,-6.1715897,-8.0482759,normal
1461146709508,2016-04-20 20:05:09.508,4.9829199,-6.2704177,-7.1684971,normal
1461146709513,2016-04-20 20:05:09.513,5.8574386,-5.4185167,-8.3288667,normal
1461146709517,2016-04-20 20:05:09.517,4.4947393,-6.4277392,-8.0207526,normal
1461146709521,2016-04-20 20:05:09.521,4.5344485,-6.3628081,-8.4980613,normal
1461146709528,2016-04-20 20:05:09.528,4.6417889,-5.5340878,-8.819302,normal
1461146709534,2016-04-20 20:05:09.534,5.4909826,-4.906547,-8.4251519,normal
1461146709538,2016-04-20 20:05:09.538,5.890678,-5.0420014,-7.9980452,normal
1461146709541,2016-04-20 20:05:09.541,4.7477685,-5.9460605,-7.9678897,normal
1461146709548,2016-04-20 20:05:09.548,5.0869508,-5.851705,-7.7033272,normal
1461146709555,2016-04-20 20:05:09.555,4.4532332,-5.6299595,-7.5023745,normal
1461146709561,2016-04-20 20:05:09.561,4.8531483,-5.8278245,-9.0586686,normal
1461146709566,2016-04-20 20:05:09.566,5.7668656,-5.8119098,-8.7811037,normal
1461146709571,2016-04-20 20:05:09.571,4.4131499,-5.2843348,-8.2888233,normal
1461146709578,2016-04-20 20:05:09.578,5.1884673,-5.8663679,-8.9259996,normal
1461146709582,2016-04-20 20:05:09.582,4.0015647,-4.7542648,-8.3526789,normal
1461146709586,2016-04-20 20:05:09.586,5.0804303,-5.6798266,-8.5992547,normal
1461146709589,2016-04-20 20:05:09.589,4.7166562,-5.2426682,-7.0146521,normal
1461146709592,2016-04-20 20:05:09.592,5.7531053,-4.9734082,-8.1472094,normal
1461146709596,2016-04-20 20:05:09.596,4.4420219,-5.5284666,-7.7576621,normal
1461146709603,2016-04-20 20:05:09.603,5.0824162,-4.2255828,-6.5275888,normal
1461146709610,2016-04-20 20:05:09.610,4.2791808,-4.7455047,-7.2946307,normal
1461146709616,2016-04-20 20:05:09.616,4.7620612,-5.0335402,-5.9528577,normal
1461146709621,2016-04-20 20:05:09.621,5.782821,-5.1106291,-7.0344566,normal
1461146709626,2016-04-20 20:05:09.626,5.3797311,-5.020529,-6.22329,normal
1461146709630,2016-04-20 20:05:09.630,4.1219029,-4.8167458,-6.9111308,normal
1461146709633,2016-04-20 20:05:09.633,4.4274893,-5.7589441,-6.6447029,normal
1461146709640,2016-04-20 20:05:09.640,6.2501796,-6.5441743,-5.7065194,normal
1461146709643,2016-04-20 20:05:09.643,5.1024407,-6.709898,-6.7162328,normal
1461146709647,2016-04-20 20:05:09.647,5.5208533,-4.8096869,-6.2597005,normal
1461146709654,2016-04-20 20:05:09.654,5.5687638,-5.5795188,-5.727632,normal
1461146709660,2016-04-20 20:05:09.660,4.6816537,-6.3955128,-5.5336897,normal
1461146709666,2016-04-20 20:05:09.666,4.6305453,-5.5853494,-6.1529461,normal
1461146709669,2016-04-20 20:05:09.669,5.0602395,-5.5455956,-5.6191449,normal
1461146709675,2016-04-20 20:05:09.675,5.9445293,-6.1806612,-6.285993,normal
1461146709680,2016-04-20 20:05:09.680,4.6776597,-6.020883,-5.1235035,normal
1461146709687,2016-04-20 20:05:09.687,5.8933304,-6.4808972,-4.4657384,normal
1461146709692,2016-04-20 20:05:09.692,6.0641549,-5.8578056,-4.7387501,normal
1461146709697,2016-04-20 20:05:09.697,4.6323919,-5.9798282,-5.4030533,normal
1461146709704,2016-04-20 20:05:09.704,5.6428017,-6.1225154,-5.6057109,normal
1461146709707,2016-04-20 20:05:09.707,6.0441613,-5.9672486,-5.2763901,normal
1461146709711,2016-04-20 20:05:09.711,4.9062296,-5.3018509,-5.5148602,normal
1461146709716,2016-04-20 20:05:09.716,6.7213451,-5.0692817,-4.3313219,normal
1461146709721,2016-04-20 20:05:09.721,6.2399287,-5.8135789,-5.0253712,normal
1461146709727,2016-04-20 20:05:09.727,5.4851279,-6.9895676,-4.9866721,normal
1461146709734,2016-04-20 20:05:09.734,6.4062294,-6.0392312,-5.2197909,normal
1461146709738,2016-04-20 20:05:09.738,5.9684854,-6.1508846,-4.0353912,normal
1461146709744,2016-04-20 20:05:09.744,4.8062747,-6.1727574,-5.6070987,normal
1461146709747,2016-04-20 20:05:09.747,6.8056925,-5.4684238,-4.4520986,normal
1461146709752,2016-04-20 20:05:09.752,5.2334319,-6.4333438,-5.265206,normal
1461146709756,2016-04-20 20:05:09.756,6.66673,-5.3802081,-5.1305483,normal
1461146709762,2016-04-20 20:05:09.762,5.5622419,-4.674031,-5.545582,normal
1461146709766,2016-04-20 20:05:09.766,6.1879469,-5.2027471,-5.0212834,normal
1461146709772,2016-04-20 20:05:09.772,6.376134,-6.6577874,-4.2005152,normal
1461146709776,2016-04-20 20:05:09.776,6.063493,-6.5722529,-5.0177007,normal
1461146709782,2016-04-20 20:05:09.782,7.1013398,-5.5960526,-4.4642652,normal
1461146709786,2016-04-20 20:05:09.786,6.438488,-7.3679744,-4.5204256,normal
1461146709789,2016-04-20 20:05:09.789,0.1879276,-7.176589,-7.071833,normal
1461146709795,2016-04-20 20:05:09.795,1.442712,-6.1263449,-6.8011885,normal
1461146709798,2016-04-20 20:05:09.798,1.9650561,-6.4599052,-7.6730036,normal
1461146709803,2016-04-20 20:05:09.803,1.0102758,-6.865201,-8.1931746,normal
1461146709807,2016-04-20 20:05:09.807,1.7152964,-7.2574965,-9.0322214,normal
1461146709811,2016-04-20 20:05:09.811,1.6249847,-7.345876,-8.7071685,normal
1461146709816,2016-04-20 20:05:09.816,1.8315235,-6.9269264,-8.1880921,normal
1461146709821,2016-04-20 20:05:09.821,2.0556686,-6.9375904,-8.0041234,normal
1461146709828,2016-04-20 20:05:09.828,2.851297,-6.524103,-7.7712531,normal
1461146709834,2016-04-20 20:05:09.834,2.9266932,-7.1812598,-8.5328821,normal
1461146709841,2016-04-20 20:05:09.841,3.0943876,-7.114331,-8.7406174,normal
1461146709848,2016-04-20 20:05:09.848,3.6769629,-6.1095413,-8.9930187,normal
1461146709855,2016-04-20 20:05:09.855,3.1465427,-6.8368733,-9.6827035,normal
1461146709859,2016-04-20 20:05:09.859,4.1014637,-7.9175757,-9.2321641,normal
1461146709863,2016-04-20 20:05:09.863,3.2202619,-7.9769078,-9.255077,normal
1461146709867,2016-04-20 20:05:09.867,4.4603097,-7.4046738,-8.4887783,normal
1461146709870,2016-04-20 20:05:09.870,4.1564102,-8.0184153,-7.6780688,normal
1461146709873,2016-04-20 20:05:09.873,3.9828769,-7.7913951,-6.2303793,normal
1461146709879,2016-04-20 20:05:09.879,5.0416329,-6.5451508,-6.2281624,normal
1461146709882,2016-04-20 20:05:09.882,5.0115739,-8.1610388,-4.9579097,normal
1461146709888,2016-04-20 20:05:09.888,4.9060201,-6.874987,-3.5714113,normal
1461146709894,2016-04-20 20:05:09.894,3.5115873,-6.5036404,-3.0882054,normal
1461146709899,2016-04-20 20:05:09.899,3.8038032,-6.2155213,-3.6999156,normal
1461146709906,2016-04-20 20:05:09.906,4.4404495,-7.1062385,-3.4190036,normal
1461146709911,2016-04-20 20:05:09.911,4.480089,-7.7494076,-4.5015396,normal
1461146709914,2016-04-20 20:05:09.914,4.6009742,-7.2959229,-4.2020704,normal
1461146709920,2016-04-20 20:05:09.920,3.5275227,-8.7597667,-4.5487034,normal
1461146709926,2016-04-20 20:05:09.926,4.6551234,-7.2712476,-4.4640565,normal
1461146709932,2016-04-20 20:05:09.932,5.3604737,-8.3586676,-3.4201618,normal
1461146709939,2016-04-20 20:05:09.939,4.540522,-8.272556,-3.4189274,normal
1461146709946,2016-04-20 20:05:09.946,6.4444487,-8.2182653,-2.1631287,normal
1461146709951,2016-04-20 20:05:09.951,5.5854438,-7.8532296,-2.9293679,normal
1461146709954,2016-04-20 20:05:09.954,5.036894,-6.9248025,-2.3506216,normal
1461146709960,2016-04-20 20:05:09.960,5.9549145,-7.6132917,-1.8545501,normal
1461146709965,2016-04-20 20:05:09.965,6.2876139,-7.5716419,-1.4472589,normal
1461146709968,2016-04-20 20:05:09.968,5.3940629,-7.3762695,-1.3692369,normal
1461146709974,2016-04-20 20:05:09.974,5.9994348,-8.4176252,-3.4330182,normal
1461146709980,2016-04-20 20:05:09.980,5.6435945,-8.5091815,-2.8825605,normal
1461146709987,2016-04-20 20:05:09.987,7.0441767,-8.3901465,-1.7535121,normal
1461146709991,2016-04-20 20:05:09.991,7.1984274,-8.0319194,-3.0076255,normal
1461146709994,2016-04-20 20:05:09.994,8.5534475,-7.4122407,-2.0591287,normal
1461146710000,2016-04-20 20:05:10.000,8.7433978,-6.9032449,-3.639255,normal
1461146710006,2016-04-20 20:05:10.006,7.1523982,-7.532399,-2.5775637,normal
1461146709991,2016-04-20 20:05:09.991,7.4149475,-7.4368723,-4.2656456,normal
