1461146701008,2016-04-20 20:05:01.008,3.786193,-6.454308,-1.6790865,normal
1461146701020,2016-04-20 20:05:01.020,1.8121039,-7.0482036,-1.7890551,normal
1461146701032,2016-04-20 20:05:01.032,2.8780664,-8.058384,-2.6347903,normal
1461146701044,2016-04-20 20:05:01.044,2.9114718,-8.5027275,-2.5688382,normal
1461146701052,2016-04-20 20:05:01.052,1.7887836,-7.8454237,-1.5425082,normal
1461146701062,2016-04-20 20:05:01.062,1.361212,-8.6966258,-2.9773524,normal
1461146701071,2016-04-20 20:05:01.071,1.4689964,-9.1194903,-3.0251409,normal
1461146701081,2016-04-20 20:05:01.081,-0.4491458,-9.0879787,-3.9921164,normal
1461146701090,2016-04-20 20:05:01.090,-1.0587,-8.4006716,-4.8045226,normal
1461146701100,2016-04-20 20:05:01.100,-0.8123864,-9.5727012,-5.0729878,normal
1461146701109,2016-04-20 20:05:01.109,-1.4830053,-11.0734013,-4.9497772,normal
1461146701121,2016-04-20 20:05:01.121,-1.2886278,-9.9534465,-4.3037517,normal
1461146701130,2016-04-20 20:05:01.130,-1.2837575,-9.8859047,-6.642856,normal
1461146701141,2016-04-20 20:05:01.141,-1.0110329,-10.7800798,-6.9533787,normal
1461146701150,2016-04-20 20:05:01.150,-2.378608,-10.3601948,-6.777131,normal
1461146701160,2016-04-20 20:05:01.160,-1.8512748,-10.0825197,-5.9081644,normal
1461146701169,2016-04-20 20:05:01.169,-2.8457163,-8.7312709,-6.0615076,normal
1461146701177,2016-04-20 20:05:01.177,-1.1720474,-10.2192679,-7.6425308,normal
1461146701187,2016-04-20 20:05:01.187,-2.2855975,-9.0184844,-6.9403282,normal
1461146701198,2016-04-20 20:05:01.198,-1.0296,-9.4878955,-8.6780687,normal
1461146701210,2016-04-20 20:05:01.210,-0.7614533,-9.3794352,-8.7851327,normal
1461146701221,2016-04-20 20:05:01.221,-2.1882567,-8.4533584,-9.7418974,normal
1461146701232,2016-04-20 20:05:01.232,-0.6302233,-8.9923057,-8.6060517,normal
1461146701240,2016-04-20 20:05:01.240,-1.1214075,-8.3072382,-10.3330395,normal
1461146701248,2016-04-20 20:05:01.248,-0.7412949,-10.0906815,-8.3772748,normal
1461146701256,2016-04-20 20:05:01.256,0.017665,-8.9202829,-9.6915355,normal
1461146701267,2016-04-20 20:05:01.267,-1.2224706,-9.1523153,-10.3437681,normal
1461146701279,2016-04-20 20:05:01.279,0.1516047,-7.550125,-10.6805003,normal
1461146701290,2016-04-20 20:05:01.290,-1.2302529,-6.643228,-10.4736593,normal
1461146701300,2016-04-20 20:05:01.300,-0.7308394,-7.9801755,-10.848758,normal
1461146701311,2016-04-20 20:05:01.311,0.7109889,-8.070807,-11.1833394,normal
1461146701320,2016-04-20 20:05:01.320,1.0159926,-6.526783,-13.3113509,normal
1461146701328,2016-04-20 20:05:01.328,0.2282265,-7.8951677,-12.5054838,normal
1461146701339,2016-04-20 20:05:01.339,0.2118596,-8.4248766,-12.6118528,normal
1461146701347,2016-04-20 20:05:01.347,-0.2244079,-7.6875551,-12.1112125,normal
1461146701359,2016-04-20 20:05:01.359,-0.6341388,-7.8969494,-11.9881634,normal
1461146701370,2016-04-20 20:05:01.370,-0.1721343,-7.4028782,-11.3557149,normal
1461146701379,2016-04-20 20:05:01.379,-0.9671977,-6.389997,-11.3987195,normal
1461146701390,2016-04-20 20:05:01.390,1.1382979,-5.6914774,-9.8864116,normal
1461146701399,2016-04-20 20:05:01.399,1.0481648,-5.5392435,-9.4820473,normal
1461146701409,2016-04-20 20:05:01.409,0.5711486,-6.0542878,-10.3148708,normal
1461146701421,2016-04-20 20:05:01.421,1.3774146,-8.0192651,-10.6362045,normal
1461146701433,2016-04-20 20:05:01.433,1.2739289,-7.3586792,-10.7541085,normal
1461146701445,2016-04-20 20:05:01.445,-0.1080614,-6.6262136,-10.4606261,normal
1461146701454,2016-04-20 20:05:01.454,1.5415696,-6.223117,-10.0813505,normal
1461146701464,2016-04-20 20:05:01.464,1.7054914,-7.1719367,-8.2544457,normal
1461146701475,2016-04-20 20:05:01.475,3.036295,-5.2213864,-9.6655877,normal
1461146701483,2016-04-20 20:05:01.483,4.1689141,-5.4605316,-10.2199548,normal
1461146701493,2016-04-20 20:05:01.493,5.0485426,-5.0302425,-11.2070285,normal
1461146701502,2016-04-20 20:05:01.502,4.9934664,-5.2867539,-10.1977244,normal
1461146701513,2016-04-20 20:05:01.513,5.4315323,-5.8689105,-10.6407163,normal
1461146701525,2016-04-20 20:05:01.525,5.9274885,-5.245101,-10.0528879,normal
1461146701535,2016-04-20 20:05:01.535,7.3083289,-5.7202025,-11.4704011,normal
1461146701547,2016-04-20 20:05:01.547,8.6439028,-5.049102,-9.9927994,normal
1461146701559,2016-04-20 20:05:01.559,9.0119268,-3.2169132,-10.613358,normal
1461146701571,2016-04-20 20:05:01.571,9.3961842,-4.3668117,-12.7210753,normal
1461146701579,2016-04-20 20:05:01.579,10.2977485,-4.7833362,-12.458552,normal
1461146701589,2016-04-20 20:05:01.589,9.8384875,-4.8749376,-13.1607814,normal
1461146701599,2016-04-20 20:05:01.599,8.298678,-3.3824167,-12.3119825,normal
1461146701610,2016-04-20 20:05:01.610,9.3890054,-4.2699914,-10.2895222,normal
1461146701618,2016-04-20 20:05:01.618,10.3670611,-2.8166024,-10.5573042,normal
1461146701630,2016-04-20 20:05:01.630,12.0442969,-3.0093862,-9.3088667,normal
1461146701638,2016-04-20 20:05:01.638,11.664305,-3.177339,-8.6924273,normal
1461146701646,2016-04-20 20:05:01.646,10.6899155,-2.3106804,-7.5241397,normal
1461146701656,2016-04-20 20:05:01.656,11.8614642,-2.1528861,-4.5919863,normal
1461146701667,2016-04-20 20:05:01.667,9.9627499,-0.9341958,-3.4855823,normal
1461146701677,2016-04-20 20:05:01.677,8.4818454,-2.9402206,-5.2233083,normal
1461146701685,2016-04-20 20:05:01.685,9.7156784,-2.5424042,-3.1281092,normal
1461146701694,2016-04-20 20:05:01.694,8.1896157,-4.149172,-2.8763842,normal
1461146701703,2016-04-20 20:05:01.703,7.8903069,-3.6983068,-2.9665458,normal
1461146701711,2016-04-20 20:05:01.711,8.1752794,-3.2254313,-2.8176839,normal
1461146701723,2016-04-20 20:05:01.723,8.5080571,-3.0632619,-0.5256186,normal
1461146701732,2016-04-20 20:05:01.732,8.0465634,-2.7266888,0.1081473,normal
1461146701740,2016-04-20 20:05:01.740,8.1878029,-4.1409274,-1.4600796,normal
1461146701750,2016-04-20 20:05:01.750,8.2987357,-4.481259,-0.5611848,normal
1461146701758,2016-04-20 20:05:01.758,6.9941597,-3.7032201,-0.3326557,normal
1461146701770,2016-04-20 20:05:01.770,8.0007745,-5.1947478,-1.4130559,normal
1461146701781,2016-04-20 20:05:01.781,7.1207955,-4.510833,-0.713562,normal
1461146701790,2016-04-20 20:05:01.790,7.3894786,-4.9247475,-1.3247535,normal
1461146701799,2016-04-20 20:05:01.799,7.1612376,-6.8374847,-0.0073195,normal
1461146701811,2016-04-20 20:05:01.811,6.8914365,-5.5483454,-1.4328841,normal
1461146701820,2016-04-20 20:05:01.820,8.1925869,-7.3704973,-0.661475,normal
1461146701828,2016-04-20 20:05:01.828,7.539758,-7.495312,0.5737714,normal
1461146701840,2016-04-20 20:05:01.840,6.6566882,-8.6649967,-0.0197939,normal
1461146701851,2016-04-20 20:05:01.851,6.3808422,-7.3340234,1.288341,normal
1461146701859,2016-04-20 20:05:01.859,5.3884153,-8.4589601,1.8853014,normal
1461146701869,2016-04-20 20:05:01.869,4.4167372,-7.2099807,3.0068605,normal
1461146701878,2016-04-20 20:05:01.878,3.9689329,-7.5089329,2.2232154,normal
1461146701890,2016-04-20 20:05:01.890,3.2874678,-7.8867471,2.4935064,normal
1461146701901,2016-04-20 20:05:01.901,3.1267705,-9.5765897,2.2969084,normal
1461146701910,2016-04-20 20:05:01.910,3.9546777,-9.6624783,2.1464627,normal
1461146701920,2016-04-20 20:05:01.920,3.9144369,-8.1784112,2.9692957,normal
1461146701932,2016-04-20 20:05:01.932,2.3423402,-9.2197353,3.8763449,normal
1461146701944,2016-04-20 20:05:01.944,2.1338797,-8.7839155,3.201031,normal
1461146701955,2016-04-20 20:05:01.955,2.8109259,-6.964546,3.994686,normal
1461146701965,2016-04-20 20:05:01.965,-1.3615707,-12.7902397,0.3470063,normal
1461146701973,2016-04-20 20:05:01.973,-0.2107853,-13.0281641,-0.5324262,normal
1461146701983,2016-04-20 20:05:01.983,-0.9729173,-11.7398368,-1.1452766,normal
1461146701999,2016-04-20 20:05:01.999,-2.6889215,-11.5241366,-1.1550817,normal
1461146702011,2016-04-20 20:05:02.011,6.0911667,-6.1664315,-2.9754133,normal
1461146702019,2016-04-20 20:05:02.019,5.7717442,-5.920937,-4.0378652,normal
1461146702027,2016-04-20 20:05:02.027,7.3456169,-7.3566557,-3.3057345,normal
1461146702036,2016-04-20 20:05:02.036,6.735022,-7.0392266,-3.4712928,normal
1461146702046,2016-04-20 20:05:02.046,6.4321291,-7.0430159,-3.7717997,normal
1461146702055,2016-04-20 20:05:02.055,7.1445165,-8.7484017,-3.005426,normal
1461146702066,2016-04-20 20:05:02.066,7.1251189,-7.6703545,-3.7662136,normal
1461146702077,2016-04-20 20:05:02.077,6.978204,-7.4632971,-2.9134735,normal
1461146702086,2016-04-20 20:05:02.086,6.4416415,-7.7981915,-3.0283037,normal
1461146702097,2016-04-20 20:05:02.097,7.1059516,-10.1282329,-3.2384449,normal
1461146702109,2016-04-20 20:05:02.109,6.5792626,-9.662033,-4.30333,normal
1461146702117,2016-04-20 20:05:02.117,6.1477801,-10.4031253,-4.3945304,normal
1461146702128,2016-04-20 20:05:02.128,6.0812447,-11.0695127,-3.4971584,normal
1461146702136,2016-04-20 20:05:02.136,4.8343398,-10.9704492,-4.3271065,normal
1461146702145,2016-04-20 20:05:02.145,5.2235901,-10.3261221,-3.7840837,normal
1461146702157,2016-04-20 20:05:02.157,4.4592225,-11.873061,-4.0327735,normal
1461146702169,2016-04-20 20:05:02.169,4.7633519,-12.214482,-5.3474471,normal
1461146702180,2016-04-20 20:05:02.180,3.9642554,-11.9831948,-5.5073652,normal
1461146702189,2016-04-20 20:05:02.189,5.1423044,-13.4079128,-5.8881877,normal
1461146702201,2016-04-20 20:05:02.201,4.5116493,-13.7942664,-5.6357511,normal
1461146702213,2016-04-20 20:05:02.213,3.9725611,-13.3284994,-6.2683298,normal
1461146702223,2016-04-20 20:05:02.223,4.6849035,-13.1291368,-5.9387945,normal
1461146702233,2016-04-20 20:05:02.233,4.6178643,-14.0813956,-5.7270019,normal
1461146702245,2016-04-20 20:05:02.245,2.959841,-14.1563898,-7.0000193,normal
1461146702257,2016-04-20 20:05:02.257,3.7583347,-14.0621351,-6.8773267,normal
1461146702269,2016-04-20 20:05:02.269,3.963529,-12.8410588,-7.4889411,normal
1461146702277,2016-04-20 20:05:02.277,5.5443162,-14.4518291,-6.4988872,normal
1461146702289,2016-04-20 20:05:02.289,5.943528,-13.7711711,-6.1725351,normal
1461146702298,2016-04-20 20:05:02.298,6.4965003,-12.3721185,-6.5733132,normal
1461146702307,2016-04-20 20:05:02.307,6.06495,-13.0493455,-5.5763946,normal
1461146702316,2016-04-20 20:05:02.316,5.7912742,-13.4206423,-5.6217241,normal
1461146702326,2016-04-20 20:05:02.326,7.1470557,-12.6290112,-6.2486145,normal
1461146702336,2016-04-20 20:05:02.336,5.8285551,-12.7222011,-5.9248417,normal
1461146702347,2016-04-20 20:05:02.347,6.5644979,-11.7491343,-6.0427421,normal
1461146702358,2016-04-20 20:05:02.358,6.3670793,-9.9188837,-5.2305495,normal
1461146702367,2016-04-20 20:05:02.367,4.9395803,-10.5512832,-3.9745312,normal
1461146702377,2016-04-20 20:05:02.377,4.2253149,-9.1460856,-3.534893,normal
1461146702387,2016-04-20 20:05:02.387,5.2643453,-8.9583383,-2.3005142,normal
1461146702399,2016-04-20 20:05:02.399,3.8638087,-9.2171917,-3.0401698,normal
1461146702408,2016-04-20 20:05:02.408,4.767619,-8.9173866,-3.4467461,normal
1461146702420,2016-04-20 20:05:02.420,4.374847,-7.6639446,-3.5467193,normal
1461146702432,2016-04-20 20:05:02.432,5.0074947,-6.5829104,-3.0871148,normal
1461146702442,2016-04-20 20:05:02.442,5.1359645,-5.6254047,-2.1136017,normal
1461146702450,2016-04-20 20:05:02.450,5.841876,-5.8859769,-3.0150457,normal
1461146702459,2016-04-20 20:05:02.459,7.6719449,-5.1074564,-1.3905354,normal
1461146702469,2016-04-20 20:05:02.469,5.4053054,-5.0152324,-0.0509321,normal
1461146702477,2016-04-20 20:05:02.477,5.269523,-4.4453624,-0.6022761,normal
1461146702485,2016-04-20 20:05:02.485,5.7395196,-5.356345,0.4448178,normal
1461146702495,2016-04-20 20:05:02.495,6.5847029,-5.7525285,-0.7298301,normal
1461146702504,2016-04-20 20:05:02.504,6.5555219,-4.483617,-1.3288972,normal
1461146702515,2016-04-20 20:05:02.515,5.2699637,-3.840951,0.312297,normal
1461146702524,2016-04-20 20:05:02.524,5.9156044,-4.5225061,0.5362318,normal
1461146702536,2016-04-20 20:05:02.536,4.9603096,-4.7930016,0.1795608,normal
1461146702548,2016-04-20 20:05:02.548,5.2234355,-5.1069278,0.6482427,normal
1461146702560,2016-04-20 20:05:02.560,4.7182444,-3.6396325,0.1558405,normal
1461146702572,2016-04-20 20:05:02.572,3.6003177,-4.9963508,1.5183241,normal
1461146702581,2016-04-20 20:05:02.581,4.034392,-5.0983351,2.1569798,normal
1461146702590,2016-04-20 20:05:02.590,3.5092779,-4.1116274,1.8550249,normal
1461146702598,2016-04-20 20:05:02.598,2.8914119,-4.0291832,1.8880095,normal
1461146702608,2016-04-20 20:05:02.608,2.933851,-5.6388729,2.0921203,normal
1461146702619,2016-04-20 20:05:02.619,3.9136882,-3.9268174,1.3405499,normal
1461146702631,2016-04-20 20:05:02.631,3.2787214,-3.9764941,2.0298765,normal
1461146702642,2016-04-20 20:05:02.642,3.2462536,-4.4829849,2.6453879,normal
1461146702651,2016-04-20 20:05:02.651,1.9068027,-4.6373146,1.533669,normal
1461146702660,2016-04-20 20:05:02.660,3.0177795,-5.4326197,2.7496526,normal
1461146702670,2016-04-20 20:05:02.670,1.2761815,-4.5839842,3.5284225,normal
1461146702678,2016-04-20 20:05:02.678,2.3114155,-5.6144903,3.3372408,normal
1461146702688,2016-04-20 20:05:02.688,1.0834015,-4.645979,4.5963901,normal
1461146702700,2016-04-20 20:05:02.700,1.7568266,-4.7954409,5.110087,normal
1461146702711,2016-04-20 20:05:02.711,1.4048005,-5.5676444,5.1908039,normal
1461146702723,2016-04-20 20:05:02.723,2.4647725,-6.7657078,3.9261456,normal
1461146702732,2016-04-20 20:05:02.732,1.1977402,-6.0612459,3.9842783,normal
1461146702740,2016-04-20 20:05:02.740,1.3052258,-6.399114,4.8071077,normal
1461146702752,2016-04-20 20:05:02.752,1.1922648,-6.7357713,3.0808812,normal
1461146702762,2016-04-20 20:05:02.762,1.8492661,-7.7160186,4.485449,normal
1461146702772,2016-04-20 20:05:02.772,1.1086975,-6.606896,5.1783143,normal
1461146702780,2016-04-20 20:05:02.780,1.1421271,-6.3752558,3.9356696,normal
1461146702791,2016-04-20 20:05:02.791,2.3501687,-7.8254138,4.1204965,normal
1461146702803,2016-04-20 20:05:02.803,2.2147903,-7.1355847,3.6826492,normal
1461146702813,2016-04-20 20:05:02.813,1.2628844,-8.369158,4.3500316,normal
1461146702824,2016-04-20 20:05:02.824,1.226221,-7.6315968,4.7474015,normal
1461146702836,2016-04-20 20:05:02.836,1.9065499,-8.701308,5.9583505,normal
1461146702844,2016-04-20 20:05:02.844,1.9400442,-8.3888327,5.5534453,normal
1461146702853,2016-04-20 20:05:02.853,1.8649629,-8.3736311,5.1351417,normal
1461146702864,2016-04-20 20:05:02.864,2.6965595,-8.1116303,5.6634664,normal
1461146702876,2016-04-20 20:05:02.876,2.1746402,-7.9028204,4.2546799,normal
1461146702886,2016-04-20 20:05:02.886,2.1275662,-9.5159732,4.6127228,normal
1461146702898,2016-04-20 20:05:02.898,2.095967,-9.5392013,4.0558399,normal
1461146702909,2016-04-20 20:05:02.909,2.6000708,-9.0519935,4.3213187,normal
1461146702920,2016-04-20 20:05:02.920,3.6092786,-9.484999,5.3326799,normal
1461146702929,2016-04-20 20:05:02.929,3.4580196,-9.6950926,6.0763812,normal
1461146702938,2016-04-20 20:05:02.938,3.2205692,-8.7925064,4.7118637,normal
1461146702947,2016-04-20 20:05:02.947,2.1398906,-9.3279174,5.3852907,normal
1461146702958,2016-04-20 20:05:02.958,2.0779569,-10.3017057,4.1440534,normal
1461146702970,2016-04-20 20:05:02.970,2.6628513,-10.5303504,4.1109273,normal
1461146702980,2016-04-20 20:05:02.980,3.1762879,-10.4266164,4.5070173,normal
1461146702991,2016-04-20 20:05:02.991,2.5591696,-10.3684732,3.5312315,normal
1461146702998,2016-04-20 20:05:02.998,2.5063789,-10.5067847,4.1183972,normal
1461146703010,2016-04-20 20:05:03.010,6.0865142,-7.1485629,-6.3591645,normal
1461146703021,2016-04-20 20:05:03.021,6.1402301,-6.506144,-5.6652891,normal
1461146703030,2016-04-20 20:05:03.030,6.8915785,-7.0437399,-7.7674662,normal
1461146703038,2016-04-20 20:05:03.038,6.4119571,-6.7936172,-7.892198,normal
1461146703046,2016-04-20 20:05:03.046,7.9595345,-7.3193853,-7.8765047,normal
1461146703058,2016-04-20 20:05:03.058,7.9252359,-7.6350154,-7.6885651,normal
1461146703067,2016-04-20 20:05:03.067,8.224685,-7.4848138,-8.7101701,normal
1461146703079,2016-04-20 20:05:03.079,7.9758398,-7.2738229,-8.4515348,normal
1461146703091,2016-04-20 20:05:03.091,6.9389317,-7.2959851,-9.982286,normal
1461146703099,2016-04-20 20:05:03.099,7.8760203,-7.4248746,-9.4063764,normal
1461146703109,2016-04-20 20:05:03.109,7.5849333,-8.1305646,-8.5207863,normal
1461146703121,2016-04-20 20:05:03.121,7.7575693,-8.1119038,-8.9305689,normal
1461146703132,2016-04-20 20:05:03.132,6.8335919,-7.4375793,-9.4932092,normal
1461146703141,2016-04-20 20:05:03.141,6.1998203,-6.9259047,-9.0199844,normal
1461146703149,2016-04-20 20:05:03.149,7.0404304,-7.8972333,-9.9835688,normal
1461146703158,2016-04-20 20:05:03.158,7.7377349,-9.3003803,-11.183592,normal
1461146703168,2016-04-20 20:05:03.168,7.9579279,-8.1730289,-10.905392,normal
1461146703178,2016-04-20 20:05:03.178,9.6044406,-8.4267867,-11.4897902,normal
1461146703189,2016-04-20 20:05:03.189,9.6637399,-8.3951024,-12.0735274,normal
1461146703200,2016-04-20 20:05:03.200,10.6417808,-8.173004,-9.9729992,normal
1461146703208,2016-04-20 20:05:03.208,9.4474129,-9.1862453,-10.0859167,normal
1461146703216,2016-04-20 20:05:03.216,9.6971301,-7.6005438,-8.3155137,normal
1461146703227,2016-04-20 20:05:03.227,9.4603635,-8.279007,-6.7287699,normal
1461146703237,2016-04-20 20:05:03.237,7.7981287,-7.1374237,-7.1269742,normal
1461146703247,2016-04-20 20:05:03.247,7.1950178,-7.5618224,-6.7026004,normal
1461146703256,2016-04-20 20:05:03.256,8.0474402,-6.9826793,-5.7695286,normal
1461146703265,2016-04-20 20:05:03.265,8.7981658,-6.6184106,-6.377728,normal
1461146703275,2016-04-20 20:05:03.275,9.1446706,-6.4582997,-6.211296,normal
1461146703286,2016-04-20 20:05:03.286,8.4926953,-4.3616981,-5.8856676,normal
1461146703297,2016-04-20 20:05:03.297,9.5871408,-3.2133918,-3.7120663,normal
1461146703305,2016-04-20 20:05:03.305,7.9196759,-7.4559531,-1.7734385,normal
1461146703313,2016-04-20 20:05:03.313,7.4629903,-3.6909017,-1.864941,normal
1461146703324,2016-04-20 20:05:03.324,5.9125851,-2.4216126,-2.523678,normal
1461146703332,2016-04-20 20:05:03.332,5.5893275,-1.90633,-1.5485278,normal
1461146703340,2016-04-20 20:05:03.340,7.1311652,-1.893913,-3.0303374,normal
1461146703348,2016-04-20 20:05:03.348,6.0050069,-2.8389331,-1.4987672,normal
1461146703360,2016-04-20 20:05:03.360,5.9422592,-2.817953,-2.227964,normal
1461146703368,2016-04-20 20:05:03.368,5.855066,-2.7156858,-0.9890632,normal
1461146703378,2016-04-20 20:05:03.378,3.9423134,-2.9064818,-0.7081015,normal
1461146703386,2016-04-20 20:05:03.386,3.4013402,-2.5734857,-0.3759097,normal
1461146703397,2016-04-20 20:05:03.397,3.8698774,-2.9620013,-1.0412807,normal
1461146703406,2016-04-20 20:05:03.406,4.4471644,-4.6210535,-1.6384026,normal
1461146703414,2016-04-20 20:05:03.414,3.7730883,-3.5474917,-1.4512977,normal
1461146703426,2016-04-20 20:05:03.426,2.9323588,-3.395543,-1.3845067,normal
1461146703434,2016-04-20 20:05:03.434,2.9184035,-2.957047,-2.0097766,normal
1461146703446,2016-04-20 20:05:03.446,3.1715643,-3.2404613,-1.2295821,normal
1461146703456,2016-04-20 20:05:03.456,3.5134997,-4.6058029,-1.8818792,normal
1461146703468,2016-04-20 20:05:03.468,4.1766981,-5.4498684,-2.1917662,normal
1461146703476,2016-04-20 20:05:03.476,3.3042122,-5.5255225,-2.2226147,normal
1461146703486,2016-04-20 20:05:03.486,2.9608538,-4.646615,-1.676689,normal
1461146703497,2016-04-20 20:05:03.497,2.1953278,-5.3840622,-2.4328686,normal
1461146703508,2016-04-20 20:05:03.508,2.9002637,-5.9133304,-2.1692103,normal
1461146703518,2016-04-20 20:05:03.518,2.4843709,-5.2595516,-1.0350363,normal
1461146703529,2016-04-20 20:05:03.529,2.4838111,-5.0156752,-1.2619666,normal
1461146703541,2016-04-20 20:05:03.541,1.838074,-5.2461817,-1.866823,normal
1461146703553,2016-04-20 20:05:03.553,1.9674999,-6.0540354,-2.3821368,normal
1461146703564,2016-04-20 20:05:03.564,0.7507176,-5.99742,-1.1450111,normal
1461146703573,2016-04-20 20:05:03.573,1.2604118,-6.7795416,-2.4122042,normal
1461146703585,2016-04-20 20:05:03.585,0.9113106,-6.6641498,-2.4035016,normal
1461146703595,2016-04-20 20:05:03.595,2.3592397,-7.6682166,-1.5047465,normal
1461146703604,2016-04-20 20:05:03.604,1.3936135,-7.5789401,-1.3385653,normal
1461146703615,2016-04-20 20:05:03.615,1.9296817,-8.2913654,-1.4842434,normal
1461146703625,2016-04-20 20:05:03.625,1.3524035,-8.5864476,-2.396373,normal
1461146703634,2016-04-20 20:05:03.634,1.2574834,-7.9914714,-3.023112,normal
1461146703642,2016-04-20 20:05:03.642,3.1330674,-9.0611236,-1.8278087,normal
1461146703651,2016-04-20 20:05:03.651,2.23397,-8.8462993,-2.6311785,normal
1461146703660,2016-04-20 20:05:03.660,2.1572063,-7.3104596,-2.3111992,normal
1461146703669,2016-04-20 20:05:03.669,2.3287864,-8.2121362,-2.3497206,normal
1461146703677,2016-04-20 20:05:03.677,2.8874626,-8.8576327,-2.6881405,normal
1461146703686,2016-04-20 20:05:03.686,2.9613086,-7.3651635,-2.2445629,normal
1461146703698,2016-04-20 20:05:03.698,2.6266361,-9.0408832,-3.8011839,normal
1461146703710,2016-04-20 20:05:03.710,2.1621154,-8.9719127,-3.1977641,normal
1461146703718,2016-04-20 20:05:03.718,4.0246529,-7.8308548,-3.1691726,normal
1461146703728,2016-04-20 20:05:03.728,3.366091,-9.3960934,-4.3060812,normal
1461146703737,2016-04-20 20:05:03.737,4.0134164,-8.56756,-3.5860719,normal
1461146703749,2016-04-20 20:05:03.749,2.3650818,-9.6983855,-2.9052069,normal
1461146703760,2016-04-20 20:05:03.760,2.6123184,-8.7432706,-3.4514356,normal
1461146703772,2016-04-20 20:05:03.772,3.8437215,-7.8293349,-2.6477736,normal
1461146703782,2016-04-20 20:05:03.782,4.0039394,-8.9985672,-3.87489,normal
1461146703791,2016-04-20 20:05:03.791,3.0818893,-7.6908935,-4.3735162,normal
1461146703803,2016-04-20 20:05:03.803,4.1811275,-8.3074284,-4.0825957,normal
1461146703811,2016-04-20 20:05:03.811,3.9930819,-9.5208967,-2.8250784,normal
1461146703823,2016-04-20 20:05:03.823,2.9871568,-9.0147251,-2.9625411,normal
1461146703832,2016-04-20 20:05:03.832,3.3592295,-8.3669586,-3.3069655,normal
1461146703842,2016-04-20 20:05:03.842,2.4859914,-7.8251851,-3.5892918,normal
1461146703850,2016-04-20 20:05:03.850,3.3367765,-9.1053658,-3.4664419,normal
1461146703858,2016-04-20 20:05:03.858,3.3230369,-7.8486407,-4.2432547,normal
1461146703866,2016-04-20 20:05:03.866,2.6894627,-7.92784,-4.7962471,normal
1461146703876,2016-04-20 20:05:03.876,4.386988,-9.5084756,-3.7275447,normal
1461146703888,2016-04-20 20:05:03.888,3.2889411,-8.7134522,-3.7542432,normal
1461146703896,2016-04-20 20:05:03.896,4.2924047,-8.0880881,-3.8588628,normal
1461146703905,2016-04-20 20:05:03.905,3.4075888,-8.7961924,-4.8861295,normal
1461146703913,2016-04-20 20:05:03.913,3.6324234,-8.9661494,-3.415717,normal
1461146703924,2016-04-20 20:05:03.924,3.1365442,-7.8838546,-4.6645377,normal
1461146703933,2016-04-20 20:05:03.933,3.3054908,-8.0950864,-3.8184421,normal
1461146703945,2016-04-20 20:05:03.945,2.9405853,-8.5727493,-3.7998032,normal
1461146703957,2016-04-20 20:05:03.957,4.0607078,-8.915851,-5.2284281,normal
1461146703966,2016-04-20 20:05:03.966,4.0645747,-7.931219,-5.372879,normal
1461146703997,2016-04-20 20:05:03.997,4.243697,-8.2960428,-4.5748863,normal
1461146704007,2016-04-20 20:05:04.007,1.7581783,-7.6986819,3.6152008,normal
1461146704015,2016-04-20 20:05:04.015,2.8223506,-8.9708484,3.6452493,normal
1461146704025,2016-04-20 20:05:04.025,2.8179768,-7.9264989,4.479683,normal
1461146704037,2016-04-20 20:05:04.037,2.6536305,-8.1486221,3.750778,normal
1461146704045,2016-04-20 20:05:04.045,1.4998518,-8.0208839,3.7826377,normal
1461146704055,2016-04-20 20:05:04.055,2.7174073,-6.8213999,3.7469883,normal
1461146704066,2016-04-20 20:05:04.066,2.8036815,-7.0320929,3.3784203,normal
1461146704076,2016-04-20 20:05:04.076,2.7244344,-9.0413148,3.549942,normal
1461146704088,2016-04-20 20:05:04.088,2.1876909,-9.2810205,2.5495682,normal
1461146704098,2016-04-20 20:05:04.098,3.4556009,-9.449276,1.4668198,normal
1461146704106,2016-04-20 20:05:04.106,3.5099709,-10.027848,0.9358054,normal
1461146704116,2016-04-20 20:05:04.116,2.5831426,-10.6782596,2.6537082,normal
1461146704126,2016-04-20 20:05:04.126,2.8626612,-9.8514156,1.750675,normal
1461146704138,2016-04-20 20:05:04.138,3.341972,-8.4921545,4.173183,normal
1461146704149,2016-04-20 20:05:04.149,3.8510745,-8.328418,3.58742,normal
1461146704161,2016-04-20 20:05:04.161,3.5137965,-8.7376528,4.524656,normal
1461146704173,2016-04-20 20:05:04.173,2.5231356,-9.5581187,4.337144,normal
1461146704181,2016-04-20 20:05:04.181,3.1539037,-9.7741185,3.8614378,normal
1461146704192,2016-04-20 20:05:04.192,3.9608771,-9.9265163,3.1106188,normal
1461146704200,2016-04-20 20:05:04.200,3.382483,-11.4945333,1.1906806,normal
1461146704209,2016-04-20 20:05:04.209,3.2425006,-9.9779518,1.2485519,normal
1461146704218,2016-04-20 20:05:04.218,4.7111656,-9.623907,0.7447912,normal
1461146704227,2016-04-20 20:05:04.227,3.5871119,-10.4506787,1.6324537,normal
1461146704237,2016-04-20 20:05:04.237,4.6272484,-8.9465672,1.6145019,normal
1461146704245,2016-04-20 20:05:04.245,4.3464179,-9.1065437,0.7742582,normal
1461146704254,2016-04-20 20:05:04.254,4.5730862,-9.3594424,2.8948186,normal
1461146704264,2016-04-20 20:05:04.264,2.9692891,-9.4373968,3.1003919,normal
1461146704275,2016-04-20 20:05:04.275,3.3980604,-9.3596079,2.8071008,normal
1461146704285,2016-04-20 20:05:04.285,3.8246412,-9.9703542,1.7447534,normal
1461146704293,2016-04-20 20:05:04.293,3.019028,-10.1771993,1.7417192,normal
1461146704303,2016-04-20 20:05:04.303,3.3759862,-9.822346,1.2621951,normal
1461146704312,2016-04-20 20:05:04.312,3.6319038,-9.5043585,0.6565512,normal
1461146704320,2016-04-20 20:05:04.320,4.8863111,-10.830882,0.1394222,normal
1461146704332,2016-04-20 20:05:04.332,3.5425072,-9.3131519,0.4686859,normal
1461146704344,2016-04-20 20:05:04.344,4.0188977,-9.9402956,0.7171477,normal
1461146704355,2016-04-20 20:05:04.355,4.8825945,-9.8814169,-0.5226545,normal
1461146704365,2016-04-20 20:05:04.365,3.2907893,-9.3189436,1.3331469,normal
1461146704374,2016-04-20 20:05:04.374,4.9307707,-9.7649339,0.9796222,normal
1461146704382,2016-04-20 20:05:04.382,3.4048467,-8.8344891,1.3788863,normal
1461146704391,2016-04-20 20:05:04.391,3.5834467,-10.5112065,1.1427349,normal
1461146704403,2016-04-20 20:05:04.403,4.0111279,-10.5401622,-0.0866024,normal
1461146704414,2016-04-20 20:05:04.414,4.9441796,-10.629408,0.2731579,normal
1461146704425,2016-04-20 20:05:04.425,3.2707952,-9.4757847,-0.9946097,normal
1461146704434,2016-04-20 20:05:04.434,4.4900457,-9.4145309,-0.9316179,normal
1461146704446,2016-04-20 20:05:04.446,5.2452146,-9.6786553,-0.5297306,normal
1461146704458,2016-04-20 20:05:04.458,3.7522084,-8.9112893,-1.4847312,normal
1461146704468,2016-04-20 20:05:04.468,3.3389717,-10.1531348,0.2390056,normal
1461146704478,2016-04-20 20:05:04.478,4.8586313,-9.1191399,-0.6345483,normal
1461146704488,2016-04-20 20:05:04.488,5.32941,-9.4699985,-1.1272152,normal
1461146704496,2016-04-20 20:05:04.496,3.8736898,-8.7983458,-0.9328291,normal
1461146704506,2016-04-20 20:05:04.506,4.7312535,-8.5640855,0.4929052,normal
1461146704515,2016-04-20 20:05:04.515,4.7249883,-9.7223725,-1.0798775,normal
1461146704524,2016-04-20 20:05:04.524,3.7486376,-9.112102,-0.8728442,normal
1461146704533,2016-04-20 20:05:04.533,4.4134765,-9.4211054,-0.6590218,normal
1461146704541,2016-04-20 20:05:04.541,3.6447954,-8.2930506,-0.7758434,normal
1461146704553,2016-04-20 20:05:04.553,4.7325762,-8.8107128,-0.4772211,normal
1461146704563,2016-04-20 20:05:04.563,4.8584221,-9.2395756,-1.5468918,normal
1461146704573,2016-04-20 20:05:04.573,3.875089,-8.7960385,-0.1217955,normal
1461146704584,2016-04-20 20:05:04.584,5.3299848,-9.2567797,0.0724197,normal
1461146704596,2016-04-20 20:05:04.596,4.3920298,-7.7066924,-1.0938014,normal
1461146704607,2016-04-20 20:05:04.607,4.9620608,-8.6225892,-0.8391979,normal
1461146704616,2016-04-20 20:05:04.616,3.7133201,-8.5400157,0.5083746,normal
1461146704628,2016-04-20 20:05:04.628,4.3452472,-8.844943,-0.8720624,normal
1461146704640,2016-04-20 20:05:04.640,4.1427635,-8.2100124,-0.7573049,normal
1461146704649,2016-04-20 20:05:04.649,5.4870499,-8.1661662,-0.8545466,normal
1461146704660,2016-04-20 20:05:04.660,5.0633793,-8.1733871,-1.2082998,normal
1461146704670,2016-04-20 20:05:04.670,5.6710105,-8.1509863,-1.6626835,normal
1461146704679,2016-04-20 20:05:04.679,5.3710696,-8.1809027,-0.5420243,normal
1461146704687,2016-04-20 20:05:04.687,5.4137398,-7.5842176,-2.3005859,normal
1461146704696,2016-04-20 20:05:04.696,5.0836815,-7.3815598,-1.8500415,normal
1461146704707,2016-04-20 20:05:04.707,5.8315375,-8.051679,-0.9463177,normal
1461146704716,2016-04-20 20:05:04.716,5.9769267,-7.5298753,-1.7819522,normal
1461146704728,2016-04-20 20:05:04.728,4.9523031,-7.7692099,-1.829541,normal
1461146704738,2016-04-20 20:05:04.738,5.9630131,-7.4427639,-1.2264125,normal
1461146704750,2016-04-20 20:05:04.750,5.6343637,-7.3220316,-1.6590449,normal
1461146704758,2016-04-20 20:05:04.758,6.5811593,-6.3717908,-2.8021838,normal
1461146704766,2016-04-20 20:05:04.766,6.7489276,-6.5184841,-2.8986633,normal
1461146704775,2016-04-20 20:05:04.775,5.8245687,-6.1518635,-3.4984175,normal
1461146704787,2016-04-20 20:05:04.787,5.9736715,-6.9715661,-3.8333201,normal
1461146704795,2016-04-20 20:05:04.795,5.8091092,-6.4441063,-2.9449878,normal
1461146704803,2016-04-20 20:05:04.803,6.8373798,-7.17932,-2.9851796,normal
1461146704815,2016-04-20 20:05:04.815,7.0404064,-7.3089404,-3.3969827,normal
1461146704825,2016-04-20 20:05:04.825,6.3771616,-6.6514442,-4.5044147,normal
1461146704836,2016-04-20 20:05:04.836,7.5559009,-6.6823918,-4.4215007,normal
1461146704847,2016-04-20 20:05:04.847,7.9642146,-7.0349262,-4.2803217,normal
1461146704856,2016-04-20 20:05:04.856,6.2362639,-5.7759479,-3.9501836,normal
1461146704866,2016-04-20 20:05:04.866,6.0989366,-5.6006611,-5.4597638,normal
1461146704874,2016-04-20 20:05:04.874,7.1110963,-5.4006733,-4.9651282,normal
1461146704886,2016-04-20 20:05:04.886,8.1079853,-4.5348312,-5.6638453,normal
1461146704894,2016-04-20 20:05:04.894,7.005451,-5.1029305,-4.9299458,normal
1461146704905,2016-04-20 20:05:04.905,6.2427772,-6.8738144,-5.8094238,normal
1461146704916,2016-04-20 20:05:04.916,7.4504397,-6.0750563,-5.3051233,normal
1461146704924,2016-04-20 20:05:04.924,7.8412163,-5.1300334,-6.0216965,normal
1461146704936,2016-04-20 20:05:04.936,7.0585974,-5.0295156,-6.0764841,normal
1461146704944,2016-04-20 20:05:04.944,8.1029654,-4.3720415,-5.263084,normal
1461146704955,2016-04-20 20:05:04.955,6.450112,-4.0136422,-5.8696834,normal
1461146704996,2016-04-20 20:05:04.996,6.7763,-5.3630275,-4.2736266,normal
1461146705008,2016-04-20 20:05:05.008,3.9320979,-8.6254613,3.3554248,normal
1461146705016,2016-04-20 20:05:05.016,4.4633775,-7.1290209,2.5629061,normal
1461146705024,2016-04-20 20:05:05.024,3.9353593,-7.59436,1.4084406,normal
1461146705032,2016-04-20 20:05:05.032,4.8256839,-7.1737939,2.8222291,normal
1461146705044,2016-04-20 20:05:05.044,5.222946,-7.6318809,2.4496543,normal
1461146705056,2016-04-20 20:05:05.056,5.325676,-8.7788432,1.2519668,normal
1461146705068,2016-04-20 20:05:05.068,4.2264424,-8.1623569,1.8203748,normal
1461146705077,2016-04-20 20:05:05.077,5.6445214,-7.3175669,1.3213812,normal
1461146705085,2016-04-20 20:05:05.085,5.0745642,-7.6177936,1.3642895,normal
1461146705097,2016-04-20 20:05:05.097,5.5843067,-7.2004376,1.7690121,normal
1461146705105,2016-04-20 20:05:05.105,5.9482408,-7.5236699,2.3284603,normal
1461146705116,2016-04-20 20:05:05.116,5.5813912,-8.5604559,2.0195777,normal
1461146705124,2016-04-20 20:05:05.124,5.2312145,-7.9974509,0.6973813,normal
1461146705134,2016-04-20 20:05:05.134,5.3940814,-7.6271719,0.1949576,normal
1461146705143,2016-04-20 20:05:05.143,5.0268448,-6.8021464,0.0528196,normal
1461146705154,2016-04-20 20:05:05.154,5.7271884,-7.1702433,0.29281,normal
1461146705164,2016-04-20 20:05:05.164,4.601915,-8.350232,0.5615317,normal
1461146705173,2016-04-20 20:05:05.173,5.480447,-7.2203295,0.0980873,normal
1461146705181,2016-04-20 20:05:05.181,4.7147424,-6.9980405,1.1086107,normal
1461146705189,2016-04-20 20:05:05.189,5.8364965,-8.3448379,-0.3849382,normal
1461146705197,2016-04-20 20:05:05.197,5.4415159,-8.0575629,-0.3969775,normal
1461146705208,2016-04-20 20:05:05.208,4.7435495,-8.0290054,-0.0452446,normal
1461146705216,2016-04-20 20:05:05.216,5.7379216,-8.8204701,-0.1755801,normal
1461146705224,2016-04-20 20:05:05.224,5.0122818,-8.7221444,0.7340009,normal
1461146705233,2016-04-20 20:05:05.233,4.8906838,-8.6771398,-0.1654743,normal
1461146705242,2016-04-20 20:05:05.242,5.9322138,-7.0825582,1.0223604,normal
1461146705250,2016-04-20 20:05:05.250,4.7109228,-7.457787,0.3151847,normal
1461146705258,2016-04-20 20:05:05.258,5.9108085,-7.303498,0.6060814,normal
1461146705270,2016-04-20 20:05:05.270,4.2146885,-9.129557,-0.321346,normal
1461146705279,2016-04-20 20:05:05.279,4.9003709,-9.2432457,0.5688515,normal
1461146705289,2016-04-20 20:05:05.289,5.8496959,-8.5672639,0.6544468,normal
1461146705298,2016-04-20 20:05:05.298,5.5763959,-7.8682007,0.1325214,normal
1461146705307,2016-04-20 20:05:05.307,6.1480956,-8.8690663,-0.8583168,normal
1461146705316,2016-04-20 20:05:05.316,4.8370283,-7.9992326,0.473581,normal
1461146705324,2016-04-20 20:05:05.324,4.4179979,-8.2996271,-0.4521858,normal
1461146705332,2016-04-20 20:05:05.332,4.9786376,-7.0175427,-0.1461532,normal
1461146705341,2016-04-20 20:05:05.341,4.7945575,-6.7276874,-0.9285625,normal
1461146705350,2016-04-20 20:05:05.350,6.0515785,-7.5662932,-0.3522011,normal
1461146705358,2016-04-20 20:05:05.358,6.1571475,-6.8535284,-1.7067562,normal
1461146705370,2016-04-20 20:05:05.370,5.9248444,-6.7628679,-0.5206681,normal
1461146705382,2016-04-20 20:05:05.382,6.6544067,-8.1773864,-1.6956896,normal
1461146705391,2016-04-20 20:05:05.391,6.3588778,-8.8324046,-1.3758254,normal
1461146705402,2016-04-20 20:05:05.402,6.0873999,-7.7704204,-1.3544256,normal
1461146705414,2016-04-20 20:05:05.414,5.6725315,-8.2912853,-1.0556166,normal
1461146705424,2016-04-20 20:05:05.424,6.7815707,-9.637973,-1.0270989,normal
1461146705433,2016-04-20 20:05:05.433,5.7988696,-9.6864682,-1.7931788,normal
1461146705444,2016-04-20 20:05:05.444,6.0713869,-9.1514346,-1.4589527,normal
1461146705455,2016-04-20 20:05:05.455,6.1242928,-7.3500115,-2.0322666,normal
1461146705464,2016-04-20 20:05:05.464,7.2961439,-7.8398077,-0.9111505,normal
1461146705474,2016-04-20 20:05:05.474,7.4679715,-6.103484,-1.2023112,normal
1461146705486,2016-04-20 20:05:05.486,6.9450923,-6.1608239,-2.3080906,normal
1461146705495,2016-04-20 20:05:05.495,8.1248365,-6.3398208,-1.7951862,normal
1461146705504,2016-04-20 20:05:05.504,7.0352147,-7.9298486,-2.9306941,normal
1461146705515,2016-04-20 20:05:05.515,8.6187015,-8.2831331,-2.5869112,normal
1461146705524,2016-04-20 20:05:05.524,8.8102846,-7.9185209,-2.1527852,normal
1461146705535,2016-04-20 20:05:05.535,8.8525326,-8.327879,-1.0770449,normal
1461146705544,2016-04-20 20:05:05.544,8.9785381,-8.0536581,-1.1760358,normal
1461146705554,2016-04-20 20:05:05.554,8.2747502,-8.7225852,-3.4165375,normal
1461146705563,2016-04-20 20:05:05.563,10.1409737,-7.9862237,-3.2130151,normal
1461146705575,2016-04-20 20:05:05.575,9.0324049,-8.1529386,-3.8247773,normal
1461146705585,2016-04-20 20:05:05.585,11.026675,-8.8817088,-3.7112895,normal
1461146705593,2016-04-20 20:05:05.593,9.9954455,-9.1970786,-2.7495422,normal
1461146705603,2016-04-20 20:05:05.603,10.9344915,-8.7059977,-4.4718323,normal
1461146705614,2016-04-20 20:05:05.614,10.2595024,-6.8376171,-4.0226616,normal
1461146705626,2016-04-20 20:05:05.626,10.9087437,-7.2838397,-3.5608196,normal
1461146705636,2016-04-20 20:05:05.636,10.1432498,-7.6139818,-4.2363511,normal
1461146705647,2016-04-20 20:05:05.647,10.7590484,-6.2120343,-3.0338542,normal
1461146705657,2016-04-20 20:05:05.657,9.7332446,-6.2891438,-4.3290307,normal
1461146705669,2016-04-20 20:05:05.669,10.009907,-7.1594813,-4.0575816,normal
1461146705680,2016-04-20 20:05:05.680,11.0232784,-6.9276806,-4.7716882,normal
1461146705689,2016-04-20 20:05:05.689,9.9650294,-5.6759902,-4.2783552,normal
1461146705698,2016-04-20 20:05:05.698,10.0559541,-7.1157242,-3.8336012,normal
1461146705706,2016-04-20 20:05:05.706,8.6442552,-6.3834418,-3.5583572,normal
1461146705717,2016-04-20 20:05:05.717,9.8432388,-6.6599563,-2.9403037,normal
1461146705727,2016-04-20 20:05:05.727,8.6993523,-7.4107467,-3.8670147,normal
1461146705738,2016-04-20 20:05:05.738,9.1735958,-8.5821076,-3.8221301,normal
1461146705748,2016-04-20 20:05:05.748,8.4092474,-8.4466965,-2.6942444,normal
1461146705760,2016-04-20 20:05:05.760,8.1119146,-8.110343,-3.4192168,normal
1461146705768,2016-04-20 20:05:05.768,9.1769889,-9.0812032,-3.4951766,normal
1461146705778,2016-04-20 20:05:05.778,8.3836253,-9.6576688,-3.3608414,normal
1461146705787,2016-04-20 20:05:05.787,9.4766536,-8.7331931,-4.0804937,normal
1461146705796,2016-04-20 20:05:05.796,8.3303789,-9.2043216,-4.8151858,normal
1461146705807,2016-04-20 20:05:05.807,8.4365163,-10.6414837,-4.6852839,normal
1461146705817,2016-04-20 20:05:05.817,8.7332898,-10.0685315,-4.2925754,normal
1461146705825,2016-04-20 20:05:05.825,7.9610605,-10.2778913,-3.5845973,normal
1461146705833,2016-04-20 20:05:05.833,8.8663898,-10.6584292,-4.3832394,normal
1461146705842,2016-04-20 20:05:05.842,7.9912855,-10.3590294,-4.7139475,normal
1461146705853,2016-04-20 20:05:05.853,7.6204368,-12.4834387,-5.0043679,normal
1461146705863,2016-04-20 20:05:05.863,8.719351,-13.0042151,-5.5891513,normal
1461146705871,2016-04-20 20:05:05.871,6.74561,-11.9599133,-4.9032612,normal
1461146705883,2016-04-20 20:05:05.883,6.9221202,-12.0569781,-4.7016963,normal
1461146705891,2016-04-20 20:05:05.891,7.5929133,-12.0455049,-5.9306146,normal
1461146705902,2016-04-20 20:05:05.902,5.7136511,-11.1351854,-5.6111247,normal
1461146705912,2016-04-20 20:05:05.912,6.2319969,-12.2152721,-5.3075231,normal
1461146705995,2016-04-20 20:05:05.995,6.2571773,-12.9779528,-3.6923712,normal
1461146706006,2016-04-20 20:05:06.006,4.3243085,-7.3234799,2.1320811,normal
1461146706018,2016-04-20 20:05:06.018,4.13493,-9.1283925,1.7258408,normal
1461146706030,2016-04-20 20:05:06.030,3.2399727,-7.6765808,3.5498592,normal
1461146706042,2016-04-20 20:05:06.042,2.1920865,-8.7624576,3.191164,normal
1461146706054,2016-04-20 20:05:06.054,2.4471963,-9.0029941,3.2954857,normal
1461146706063,2016-04-20 20:05:06.063,2.8928195,-8.7631346,2.191214,normal
1461146706074,2016-04-20 20:05:06.074,3.0492386,-9.6653934,2.7282455,normal
1461146706086,2016-04-20 20:05:06.086,1.3212131,-8.5405638,3.2859883,normal
1461146706097,2016-04-20 20:05:06.097,1.2810514,-9.9273338,1.5918172,normal
1461146706109,2016-04-20 20:05:06.109,1.5510445,-8.4390326,2.1213882,normal
1461146706118,2016-04-20 20:05:06.118,0.9114443,-10.0515884,2.8755676,normal
1461146706126,2016-04-20 20:05:06.126,1.5593174,-10.0348692,2.5729514,normal
1461146706137,2016-04-20 20:05:06.137,1.431527,-9.8300379,2.3240809,normal
1461146706146,2016-04-20 20:05:06.146,1.6343946,-10.1976111,2.1717195,normal
1461146706156,2016-04-20 20:05:06.156,1.7353563,-10.6558537,2.6663975,normal
1461146706168,2016-04-20 20:05:06.168,1.7440066,-9.5512042,2.309148,normal
1461146706180,2016-04-20 20:05:06.180,1.0694435,-11.4144851,1.1726036,normal
1461146706188,2016-04-20 20:05:06.188,0.5096519,-10.7447903,1.7275624,normal
1461146706197,2016-04-20 20:05:06.197,0.9307265,-10.148334,1.1270502,normal
1461146706208,2016-04-20 20:05:06.208,0.264417,-9.7767382,2.0596521,normal
1461146706219,2016-04-20 20:05:06.219,0.5439126,-11.0512885,1.4439129,normal
1461146706227,2016-04-20 20:05:06.227,0.5103915,-10.8258143,2.0252617,normal
1461146706237,2016-04-20 20:05:06.237,1.2382615,-10.3629452,1.6343945,normal
1461146706245,2016-04-20 20:05:06.245,0.9036094,-10.206061,1.7742785,normal
1461146706257,2016-04-20 20:05:06.257,0.573269,-10.1959441,0.0461594,normal
1461146706265,2016-04-20 20:05:06.265,0.573035,-10.8491099,1.1917416,normal
1461146706275,2016-04-20 20:05:06.275,-0.0702862,-9.5374529,0.4444894,normal
1461146706284,2016-04-20 20:05:06.284,0.765346,-10.0133649,-0.1221793,normal
1461146706294,2016-04-20 20:05:06.294,0.4979915,-9.48901,-1.8274397,normal
1461146706305,2016-04-20 20:05:06.305,0.9389973,-10.8726044,-2.3656603,normal
1461146706316,2016-04-20 20:05:06.316,-0.0331951,-11.7445351,-1.1353357,normal
1461146706325,2016-04-20 20:05:06.325,1.1573405,-10.6675724,-2.4896604,normal
1461146706336,2016-04-20 20:05:06.336,0.3358622,-9.7582055,-2.0618729,normal
1461146706348,2016-04-20 20:05:06.348,0.1095649,-10.9453555,-1.7933488,normal
1461146706357,2016-04-20 20:05:06.357,0.8783058,-9.1977787,-2.3300264,normal
1461146706365,2016-04-20 20:05:06.365,0.5879239,-9.9211898,-2.0106825,normal
1461146706375,2016-04-20 20:05:06.375,0.8043308,-9.9954993,-2.3186922,normal
1461146706386,2016-04-20 20:05:06.386,0.753337,-10.7811611,-2.1778137,normal
1461146706397,2016-04-20 20:05:06.397,0.6123278,-10.9460425,-4.0198409,normal
1461146706409,2016-04-20 20:05:06.409,0.3036897,-10.5737316,-3.2911244,normal
1461146706419,2016-04-20 20:05:06.419,0.9311379,-9.5372086,-4.0552628,normal
1461146706431,2016-04-20 20:05:06.431,1.563474,-9.4184653,-4.5907477,normal
1461146706443,2016-04-20 20:05:06.443,0.095017,-10.474882,-3.5562942,normal
1461146706455,2016-04-20 20:05:06.455,1.6029536,-9.1988928,-4.8766715,normal
1461146706464,2016-04-20 20:05:06.464,1.6561183,-9.503608,-4.6344387,normal
1461146706474,2016-04-20 20:05:06.474,0.6927492,-8.4928615,-5.3816618,normal
1461146706483,2016-04-20 20:05:06.483,1.6782734,-8.0724172,-4.5606438,normal
1461146706494,2016-04-20 20:05:06.494,1.8572364,-9.9844385,-5.3043266,normal
1461146706506,2016-04-20 20:05:06.506,1.2888687,-8.2826571,-5.6148258,normal
1461146706518,2016-04-20 20:05:06.518,1.5801679,-8.7486303,-4.6324388,normal
1461146706528,2016-04-20 20:05:06.528,1.2744367,-7.9012142,-5.6487598,normal
1461146706536,2016-04-20 20:05:06.536,0.8742179,-7.7941729,-4.1044239,normal
1461146706546,2016-04-20 20:05:06.546,0.7279444,-9.4663299,-4.0789173,normal
1461146706557,2016-04-20 20:05:06.557,1.2549552,-9.6707528,-4.3365602,normal
1461146706569,2016-04-20 20:05:06.569,1.3667156,-10.039528,-5.0106797,normal
1461146706581,2016-04-20 20:05:06.581,1.69985,-9.2400935,-6.0145478,normal
1461146706593,2016-04-20 20:05:06.593,0.9722883,-9.4094507,-4.7444214,normal
1461146706603,2016-04-20 20:05:06.603,1.6471109,-7.4858027,-5.1644454,normal
1461146706614,2016-04-20 20:05:06.614,1.0978646,-6.8780112,-3.8966143,normal
1461146706624,2016-04-20 20:05:06.624,1.4124162,-8.3428792,-3.8544592,normal
1461146706636,2016-04-20 20:05:06.636,2.5181285,-8.4106841,-4.3475135,normal
1461146706647,2016-04-20 20:05:06.647,3.0795632,-9.1156511,-3.0838169,normal
1461146706656,2016-04-20 20:05:06.656,2.3340607,-9.4250574,-4.5412122,normal
1461146706667,2016-04-20 20:05:06.667,2.4125603,-7.5140556,-4.8194316,normal
1461146706677,2016-04-20 20:05:06.677,2.9412779,-7.6621066,-4.1128178,normal
1461146706686,2016-04-20 20:05:06.686,3.5384303,-7.130325,-4.6532831,normal
1461146706697,2016-04-20 20:05:06.697,2.8380121,-7.0768956,-4.3045135,normal
1461146706705,2016-04-20 20:05:06.705,2.5817319,-7.1908927,-3.2137997,normal
1461146706716,2016-04-20 20:05:06.716,1.7733144,-7.8545147,-4.7064229,normal
1461146706726,2016-04-20 20:05:06.726,2.957998,-7.6961717,-3.7754847,normal
1461146706735,2016-04-20 20:05:06.735,3.5209041,-8.4136976,-2.5549892,normal
1461146706743,2016-04-20 20:05:06.743,2.6463518,-8.7474205,-4.0854177,normal
1461146706751,2016-04-20 20:05:06.751,2.563234,-9.1487585,-2.3493583,normal
1461146706762,2016-04-20 20:05:06.762,2.4630144,-8.7857072,-2.4125804,normal
1461146706774,2016-04-20 20:05:06.774,3.8430766,-7.4536876,-3.3829277,normal
1461146706783,2016-04-20 20:05:06.783,2.8612702,-7.5202366,-2.2434542,normal
1461146706793,2016-04-20 20:05:06.793,3.4904789,-8.0421808,-3.0423603,normal
1461146706801,2016-04-20 20:05:06.801,3.1002552,-8.9400041,-2.0024647,normal
1461146706810,2016-04-20 20:05:06.810,3.3551532,-9.1022334,-2.2299384,normal
1461146706822,2016-04-20 20:05:06.822,2.7243102,-9.5130418,-1.1245953,normal
1461146706833,2016-04-20 20:05:06.833,2.1638757,-9.2430274,-2.122921,normal
1461146706845,2016-04-20 20:05:06.845,2.2181158,-8.2867078,-2.1322368,normal
1461146706853,2016-04-20 20:05:06.853,3.4348734,-8.8380114,-1.7353677,normal
1461146706864,2016-04-20 20:05:06.864,2.6469944,-8.8405127,-1.6638698,normal
1461146706874,2016-04-20 20:05:06.874,4.1094235,-8.0432587,-2.2972257,normal
1461146706886,2016-04-20 20:05:06.886,3.800446,-9.5033478,-2.3503305,normal
1461146706895,2016-04-20 20:05:06.895,4.4066614,-8.3508055,-0.9265627,normal
1461146706905,2016-04-20 20:05:06.905,5.2644407,-10.021858,-0.201912,normal
1461146706914,2016-04-20 20:05:06.914,5.5437795,-9.8671077,-2.1303333,normal
1461146706922,2016-04-20 20:05:06.922,4.2232804,-9.3808604,-0.5821684,normal
1461146706931,2016-04-20 20:05:06.931,5.6719505,-7.9742735,-1.6438702,normal
1461146706943,2016-04-20 20:05:06.943,5.2818766,-7.5303716,-2.4136423,normal
1461146706953,2016-04-20 20:05:06.953,6.325114,-8.5919255,-3.0862109,normal
1461146706964,2016-04-20 20:05:06.964,6.1177439,-8.429538,-1.3842786,normal
1461146706972,2016-04-20 20:05:06.972,5.1348053,-8.6399459,-1.9382563,normal
1461146706982,2016-04-20 20:05:06.982,5.4024407,-9.0603544,-1.6741086,normal
1461146706991,2016-04-20 20:05:06.991,5.2024443,-10.2148507,-2.2106457,normal
1461146706994,2016-04-20 20:05:06.994,6.710032,-9.9146653,-3.829614,normal
1461146707006,2016-04-20 20:05:07.006,11.3306724,-5.1776808,-7.9537259,normal
1461146707014,2016-04-20 20:05:07.014,9.9968101,-5.4330283,-7.9373041,normal
1461146707023,2016-04-20 20:05:07.023,9.6670811,-5.8410041,-7.5117341,normal
1461146707033,2016-04-20 20:05:07.033,10.2005475,-5.3995464,-6.2187224,normal
1461146707041,2016-04-20 20:05:07.041,9.4035367,-4.614892,-4.9191112,normal
1461146707053,2016-04-20 20:05:07.053,7.2110609,-3.6181624,-3.9772265,normal
1461146707065,2016-04-20 20:05:07.065,6.6126583,-4.3931672,-2.2719583,normal
1461146707074,2016-04-20 20:05:07.074,7.8604299,-3.6522688,-1.8083702,normal
1461146707082,2016-04-20 20:05:07.082,8.4268669,0.2143117,-2.7935325,normal
1461146707091,2016-04-20 20:05:07.091,7.8714104,-6.3209499,-1.8844721,normal
1461146707099,2016-04-20 20:05:07.099,6.9044481,-2.2629037,-1.3699224,normal
1461146707110,2016-04-20 20:05:07.110,8.2023704,-3.4691313,-3.1703981,normal
1461146707121,2016-04-20 20:05:07.121,7.2049607,-2.0544983,-2.7139254,normal
1461146707133,2016-04-20 20:05:07.133,8.3684343,-2.0070631,-1.2030339,normal
1461146707144,2016-04-20 20:05:07.144,6.30042,-3.3980224,-1.1597981,normal
1461146707154,2016-04-20 20:05:07.154,5.9836189,-1.8873769,-1.0443814,normal
1461146707165,2016-04-20 20:05:07.165,5.3945846,-1.8732619,-0.4898367,normal
1461146707174,2016-04-20 20:05:07.174,5.4358797,-2.4203034,0.2093891,normal
1461146707186,2016-04-20 20:05:07.186,5.0597357,-1.6992616,-1.4767726,normal
1461146707197,2016-04-20 20:05:07.197,6.0096398,-1.3490809,-1.4462676,normal
1461146707205,2016-04-20 20:05:07.205,5.0450739,-2.7549381,-0.904637,normal
1461146707217,2016-04-20 20:05:07.217,3.9356272,-2.6786644,0.1430106,normal
1461146707227,2016-04-20 20:05:07.227,5.2363483,-2.8105993,0.1888328,normal
1461146707235,2016-04-20 20:05:07.235,3.8195088,-4.1955254,-0.9145579,normal
1461146707245,2016-04-20 20:05:07.245,4.5264582,-4.6275887,-0.9798931,normal
1461146707256,2016-04-20 20:05:07.256,4.8118436,-5.587717,-0.4564916,normal
1461146707268,2016-04-20 20:05:07.268,4.1722005,-4.8832152,0.6134981,normal
1461146707279,2016-04-20 20:05:07.279,3.1733115,-6.2316375,-0.2682878,normal
1461146707288,2016-04-20 20:05:07.288,2.7407921,-5.9260096,-0.4859719,normal
1461146707298,2016-04-20 20:05:07.298,3.428225,-6.0960869,0.5496794,normal
1461146707308,2016-04-20 20:05:07.308,3.349032,-5.8332045,-0.6705072,normal
1461146707319,2016-04-20 20:05:07.319,1.9484216,-5.673216,0.5543154,normal
1461146707327,2016-04-20 20:05:07.327,2.9288416,-5.6599667,0.1149489,normal
1461146707339,2016-04-20 20:05:07.339,3.1624997,-6.398026,-0.6554211,normal
1461146707348,2016-04-20 20:05:07.348,2.2588052,-7.0779549,-0.7820991,normal
1461146707358,2016-04-20 20:05:07.358,2.5027889,-7.1931136,-0.7295288,normal
1461146707368,2016-04-20 20:05:07.368,2.2535369,-6.525173,-0.2174556,normal
1461146707380,2016-04-20 20:05:07.380,3.4980626,-7.8920559,-1.0804519,normal
1461146707392,2016-04-20 20:05:07.392,2.3514813,-6.7460403,-0.9343365,normal
1461146707400,2016-04-20 20:05:07.400,1.874621,-7.5934979,0.2958573,normal
1461146707411,2016-04-20 20:05:07.411,2.7676617,-7.0384318,-0.9634725,normal
1461146707420,2016-04-20 20:05:07.420,1.9308611,-7.2801253,-0.7298268,normal
1461146707429,2016-04-20 20:05:07.429,1.8807753,-9.1986156,0.0636114,normal
1461146707439,2016-04-20 20:05:07.439,2.5390723,-8.0472557,-1.1287841,normal
1461146707450,2016-04-20 20:05:07.450,3.4307744,-8.2949099,-1.4852486,normal
1461146707462,2016-04-20 20:05:07.462,2.9902269,-8.3344356,-1.4898035,normal
1461146707470,2016-04-20 20:05:07.470,4.2881128,-7.8329544,-1.5080219,normal
1461146707479,2016-04-20 20:05:07.479,3.1921154,-8.6571263,-1.4042967,normal
1461146707487,2016-04-20 20:05:07.487,4.8803235,-8.9312932,-0.9458186,normal
1461146707499,2016-04-20 20:05:07.499,3.3923098,-8.9309459,-0.9509918,normal
1461146707510,2016-04-20 20:05:07.510,3.8115636,-9.0153611,-0.0528405,normal
1461146707520,2016-04-20 20:05:07.520,3.8372191,-8.9142772,-0.0434501,normal
1461146707532,2016-04-20 20:05:07.532,4.3923923,-8.9969992,-1.1960615,normal
1461146707542,2016-04-20 20:05:07.542,4.4238074,-7.6647409,-1.2986209,normal
1461146707550,2016-04-20 20:05:07.550,3.4727848,-7.6613223,-0.0041762,normal
1461146707558,2016-04-20 20:05:07.558,5.0918883,-8.2555526,-0.7707151,normal
1461146707567,2016-04-20 20:05:07.567,4.8238513,-7.8296297,-1.1091926,normal
1461146707579,2016-04-20 20:05:07.579,4.7756188,-8.0571661,-1.094234,normal
1461146707591,2016-04-20 20:05:07.591,3.8487719,-7.5027218,-0.5831458,normal
1461146707603,2016-04-20 20:05:07.603,5.3240701,-8.3373462,-0.6955972,normal
1461146707611,2016-04-20 20:05:07.611,4.6992204,-7.6404129,-0.8336238,normal
1461146707623,2016-04-20 20:05:07.623,4.5214067,-7.4844538,-1.5912145,normal
1461146707635,2016-04-20 20:05:07.635,3.8325595,-9.2758465,-2.0448245,normal
1461146707643,2016-04-20 20:05:07.643,5.0806784,-9.4227011,-1.7808994,normal
1461146707652,2016-04-20 20:05:07.652,4.2915745,-9.0589396,-0.8296458,normal
1461146707664,2016-04-20 20:05:07.664,4.7769664,-8.9607119,-2.2078103,normal
1461146707673,2016-04-20 20:05:07.673,6.3961486,-9.3046604,-2.327064,normal
1461146707681,2016-04-20 20:05:07.681,6.4106838,-8.3631469,-1.82631,normal
1461146707689,2016-04-20 20:05:07.689,6.0788658,-9.0510826,-2.0357336,normal
1461146707701,2016-04-20 20:05:07.701,6.1460004,-8.8404862,-1.9778161,normal
1461146707713,2016-04-20 20:05:07.713,5.6068262,-8.8053192,-2.0881276,normal
1461146707722,2016-04-20 20:05:07.722,4.9082256,-8.9330831,-2.0511028,normal
1461146707730,2016-04-20 20:05:07.730,5.5636773,-8.0341016,-3.1132413,normal
1461146707741,2016-04-20 20:05:07.741,5.139352,-9.3754353,-2.1154699,normal
1461146707752,2016-04-20 20:05:07.752,6.1905592,-9.2966402,-2.4043197,normal
1461146707763,2016-04-20 20:05:07.763,4.7038314,-9.0506873,-2.0082503,normal
1461146707774,2016-04-20 20:05:07.774,5.0100102,-8.8816985,-2.544482,normal
1461146707782,2016-04-20 20:05:07.782,5.6643963,-9.3144626,-2.1022323,normal
1461146707791,2016-04-20 20:05:07.791,5.5788749,-9.3444604,-2.2641145,normal
1461146707799,2016-04-20 20:05:07.799,5.4755211,-9.0959707,-3.5201224,normal
1461146707809,2016-04-20 20:05:07.809,4.7952061,-7.2172125,-2.8653699,normal
1461146707819,2016-04-20 20:05:07.819,5.2390762,-7.6416868,-3.4311603,normal
1461146707828,2016-04-20 20:05:07.828,5.9266506,-8.0599258,-3.936188,normal
1461146707840,2016-04-20 20:05:07.840,6.2396191,-8.4658177,-2.8564828,normal
1461146707848,2016-04-20 20:05:07.848,5.2725408,-8.7811845,-3.093568,normal
1461146707860,2016-04-20 20:05:07.860,6.1172182,-7.7921679,-4.3562631,normal
1461146707870,2016-04-20 20:05:07.870,5.8955502,-8.15013,-4.2858171,normal
1461146707879,2016-04-20 20:05:07.879,6.2594414,-8.4026663,-3.9777873,normal
1461146707891,2016-04-20 20:05:07.891,5.9921908,-7.5042077,-2.6822319,normal
1461146707900,2016-04-20 20:05:07.900,5.8890461,-7.5467003,-3.9100611,normal
1461146707909,2016-04-20 20:05:07.909,6.6855236,-6.8081149,-3.374308,normal
1461146707921,2016-04-20 20:05:07.921,5.5328805,-6.5059535,-3.9401133,normal
1461146707929,2016-04-20 20:05:07.929,6.1244505,-7.2813507,-4.0858636,normal
1461146707940,2016-04-20 20:05:07.940,6.1955686,-6.7746227,-3.9827031,normal
1461146707948,2016-04-20 20:05:07.948,6.4363507,-8.356403,-3.2641306,normal
1461146707993,2016-04-20 20:05:07.993,5.5868794,-6.3546158,-3.529827,normal
1461146708002,2016-04-20 20:05:08.002,2.9588962,-7.8076238,-1.1134629,normal
1461146708014,2016-04-20 20:05:08.014,2.9083233,-7.9335503,0.6349323,normal
1461146708023,2016-04-20 20:05:08.023,1.9920238,-7.7408285,-0.5149828,normal
1461146708031,2016-04-20 20:05:08.031,1.8814113,-9.1552795,0.5184799,normal
1461146708041,2016-04-20 20:05:08.041,3.3253608,-8.2288615,0.8135407,normal
1461146708051,2016-04-20 20:05:08.051,1.9094197,-7.7211684,0.1454915,normal
1461146708060,2016-04-20 20:05:08.060,2.1669709,-8.5937891,0.7530933,normal
1461146708071,2016-04-20 20:05:08.071,2.8331187,-9.81125,0.9787439,normal
1461146708080,2016-04-20 20:05:08.080,2.2645707,-9.4733766,1.8989192,normal
1461146708090,2016-04-20 20:05:08.090,1.6184713,-9.2446911,0.7418693,normal
1461146708102,2016-04-20 20:05:08.102,2.9658713,-7.5308575,1.113429,normal
1461146708111,2016-04-20 20:05:08.111,2.0119696,-8.1838383,1.8951318,normal
1461146708122,2016-04-20 20:05:08.122,2.6443031,-8.1143135,0.2765167,normal
1461146708130,2016-04-20 20:05:08.130,0.9146993,-9.3301542,-0.228193,normal
1461146708139,2016-04-20 20:05:08.139,0.7199904,-9.3549354,1.4475636,normal
1461146708150,2016-04-20 20:05:08.150,0.3905035,-9.7921212,1.2224541,normal
1461146708162,2016-04-20 20:05:08.162,-0.170839,-10.3084872,0.5584845,normal
1461146708174,2016-04-20 20:05:08.174,0.0252196,-9.3726434,1.1304951,normal
1461146708182,2016-04-20 20:05:08.182,-0.5350778,-9.6096141,-0.5316214,normal
1461146708193,2016-04-20 20:05:08.193,-0.4275688,-9.893382,0.3097935,normal
1461146708202,2016-04-20 20:05:08.202,-0.2973352,-10.8505794,-1.164171,normal
1461146708210,2016-04-20 20:05:08.210,-1.6845039,-11.3970568,0.1741459,normal
1461146708218,2016-04-20 20:05:08.218,-1.5314682,-10.4928278,-1.1699965,normal
1461146708229,2016-04-20 20:05:08.229,-1.757736,-9.7545169,-0.8540905,normal
1461146708237,2016-04-20 20:05:08.237,-1.5848074,-9.7807338,-0.8625073,normal
1461146708245,2016-04-20 20:05:08.245,-2.5921972,-10.4924169,-0.9841825,normal
1461146708253,2016-04-20 20:05:08.253,-1.0662495,-10.4683217,-3.0191632,normal
1461146708262,2016-04-20 20:05:08.262,-0.8973356,-11.8109531,-2.7529492,normal
1461146708270,2016-04-20 20:05:08.270,-0.6449277,-10.8296719,-4.1960725,normal
1461146708281,2016-04-20 20:05:08.281,-0.5826661,-11.4000315,-4.9350774,normal
1461146708289,2016-04-20 20:05:08.289,-0.6118763,-10.2513754,-5.1186536,normal
1461146708297,2016-04-20 20:05:08.297,-1.3891447,-10.8428475,-4.8634419,normal
1461146708309,2016-04-20 20:05:08.309,-1.5061976,-11.4101398,-4.6269335,normal
1461146708320,2016-04-20 20:05:08.320,-1.011476,-11.5846692,-4.244219,normal
1461146708329,2016-04-20 20:05:08.329,0.7038124,-12.2973331,-5.1019734,normal
1461146708338,2016-04-20 20:05:08.338,1.3620588,-11.9328594,-5.185608,normal
1461146708346,2016-04-20 20:05:08.346,0.6946505,-9.9817121,-5.4428293,normal
1461146708358,2016-04-20 20:05:08.358,0.9817511,-9.7346057,-7.5435992,normal
1461146708368,2016-04-20 20:05:08.368,1.2205938,-9.8740909,-8.8442805,normal
1461146708379,2016-04-20 20:05:08.379,1.200512,-10.7006499,-8.9568433,normal
1461146708389,2016-04-20 20:05:08.389,3.0711837,-11.2825835,-9.1922256,normal
1461146708401,2016-04-20 20:05:08.401,2.2699438,-10.1443915,-7.6985589,normal
1461146708409,2016-04-20 20:05:08.409,2.5545413,-9.3167052,-7.9295701,normal
1461146708421,2016-04-20 20:05:08.421,1.4887081,-9.181305,-7.9306549,normal
1461146708431,2016-04-20 20:05:08.431,1.4955938,-9.1183139,-7.9348847,normal
1461146708441,2016-04-20 20:05:08.441,2.150338,-9.9560282,-7.486858,normal
1461146708450,2016-04-20 20:05:08.450,1.7972236,-9.4886598,-9.7924821,normal
1461146708460,2016-04-20 20:05:08.460,3.382054,-8.0575054,-9.4856604,normal
1461146708468,2016-04-20 20:05:08.468,3.6402745,-8.9857156,-8.2526506,normal
1461146708476,2016-04-20 20:05:08.476,2.5974415,-7.9004104,-8.9946924,normal
1461146708487,2016-04-20 20:05:08.487,2.4851112,-8.5202212,-9.5139358,normal
1461146708497,2016-04-20 20:05:08.497,3.0921099,-8.3626414,-8.3317404,normal
1461146708505,2016-04-20 20:05:08.505,3.5467819,-10.1419631,-9.5476169,normal
1461146708514,2016-04-20 20:05:08.514,3.4646489,-8.5010362,-9.0138447,normal
1461146708525,2016-04-20 20:05:08.525,4.9456481,-8.6841909,-9.2052233,normal
1461146708536,2016-04-20 20:05:08.536,6.070145,-8.7526796,-9.4346446,normal
1461146708545,2016-04-20 20:05:08.545,6.2562522,-8.1612933,-9.8994658,normal
1461146708554,2016-04-20 20:05:08.554,5.8117697,-8.4636434,-10.0383312,normal
1461146708562,2016-04-20 20:05:08.562,6.1095224,-9.4036194,-8.9700942,normal
1461146708570,2016-04-20 20:05:08.570,6.6499697,-7.8545828,-9.1361198,normal
1461146708582,2016-04-20 20:05:08.582,4.9847508,-8.3338672,-8.508191,normal
1461146708592,2016-04-20 20:05:08.592,6.7480804,-7.819805,-8.1198922,normal
1461146708600,2016-04-20 20:05:08.600,5.0854459,-9.0349569,-8.5745211,normal
1461146708608,2016-04-20 20:05:08.608,4.96625,-6.3901326,-8.5127976,normal
1461146708616,2016-04-20 20:05:08.616,7.4687781,-6.2742305,-3.3996472,normal
1461146708624,2016-04-20 20:05:08.624,6.5389834,-6.303634,-6.2984796,normal
1461146708634,2016-04-20 20:05:08.634,7.2212285,-7.1884135,-4.2395482,normal
1461146708645,2016-04-20 20:05:08.645,5.8202797,-7.8855591,-3.8202273,normal
1461146708653,2016-04-20 20:05:08.653,4.110706,-7.3434049,-5.1268249,normal
1461146708664,2016-04-20 20:05:08.664,4.4079403,-7.8756489,-4.0687026,normal
1461146708676,2016-04-20 20:05:08.676,3.804929,-6.1366178,-4.7554004,normal
1461146708684,2016-04-20 20:05:08.684,5.2495978,-6.5566247,-3.3873869,normal
1461146708692,2016-04-20 20:05:08.692,4.8769126,-7.6357503,-3.1619373,normal
1461146708703,2016-04-20 20:05:08.703,3.7830214,-7.6936275,-1.7545489,normal
1461146708713,2016-04-20 20:05:08.713,4.9774568,-6.8438385,-0.6945937,normal
1461146708722,2016-04-20 20:05:08.722,4.2463572,-7.2418972,0.1303746,normal
1461146708734,2016-04-20 20:05:08.734,3.2573629,-7.8497608,-0.6256529,normal
1461146708743,2016-04-20 20:05:08.743,3.8075598,-7.3477498,0.2819455,normal
1461146708752,2016-04-20 20:05:08.752,2.9032227,-7.3684153,0.0551915,normal
1461146708760,2016-04-20 20:05:08.760,3.5663623,-7.5493427,0.9309029,normal
1461146708770,2016-04-20 20:05:08.770,2.0507796,-7.9378953,0.9029228,normal
1461146708780,2016-04-20 20:05:08.780,1.8242474,-7.9005796,0.9835666,normal
1461146708790,2016-04-20 20:05:08.790,2.9052705,-9.3950097,0.2606125,normal
1461146708800,2016-04-20 20:05:08.800,3.1846218,-9.1959092,1.2785395,normal
1461146708810,2016-04-20 20:05:08.810,1.3664886,-9.3651702,1.9156275,normal
1461146708822,2016-04-20 20:05:08.822,0.8753013,-8.723348,0.9579605,normal
1461146708831,2016-04-20 20:05:08.831,0.6541712,-8.504582,1.0372606,normal
1461146708841,2016-04-20 20:05:08.841,0.6863756,-9.9660308,0.9462887,normal
1461146708850,2016-04-20 20:05:08.850,0.6853301,-10.2966281,0.2437209,normal
1461146708859,2016-04-20 20:05:08.859,0.3689175,-9.8704352,1.0297581,normal
1461146708870,2016-04-20 20:05:08.870,-0.0786319,-8.6212365,0.2212223,normal
1461146708880,2016-04-20 20:05:08.880,-0.3853874,-9.4968671,0.7799106,normal
1461146708892,2016-04-20 20:05:08.892,0.4471906,-8.8662705,0.2835616,normal
1461146708904,2016-04-20 20:05:08.904,0.5768582,-8.5838349,-0.0805735,normal
1461146708913,2016-04-20 20:05:08.913,0.4295937,-9.5094443,-0.4278357,normal
1461146708992,2016-04-20 20:05:08.992,-0.614318,-10.2773296,-0.33169,normal
1461146709001,2016-04-20 20:05:09.001,-0.3891733,-7.7024731,-5.6334387,normal
1461146709009,2016-04-20 20:05:09.009,-1.3428599,-8.5683212,-5.5216538,normal
1461146709017,2016-04-20 20:05:09.017,-0.5703601,-9.0832279,-5.9377073,normal
1461146709028,2016-04-20 20:05:09.028,-1.58197,-8.678381,-6.9566388,normal
1461146709037,2016-04-20 20:05:09.037,-1.7244034,-9.3513307,-8.5039707,normal
1461146709046,2016-04-20 20:05:09.046,-2.5216068,-10.1835444,-8.1340552,normal
1461146709058,2016-04-20 20:05:09.058,-1.9398829,-10.2080011,-7.4905354,normal
1461146709068,2016-04-20 20:05:09.068,-3.0798143,-9.8681539,-9.0639034,normal
1461146709078,2016-04-20 20:05:09.078,-3.4542516,-8.6058518,-7.6857956,normal
1461146709088,2016-04-20 20:05:09.088,-2.8606836,-9.4199356,-8.7636705,normal
1461146709099,2016-04-20 20:05:09.099,-4.0771385,-9.2106326,-8.1436599,normal
1461146709109,2016-04-20 20:05:09.109,-3.2273042,-9.0587485,-9.4245177,normal
1461146709119,2016-04-20 20:05:09.119,-3.937458,-8.7789235,-11.3643799,normal
1461146709129,2016-04-20 20:05:09.129,-4.1588637,-8.6943605,-13.7292843,normal
1461146709138,2016-04-20 20:05:09.138,-4.7135965,-8.3040185,-14.6968345,normal
1461146709148,2016-04-20 20:05:09.148,-5.3388714,-7.7475417,-12.9939025,normal
1461146709160,2016-04-20 20:05:09.160,-4.8296047,-7.8882959,-14.4405959,normal
1461146709170,2016-04-20 20:05:09.170,-4.743446,-9.6531925,-12.2431995,normal
1461146709181,2016-04-20 20:05:09.181,-5.2312924,-9.0918989,-12.0471384,normal
1461146709192,2016-04-20 20:05:09.192,-4.3728939,-8.4546027,-13.0388075,normal
1461146709203,2016-04-20 20:05:09.203,-4.4146896,-7.2966438,-13.284018,normal
1461146709215,2016-04-20 20:05:09.215,-4.4473436,-7.7524608,-12.237108,normal
1461146709225,2016-04-20 20:05:09.225,-3.3950009,-6.6790832,-12.5462713,normal
1461146709237,2016-04-20 20:05:09.237,-3.7540052,-6.7163622,-10.320049,normal
1461146709247,2016-04-20 20:05:09.247,0.545842,-7.4771201,-3.6682209,normal
1461146709255,2016-04-20 20:05:09.255,1.7039734,-6.9012108,-4.7766774,normal
1461146709267,2016-04-20 20:05:09.267,1.1428354,-6.6483445,-5.0330028,normal
1461146709276,2016-04-20 20:05:09.276,2.283782,-5.5751428,-7.4120333,normal
1461146709284,2016-04-20 20:05:09.284,4.105642,-6.083902,-8.2219316,normal
1461146709295,2016-04-20 20:05:09.295,3.7016278,-8.1807116,-8.2045349,normal
1461146709307,2016-04-20 20:05:09.307,4.2224964,-9.1854168,-8.1842153,normal
1461146709317,2016-04-20 20:05:09.317,4.5695039,-8.8821861,-8.9641925,normal
1461146709329,2016-04-20 20:05:09.329,4.0666581,-7.5097278,-7.2454396,normal
1461146709337,2016-04-20 20:05:09.337,4.866106,-7.3334293,-8.0412123,normal
1461146709346,2016-04-20 20:05:09.346,5.2883451,-5.4116599,-7.1809082,normal
1461146709356,2016-04-20 20:05:09.356,5.4723916,-5.8641074,-7.0777576,normal
1461146709367,2016-04-20 20:05:09.367,5.9003242,-5.9751636,-8.7461322,normal
1461146709375,2016-04-20 20:05:09.375,4.7657929,-5.2813999,-8.1304739,normal
1461146709384,2016-04-20 20:05:09.384,4.4268721,-6.9634399,-7.3269593,normal
1461146709395,2016-04-20 20:05:09.395,5.1636414,-7.4422272,-7.3037364,normal
1461146709405,2016-04-20 20:05:09.405,4.9063538,-5.9832081,-5.5215371,normal
1461146709417,2016-04-20 20:05:09.417,5.9697635,-7.1006443,-7.0505076,normal
1461146709425,2016-04-20 20:05:09.425,7.6538821,-6.4881185,-7.6804545,normal
1461146709436,2016-04-20 20:05:09.436,9.907443,-5.0851355,-7.9601613,normal
1461146709445,2016-04-20 20:05:09.445,11.4723625,-4.6877903,-9.8730271,normal
1461146709455,2016-04-20 20:05:09.455,12.4678404,-4.3635539,-3.4462375,normal
1461146709464,2016-04-20 20:05:09.464,13.7583756,-2.5314583,-5.2663989,normal
1461146709475,2016-04-20 20:05:09.475,11.987311,-3.7930297,-2.4294248,normal
1461146709484,2016-04-20 20:05:09.484,12.517708,-2.2602777,-3.0962487,normal
1461146709493,2016-04-20 20:05:09.493,11.0078354,-4.0500524,-1.3655919,normal
1461146709504,2016-04-20 20:05:09.504,10.887334,-3.1167904,-0.7118494,normal
1461146709515,2016-04-20 20:05:09.515,11.7281387,-3.4183199,0.1314827,normal
1461146709526,2016-04-20 20:05:09.526,10.2931149,-2.8405737,0.1404441,normal
1461146709535,2016-04-20 20:05:09.535,9.3148334,-4.9944903,-0.1669374,normal
1461146709547,2016-04-20 20:05:09.547,9.5193345,-6.1144693,0.2107773,normal
1461146709559,2016-04-20 20:05:09.559,9.2367302,-6.2382813,0.5024868,normal
1461146709571,2016-04-20 20:05:09.571,7.4820024,-7.8480677,-0.2339994,normal
1461146709581,2016-04-20 20:05:09.581,9.0559884,-7.6121333,1.2373672,normal
1461146709591,2016-04-20 20:05:09.591,7.8349439,-8.2175954,0.3990405,normal
1461146709599,2016-04-20 20:05:09.599,7.1657813,-8.4082131,2.2259912,normal
1461146709607,2016-04-20 20:05:09.607,6.7477263,-8.707875,0.3889747,normal
1461146709617,2016-04-20 20:05:09.617,5.8417438,-9.7881494,0.9035938,normal
1461146709628,2016-04-20 20:05:09.628,6.1794772,-9.8183036,0.2256078,normal
1461146709636,2016-04-20 20:05:09.636,4.9974317,-10.6498615,0.2274443,normal
1461146709648,2016-04-20 20:05:09.648,5.154164,-10.4155776,-0.3194685,normal
1461146709659,2016-04-20 20:05:09.659,5.5017079,-11.5014177,-0.1092302,normal
1461146709670,2016-04-20 20:05:09.670,2.013016,-10.0468089,-2.5155886,normal
1461146709682,2016-04-20 20:05:09.682,0.4766623,-10.5432011,-3.889551,normal
1461146709694,2016-04-20 20:05:09.694,1.0779175,-9.2915374,-2.9364257,normal
1461146709703,2016-04-20 20:05:09.703,0.2376137,-9.5845107,-4.0675445,normal
1461146709711,2016-04-20 20:05:09.711,-0.0713675,-10.7053355,-3.5736152,normal
1461146709723,2016-04-20 20:05:09.723,0.1953078,-11.6048906,-4.1498375,normal
1461146709733,2016-04-20 20:05:09.733,0.6191356,-10.8038055,-3.538116,normal
1461146709743,2016-04-20 20:05:09.743,1.6492878,-10.0348175,-3.0465743,normal
1461146709752,2016-04-20 20:05:09.752,1.835153,-9.379227,-4.2821385,normal
1461146709764,2016-04-20 20:05:09.764,0.1280496,-9.2478343,-3.1816007,normal
1461146709776,2016-04-20 20:05:09.776,0.7953363,-8.6105668,-4.5606769,normal
1461146709786,2016-04-20 20:05:09.786,-1.0740121,-8.2974088,-4.4538906,normal
1461146709795,2016-04-20 20:05:09.795,-1.0472586,-6.7690115,-5.5744102,normal
1461146709807,2016-04-20 20:05:09.807,-1.5875048,-6.7942019,-6.3684844,normal
1461146709819,2016-04-20 20:05:09.819,-2.1024335,-6.2757199,-5.8005491,normal
1461146709829,2016-04-20 20:05:09.829,-1.1445985,-5.5266294,-6.5200418,normal
1461146709838,2016-04-20 20:05:09.838,-0.5439013,-6.291427,-6.9975547,normal
1461146709850,2016-04-20 20:05:09.850,-1.1932139,-5.7500929,-4.6663577,normal
1461146709861,2016-04-20 20:05:09.861,-1.275689,-6.3231914,-5.311827,normal
1461146709872,2016-04-20 20:05:09.872,-0.2280959,-6.3006242,-4.29404,normal
1461146709883,2016-04-20 20:05:09.883,-1.5751064,-5.9554778,-4.5811087,normal
1461146709893,2016-04-20 20:05:09.893,0.195808,-6.0213471,-4.6068554,normal
1461146709901,2016-04-20 20:05:09.901,1.1028774,-6.5017263,-4.1863593,normal
1461146709910,2016-04-20 20:05:09.910,0.7457937,-6.827519,-4.5377158,normal
1461146709918,2016-04-20 20:05:09.918,1.8205612,-6.6175486,-5.9425962,normal
1461146709928,2016-04-20 20:05:09.928,0.3332711,-7.0534876,-5.9476907,normal
1461146709937,2016-04-20 20:05:09.937,1.3221976,-7.6448081,-6.8152667,normal
1461146709949,2016-04-20 20:05:09.949,-0.131686,-8.539397,-5.5351399,normal
1461146709991,2016-04-20 20:05:09.991,0.4189365,-9.8585985,-4.8104946,normal
