1461146701009,2016-04-20 20:05:01.009,6.050305,-7.0343035,-2.9055832,normal
1461146701017,2016-04-20 20:05:01.017,6.6538048,-7.1551117,-3.4054512,normal
1461146701030,2016-04-20 20:05:01.030,5.7590121,-8.5598965,-2.4978285,normal
1461146701040,2016-04-20 20:05:01.040,7.4949789,-7.4110328,-2.4662395,normal
1461146701044,2016-04-20 20:05:01.044,7.1296651,-8.059636,-2.9181861,normal
1461146701063,2016-04-20 20:05:01.063,6.0787815,-9.1309599,-3.4614129,normal
1461146701081,2016-04-20 20:05:01.081,6.8278479,-8.7848402,-1.5538011,normal
1461146701099,2016-04-20 20:05:01.099,5.352448,-9.0164574,-2.5419107,normal
1461146701116,2016-04-20 20:05:01.116,5.0910764,-8.4963631,-1.3094404,normal
1461146701132,2016-04-20 20:05:01.132,6.4187896,-7.5657809,-2.9596158,normal
1461146701139,2016-04-20 20:05:01.139,5.7127894,-9.1019366,-2.6772207,normal
1461146701150,2016-04-20 20:05:01.150,6.6902325,-9.7467148,-2.3176913,normal
1461146701166,2016-04-20 20:05:01.166,6.2023506,-8.4634172,-2.5396723,normal
1461146701167,2016-04-20 20:05:01.167,6.6574828,-9.1148601,-1.5184143,normal
1461146701179,2016-04-20 20:05:01.179,4.8980731,-9.2293144,-2.9682006,normal
1461146701180,2016-04-20 20:05:01.180,6.2289484,-9.496206,-3.0428538,normal
1461146701188,2016-04-20 20:05:01.188,4.97571,-9.6217936,-2.963935,normal
1461146701200,2016-04-20 20:05:01.200,6.312379,-10.5242908,-3.1839802,normal
1461146701205,2016-04-20 20:05:01.205,5.4025947,-10.8266959,-2.5470651,normal
1461146701213,2016-04-20 20:05:01.213,5.5575717,-9.6877012,-3.5441267,normal
1461146701221,2016-04-20 20:05:01.221,4.7769665,-9.78043,-2.7716191,normal
1461146701223,2016-04-20 20:05:01.223,5.2269969,-11.5139543,-1.8455797,normal
1461146701230,2016-04-20 20:05:01.230,4.4231926,-10.4294454,-2.2444974,normal
1461146701248,2016-04-20 20:05:01.248,3.8796067,-11.7817843,-2.9976441,normal
1461146701264,2016-04-20 20:05:01.264,4.6935745,-12.5432784,-3.0001437,normal
1461146701284,2016-04-20 20:05:01.284,4.6594659,-12.6300333,-3.9036444,normal
1461146701300,2016-04-20 20:05:01.300,4.8318857,-12.0986251,-3.2288469,normal
1461146701307,2016-04-20 20:05:01.307,3.9715398,-12.4526932,-3.4002567,normal
1461146701325,2016-04-20 20:05:01.325,3.2773064,-12.3171927,-4.81718,normal
1461146701345,2016-04-20 20:05:01.345,4.6881843,-12.5150324,-5.4455989,normal
1461146701348,2016-04-20 20:05:01.348,3.310757,-12.5117293,-5.0027752,normal
1461146701358,2016-04-20 20:05:01.358,3.7539086,-12.8624897,-3.458699,normal
1461146701363,2016-04-20 20:05:01.363,1.481215,-12.6002874,-3.6810913,normal
1461146701366,2016-04-20 20:05:01.366,0.8537055,-12.3877704,-3.7078818,normal
1461146701375,2016-04-20 20:05:01.375,0.3077291,-12.8812497,-2.824062,normal
1461146701383,2016-04-20 20:05:01.383,-0.7064514,-11.6688595,-3.288878,normal
1461146701392,2016-04-20 20:05:01.392,-0.3636442,-12.5266978,-1.8141312,normal
1461146701398,2016-04-20 20:05:01.398,0.5753803,-13.8095101,-2.7941398,normal
1461146701402,2016-04-20 20:05:01.402,2.6855893,-13.3257654,-5.4794393,normal
1461146701409,2016-04-20 20:05:01.409,3.8317355,-12.4905803,-7.2711969,normal
1461146701425,2016-04-20 20:05:01.425,5.7332636,-10.9011291,-6.6731145,normal
1461146701440,2016-04-20 20:05:01.440,6.7349277,-10.4938486,-5.7228582,normal
1461146701455,2016-04-20 20:05:01.455,6.9068585,-10.256387,-5.0096795,normal
1461146701464,2016-04-20 20:05:01.464,5.866123,-12.0468764,-4.5721868,normal
1461146701474,2016-04-20 20:05:01.474,5.2636363,-11.3212331,-3.8777882,normal
1461146701484,2016-04-20 20:05:01.484,6.3582969,-10.4479108,-5.1813905,normal
1461146701486,2016-04-20 20:05:01.486,7.3382101,-10.6904568,-6.8402606,normal
1461146701488,2016-04-20 20:05:01.488,7.1845215,-9.2937301,-7.5980974,normal
1461146701497,2016-04-20 20:05:01.497,9.3000446,-8.4155401,-7.1049859,normal
1461146701509,2016-04-20 20:05:01.509,8.3219741,-6.6501389,-6.8161931,normal
1461146701525,2016-04-20 20:05:01.525,9.0577941,-6.8409919,-3.9608992,normal
1461146701542,2016-04-20 20:05:01.542,8.6204968,-4.5127767,-2.854642,normal
1461146701561,2016-04-20 20:05:01.561,7.021949,-4.967701,-1.9272982,normal
1461146701570,2016-04-20 20:05:01.570,4.8459594,-4.7107794,-0.8014487,normal
1461146701584,2016-04-20 20:05:01.584,4.7468223,-4.77021,-1.6902738,normal
1461146701601,2016-04-20 20:05:01.601,4.746914,-4.6203833,-0.7241557,normal
1461146701621,2016-04-20 20:05:01.621,4.7107181,-5.5448656,-0.4057518,normal
1461146701639,2016-04-20 20:05:01.639,4.9166867,-6.8202783,1.0540606,normal
1461146701650,2016-04-20 20:05:01.650,5.3783314,-5.0673277,-0.7342165,normal
1461146701659,2016-04-20 20:05:01.659,9.8183118,-3.2032482,-4.7433959,normal
1461146701673,2016-04-20 20:05:01.673,9.9093724,-3.3018723,-5.0060491,normal
1461146701691,2016-04-20 20:05:01.691,8.4713889,-1.6095495,-5.8632989,normal
1461146701697,2016-04-20 20:05:01.697,9.8025822,-0.9376117,-2.8888026,normal
1461146701716,2016-04-20 20:05:01.716,9.8712921,-1.8446095,-1.7545238,normal
1461146701722,2016-04-20 20:05:01.722,8.6293299,-2.4801098,0.3646096,normal
1461146701729,2016-04-20 20:05:01.729,6.5521124,-4.8651126,1.5439091,normal
1461146701733,2016-04-20 20:05:01.733,5.9774539,-3.7028956,2.6157286,normal
1461146701750,2016-04-20 20:05:01.750,7.0116729,-3.957688,1.0770076,normal
1461146701764,2016-04-20 20:05:01.764,5.9281518,-5.2413877,0.7957696,normal
1461146701783,2016-04-20 20:05:01.783,5.1528866,-5.1631429,1.4410799,normal
1461146701798,2016-04-20 20:05:01.798,5.3439068,-4.771,0.8160172,normal
1461146701810,2016-04-20 20:05:01.810,6.3984888,-5.2726769,1.6080392,normal
1461146701819,2016-04-20 20:05:01.819,5.9696483,-5.0952973,1.8226501,normal
1461146701838,2016-04-20 20:05:01.838,4.6756306,-3.9373289,3.1577372,normal
1461146701846,2016-04-20 20:05:01.846,5.232718,-4.2045353,2.6350767,normal
1461146701851,2016-04-20 20:05:01.851,5.1962483,-4.1068893,2.830597,normal
1461146701859,2016-04-20 20:05:01.859,4.1162015,-4.3619435,4.1370435,normal
1461146701860,2016-04-20 20:05:01.860,5.1234007,-5.5744789,3.4736303,normal
1461146701869,2016-04-20 20:05:01.869,5.2143882,-4.6365291,3.7342943,normal
1461146701874,2016-04-20 20:05:01.874,5.0494745,-4.8084248,3.4024367,normal
1461146701890,2016-04-20 20:05:01.890,4.510138,-6.8503665,3.8138969,normal
1461146701908,2016-04-20 20:05:01.908,4.3329213,-6.5515738,3.2010733,normal
1461146701911,2016-04-20 20:05:01.911,4.957863,-6.1395159,2.4411941,normal
1461146701930,2016-04-20 20:05:01.930,3.8051909,-6.1980579,3.9432526,normal
1461146701943,2016-04-20 20:05:01.943,4.0220167,-7.2364731,4.3483085,normal
1461146701955,2016-04-20 20:05:01.955,4.8857413,-6.279971,3.942061,normal
1461146701971,2016-04-20 20:05:01.971,3.6751354,-6.6364364,4.8896364,normal
1461146701987,2016-04-20 20:05:01.987,5.0753878,-6.8100232,3.0119897,normal
1461146702006,2016-04-20 20:05:02.006,4.4846504,-6.2061428,2.7630861,normal
1461146702019,2016-04-20 20:05:02.019,3.3236993,-7.2849409,4.3256917,normal
1461146702023,2016-04-20 20:05:02.023,3.8023733,-7.8537607,3.4493482,normal
1461146702027,2016-04-20 20:05:02.027,4.8204669,-8.0675538,3.9548995,normal
1461146702040,2016-04-20 20:05:02.040,3.7225765,-7.380212,3.3413932,normal
1461146702046,2016-04-20 20:05:02.046,4.0199223,-8.2105536,2.7314928,normal
1461146702059,2016-04-20 20:05:02.059,4.3402607,-7.6203956,3.9726701,normal
1461146702063,2016-04-20 20:05:02.063,5.4149774,-8.3590217,4.7472092,normal
1461146702072,2016-04-20 20:05:02.072,4.5007623,-7.3785844,2.9784356,normal
1461146702091,2016-04-20 20:05:02.091,4.1845767,-8.4702735,3.7472851,normal
1461146702093,2016-04-20 20:05:02.093,5.2338302,-7.5367697,2.2223554,normal
1461146702105,2016-04-20 20:05:02.105,4.6702435,-8.5528669,4.0583393,normal
1461146702010,2016-04-20 20:05:02.010,5.4396098,-8.5117581,-2.1867883,normal
1461146702029,2016-04-20 20:05:02.029,6.0592139,-6.6586644,-3.3902974,normal
1461146702030,2016-04-20 20:05:02.030,5.0606114,-8.3835256,-2.0178533,normal
1461146702041,2016-04-20 20:05:02.041,6.6667447,-7.2669087,-3.0238365,normal
1461146702047,2016-04-20 20:05:02.047,7.1819695,-7.5881156,-2.0320691,normal
1461146702066,2016-04-20 20:05:02.066,6.5173973,-7.7045341,-2.671909,normal
1461146702072,2016-04-20 20:05:02.072,7.5175658,-7.2810458,-2.5921928,normal
1461146702089,2016-04-20 20:05:02.089,6.9175402,-7.9055049,-3.2492891,normal
1461146702102,2016-04-20 20:05:02.102,6.5126551,-7.4086589,-3.8652893,normal
1461146702115,2016-04-20 20:05:02.115,6.4220102,-6.5968956,-3.1424146,normal
1461146702132,2016-04-20 20:05:02.132,7.8064084,-6.9669197,-3.4356537,normal
1461146702139,2016-04-20 20:05:02.139,6.6035949,-7.4931186,-2.6398265,normal
1461146702147,2016-04-20 20:05:02.147,7.1746794,-7.3115475,-3.0519056,normal
1461146702162,2016-04-20 20:05:02.162,6.7904274,-7.5916543,-2.1103934,normal
1461146702168,2016-04-20 20:05:02.168,7.4003468,-6.0512148,-3.3914058,normal
1461146702185,2016-04-20 20:05:02.185,7.9973977,-7.5975129,-2.0558737,normal
1461146702193,2016-04-20 20:05:02.193,7.0974527,-6.0769097,-2.0923255,normal
1461146702204,2016-04-20 20:05:02.204,7.0404002,-6.478682,-2.0738889,normal
1461146702217,2016-04-20 20:05:02.217,7.1186913,-7.3528294,-3.1203407,normal
1461146702235,2016-04-20 20:05:02.235,6.0395442,-6.6753602,-2.3360216,normal
1461146702240,2016-04-20 20:05:02.240,7.1868948,-6.3241463,-2.2690552,normal
1461146702245,2016-04-20 20:05:02.245,5.8557067,-6.5890133,-3.6761236,normal
1461146702255,2016-04-20 20:05:02.255,6.5814584,-6.8419324,-3.1681624,normal
1461146702264,2016-04-20 20:05:02.264,6.7745394,-8.3800555,-2.8674454,normal
1461146702265,2016-04-20 20:05:02.265,5.9177405,-7.3672282,-3.4808726,normal
1461146702281,2016-04-20 20:05:02.281,5.5540774,-8.4972995,-2.3409374,normal
1461146702299,2016-04-20 20:05:02.299,6.6414515,-8.3907532,-2.9370041,normal
1461146702300,2016-04-20 20:05:02.300,5.8325531,-8.7047454,-3.636559,normal
1461146702302,2016-04-20 20:05:02.302,5.5173317,-10.233382,-3.952478,normal
1461146702319,2016-04-20 20:05:02.319,6.4395136,-10.3812369,-4.7362011,normal
1461146702338,2016-04-20 20:05:02.338,5.8442239,-9.5931486,-3.5648033,normal
1461146702342,2016-04-20 20:05:02.342,5.763168,-10.9146764,-3.3698057,normal
1461146702343,2016-04-20 20:05:02.343,5.7939444,-11.452712,-4.6963441,normal
1461146702344,2016-04-20 20:05:02.344,5.91477,-10.3148528,-3.5377464,normal
1461146702361,2016-04-20 20:05:02.361,6.213772,-10.5804128,-3.3931669,normal
1461146702370,2016-04-20 20:05:02.370,5.1618949,-11.4872039,-3.6235928,normal
1461146702373,2016-04-20 20:05:02.373,4.3398763,-11.5853994,-4.1800429,normal
1461146702393,2016-04-20 20:05:02.393,4.2984988,-11.7573301,-5.1248473,normal
1461146702400,2016-04-20 20:05:02.400,4.7982443,-11.2089159,-5.6619394,normal
1461146702405,2016-04-20 20:05:02.405,4.357883,-12.3562451,-6.5793054,normal
1461146702422,2016-04-20 20:05:02.422,4.1058465,-10.6096233,-5.015999,normal
1461146702426,2016-04-20 20:05:02.426,5.4174569,-12.3168223,-5.7218857,normal
1461146702430,2016-04-20 20:05:02.430,3.7324072,-11.4649344,-4.2017529,normal
1461146702440,2016-04-20 20:05:02.440,4.8143151,-12.0079182,-5.7179667,normal
1461146702445,2016-04-20 20:05:02.445,4.2605629,-11.9294612,-5.1389624,normal
1461146702451,2016-04-20 20:05:02.451,3.5785012,-11.8801261,-5.416016,normal
1461146702470,2016-04-20 20:05:02.470,4.6284818,-11.6683356,-5.2242608,normal
1461146702486,2016-04-20 20:05:02.486,4.8267208,-11.361891,-4.4358637,normal
1461146702489,2016-04-20 20:05:02.489,5.0161038,-12.8863207,-5.729699,normal
1461146702493,2016-04-20 20:05:02.493,5.8717393,-13.4118209,-4.7526915,normal
1461146702503,2016-04-20 20:05:02.503,5.7831765,-12.4083268,-5.3286959,normal
1461146702523,2016-04-20 20:05:02.523,5.2176321,-13.5849861,-5.4203471,normal
1461146702538,2016-04-20 20:05:02.538,4.1049896,-11.7986076,-5.0423748,normal
1461146702557,2016-04-20 20:05:02.557,5.6046673,-11.1019234,-4.8311322,normal
1461146702565,2016-04-20 20:05:02.565,4.3783445,-12.6152386,-5.3626087,normal
1461146702580,2016-04-20 20:05:02.580,5.1506891,-11.2263274,-4.0159766,normal
1461146702590,2016-04-20 20:05:02.590,6.0999358,-10.5224141,-5.8170931,normal
1461146702607,2016-04-20 20:05:02.607,4.878833,-9.7572228,-5.7974321,normal
1461146702609,2016-04-20 20:05:02.609,4.3080668,-8.4914184,-4.9055966,normal
1461146702627,2016-04-20 20:05:02.627,2.7551912,-9.3798803,-5.0026884,normal
1461146702644,2016-04-20 20:05:02.644,3.1848514,-9.6677917,-3.7744867,normal
1461146702650,2016-04-20 20:05:02.650,4.1798292,-10.212445,-4.9371545,normal
1461146702668,2016-04-20 20:05:02.668,6.8533861,-10.3424598,-6.0590427,normal
1461146702688,2016-04-20 20:05:02.688,8.9024983,-10.2701812,-7.6113916,normal
1461146702691,2016-04-20 20:05:02.691,10.2144084,-8.4798712,-8.6718347,normal
1461146702707,2016-04-20 20:05:02.707,12.0225305,-5.6521465,-7.7938927,normal
1461146702709,2016-04-20 20:05:02.709,12.80319,-5.4378724,-7.3694268,normal
1461146702717,2016-04-20 20:05:02.717,13.4833403,-6.0770379,-7.0453614,normal
1461146702718,2016-04-20 20:05:02.718,12.1316128,-5.9299307,-4.7120013,normal
1461146702726,2016-04-20 20:05:02.726,11.2539096,-5.5732985,-3.8767875,normal
1461146702742,2016-04-20 20:05:02.742,12.1136299,-1.3352667,-2.7504591,normal
1461146702752,2016-04-20 20:05:02.752,6.8779877,-5.9268378,-2.6946317,normal
1461146702756,2016-04-20 20:05:02.756,7.363906,-0.2996997,-1.2965556,normal
1461146702763,2016-04-20 20:05:02.763,8.3632316,-3.3892907,-2.2024999,normal
1461146702775,2016-04-20 20:05:02.775,6.7283496,-0.7771168,-1.7315709,normal
1461146702787,2016-04-20 20:05:02.787,6.7466919,-1.7224402,-0.0548731,normal
1461146702796,2016-04-20 20:05:02.796,5.8066752,-2.1623162,1.125456,normal
1461146702799,2016-04-20 20:05:02.799,6.3693674,-2.9722259,0.4167292,normal
1461146702817,2016-04-20 20:05:02.817,6.1479894,-3.2473142,1.3195363,normal
1461146702832,2016-04-20 20:05:02.832,5.8268341,-3.436137,1.8157769,normal
1461146702839,2016-04-20 20:05:02.839,5.8629273,-3.3482102,1.7054867,normal
1461146702840,2016-04-20 20:05:02.840,4.3207377,-3.0056083,2.7273733,normal
1461146702854,2016-04-20 20:05:02.854,4.6368486,-4.0505802,1.1835703,normal
1461146702872,2016-04-20 20:05:02.872,5.184386,-5.372033,2.5575495,normal
1461146702888,2016-04-20 20:05:02.888,4.7047482,-4.2505545,2.3547701,normal
1461146702907,2016-04-20 20:05:02.907,4.5096926,-5.2581447,1.433336,normal
1461146702909,2016-04-20 20:05:02.909,3.8202074,-4.9373201,2.448864,normal
1461146702925,2016-04-20 20:05:02.925,4.8692498,-4.3800784,2.1274414,normal
1461146702931,2016-04-20 20:05:02.931,3.4450182,-5.2486885,2.5048367,normal
1461146702933,2016-04-20 20:05:02.933,3.9553669,-5.1088849,3.4246416,normal
1461146702946,2016-04-20 20:05:02.946,2.82625,-7.233865,2.2198685,normal
1461146702949,2016-04-20 20:05:02.949,2.2787852,-6.2174649,2.3779505,normal
1461146702964,2016-04-20 20:05:02.964,2.9160452,-5.9791656,2.4610551,normal
1461146702970,2016-04-20 20:05:02.970,3.6258705,-5.9141884,3.4524778,normal
1461146702987,2016-04-20 20:05:02.987,2.2874872,-7.0914816,1.9305529,normal
1461146703006,2016-04-20 20:05:03.006,2.332991,-7.4633006,3.2543258,normal
1461146703020,2016-04-20 20:05:03.020,2.4464066,-7.6617601,2.3704495,normal
1461146703032,2016-04-20 20:05:03.032,2.2321617,-7.7435216,2.8112294,normal
1461146703040,2016-04-20 20:05:03.040,3.1817886,-6.5924727,2.8291476,normal
1461146703045,2016-04-20 20:05:03.045,2.9224895,-7.420269,3.9708482,normal
1461146703015,2016-04-20 20:05:03.015,3.8431916,-8.7665219,3.7142486,normal
1461146703027,2016-04-20 20:05:03.027,3.3908271,-8.3698814,3.8286276,normal
1461146703045,2016-04-20 20:05:03.045,3.7756736,-8.0098279,3.4355427,normal
1461146703055,2016-04-20 20:05:03.055,4.3775789,-7.9174768,3.7612679,normal
1461146703068,2016-04-20 20:05:03.068,4.6819538,-7.8552659,2.2846579,normal
1461146703076,2016-04-20 20:05:03.076,4.4170775,-8.676553,2.8085422,normal
1461146703079,2016-04-20 20:05:03.079,3.5795021,-9.1809211,2.4008635,normal
1461146703095,2016-04-20 20:05:03.095,4.3567316,-8.8370799,3.143383,normal
1461146703115,2016-04-20 20:05:03.115,3.7205935,-8.6331046,3.5653644,normal
1461146703134,2016-04-20 20:05:03.134,3.3383331,-9.1750166,3.5087476,normal
1461146703143,2016-04-20 20:05:03.143,4.3973237,-9.2819006,2.165413,normal
1461146703145,2016-04-20 20:05:03.145,4.1309384,-9.7119058,2.4818807,normal
1461146703164,2016-04-20 20:05:03.164,3.6360738,-7.6385584,2.913919,normal
1461146703171,2016-04-20 20:05:03.171,4.4666809,-8.5248357,2.4362886,normal
1461146703182,2016-04-20 20:05:03.182,3.0688162,-9.4599567,2.9974728,normal
1461146703187,2016-04-20 20:05:03.187,3.433907,-9.4747184,1.4970336,normal
1461146703193,2016-04-20 20:05:03.193,3.1463328,-9.3052831,2.0936037,normal
1461146703208,2016-04-20 20:05:03.208,3.2922628,-10.2236684,1.4913795,normal
1461146703214,2016-04-20 20:05:03.214,4.3541258,-8.5486964,1.0806027,normal
1461146703217,2016-04-20 20:05:03.217,4.85467,-9.257025,0.6378641,normal
1461146703230,2016-04-20 20:05:03.230,5.0686432,-9.4696129,-0.692675,normal
1461146703250,2016-04-20 20:05:03.250,5.4688379,-10.1909982,-0.3328311,normal
1461146703257,2016-04-20 20:05:03.257,5.4880309,-9.4861183,-0.5715594,normal
1461146703259,2016-04-20 20:05:03.259,4.1930772,-10.2580793,-0.3950894,normal
1461146703264,2016-04-20 20:05:03.264,4.8767413,-10.3344922,-0.7382086,normal
1461146703267,2016-04-20 20:05:03.267,5.2426898,-9.3109247,-0.9037016,normal
1461146703283,2016-04-20 20:05:03.283,5.339234,-8.7450504,0.6390277,normal
1461146703294,2016-04-20 20:05:03.294,4.7425336,-9.208053,-0.9331965,normal
1461146703309,2016-04-20 20:05:03.309,4.2180412,-9.6507796,-0.2224803,normal
1461146703320,2016-04-20 20:05:03.320,4.1345519,-8.4359179,-0.6325879,normal
1461146703339,2016-04-20 20:05:03.339,4.4918115,-10.3013234,-1.4856581,normal
1461146703346,2016-04-20 20:05:03.346,5.1744731,-10.0847841,-1.0535531,normal
1461146703354,2016-04-20 20:05:03.354,4.5342124,-8.6435935,-2.3653633,normal
1461146703359,2016-04-20 20:05:03.359,5.3504643,-7.9640315,-3.4808636,normal
1461146703365,2016-04-20 20:05:03.365,5.5481353,-9.0790407,-2.5516712,normal
1461146703372,2016-04-20 20:05:03.372,5.4342685,-7.8100574,-3.3872006,normal
1461146703377,2016-04-20 20:05:03.377,4.4746592,-7.7087982,-1.6469707,normal
1461146703393,2016-04-20 20:05:03.393,5.5982613,-7.7040738,-2.529018,normal
1461146703409,2016-04-20 20:05:03.409,3.7099112,-8.5991771,-1.0723253,normal
1461146703425,2016-04-20 20:05:03.425,3.7486245,-8.2057791,-2.4081616,normal
1461146703439,2016-04-20 20:05:03.439,3.7534179,-9.2204391,-2.1910095,normal
1461146703440,2016-04-20 20:05:03.440,3.9165427,-8.1902942,-2.8200696,normal
1461146703446,2016-04-20 20:05:03.446,3.9061568,-7.3430837,-2.2230876,normal
1461146703453,2016-04-20 20:05:03.453,4.1619516,-7.8682775,-3.8512001,normal
1461146703466,2016-04-20 20:05:03.466,4.5150301,-8.2157397,-3.2435386,normal
1461146703486,2016-04-20 20:05:03.486,6.0525181,-7.4164731,-2.0835783,normal
1461146703505,2016-04-20 20:05:03.505,4.8955369,-7.5941332,-3.5657943,normal
1461146703517,2016-04-20 20:05:03.517,5.3185561,-8.7162787,-2.5100947,normal
1461146703524,2016-04-20 20:05:03.524,5.2546712,-6.7407559,-2.9430184,normal
1461146703537,2016-04-20 20:05:03.537,5.2069397,-7.9083242,-3.1393515,normal
1461146703543,2016-04-20 20:05:03.543,4.8742299,-8.0777322,-2.8201338,normal
1461146703559,2016-04-20 20:05:03.559,4.8964865,-6.6699132,-3.6277181,normal
1461146703566,2016-04-20 20:05:03.566,4.8208174,-6.9930371,-3.3215257,normal
1461146703572,2016-04-20 20:05:03.572,5.9745243,-6.9196885,-3.7467299,normal
1461146703586,2016-04-20 20:05:03.586,6.1860566,-7.3703488,-4.4145434,normal
1461146703590,2016-04-20 20:05:03.590,6.6247202,-7.8690018,-4.2912509,normal
1461146703605,2016-04-20 20:05:03.605,5.1073105,-7.1537748,-4.8186056,normal
1461146703623,2016-04-20 20:05:03.623,6.6221002,-7.6414706,-4.3800115,normal
1461146703643,2016-04-20 20:05:03.643,5.6947791,-7.433963,-4.1214038,normal
1461146703650,2016-04-20 20:05:03.650,5.9478986,-6.590455,-3.977519,normal
1461146703668,2016-04-20 20:05:03.668,5.1876848,-8.2022558,-4.2051282,normal
1461146703673,2016-04-20 20:05:03.673,5.1180948,-8.0551176,-3.1016157,normal
1461146703685,2016-04-20 20:05:03.685,6.1976504,-6.8849833,-3.1464789,normal
1461146703695,2016-04-20 20:05:03.695,6.4960728,-7.2812694,-2.8492209,normal
1461146703696,2016-04-20 20:05:03.696,5.4565334,-6.4507372,-3.954449,normal
1461146703713,2016-04-20 20:05:03.713,5.7327236,-7.2656924,-3.8446386,normal
1461146703728,2016-04-20 20:05:03.728,6.5550112,-7.9118973,-4.7562129,normal
1461146703744,2016-04-20 20:05:03.744,6.8264455,-7.3896638,-4.6245018,normal
1461146703749,2016-04-20 20:05:03.749,6.7110697,-6.3287647,-5.1738595,normal
1461146703753,2016-04-20 20:05:03.753,6.0631541,-7.9591384,-4.8114242,normal
1461146703772,2016-04-20 20:05:03.772,5.7489159,-6.3404821,-3.4341202,normal
1461146703787,2016-04-20 20:05:03.787,6.8241863,-8.1037853,-3.2710226,normal
1461146703796,2016-04-20 20:05:03.796,6.7879575,-6.368294,-4.2826921,normal
1461146703814,2016-04-20 20:05:03.814,5.6926014,-7.3436412,-4.5807859,normal
1461146703820,2016-04-20 20:05:03.820,5.5482717,-7.7785977,-5.3038444,normal
1461146703834,2016-04-20 20:05:03.834,6.9468589,-6.0822015,-4.1212634,normal
1461146703849,2016-04-20 20:05:03.849,6.919197,-7.5607528,-4.5063467,normal
1461146703856,2016-04-20 20:05:03.856,6.9853996,-7.1813819,-3.858036,normal
1461146703862,2016-04-20 20:05:03.862,6.0513193,-7.1841644,-4.9044387,normal
1461146703869,2016-04-20 20:05:03.869,6.3477051,-6.5828219,-3.7922178,normal
1461146703878,2016-04-20 20:05:03.878,6.2256545,-7.0856809,-4.6447413,normal
1461146703898,2016-04-20 20:05:03.898,6.2721261,-6.483238,-4.6181013,normal
1461146703904,2016-04-20 20:05:03.904,7.4144039,-6.9870747,-3.5845631,normal
1461146703914,2016-04-20 20:05:03.914,5.6761751,-7.0401528,-4.6830048,normal
1461146703931,2016-04-20 20:05:03.931,6.9781384,-7.7780196,-3.1650394,normal
1461146703940,2016-04-20 20:05:03.940,6.3158226,-6.1095701,-4.7399142,normal
1461146703946,2016-04-20 20:05:03.946,5.5451782,-7.3084979,-3.3615705,normal
1461146703965,2016-04-20 20:05:03.965,6.097889,-5.8310152,-3.0966838,normal
1461146703975,2016-04-20 20:05:03.975,5.6339475,-7.2972986,-3.4458946,normal
1461146703982,2016-04-20 20:05:03.982,5.8964213,-6.4137982,-3.0957018,normal
1461146703997,2016-04-20 20:05:03.997,6.9604582,-7.4781665,-3.333006,normal
1461146704011,2016-04-20 20:05:04.011,6.6779485,-6.9195958,-3.4165668,normal
1461146704012,2016-04-20 20:05:04.012,6.2971404,-6.9831275,-2.9328081,normal
1461146704017,2016-04-20 20:05:04.017,7.7282291,-7.0735135,-4.2033004,normal
1461146704030,2016-04-20 20:05:04.030,7.5340212,-6.5042859,-2.4850584,normal
1461146704043,2016-04-20 20:05:04.043,7.0413009,-5.8842827,-3.2206407,normal
1461146704061,2016-04-20 20:05:04.061,7.1008624,-5.4820753,-2.6509581,normal
1461146704065,2016-04-20 20:05:04.065,7.9883899,-6.4305619,-2.0120644,normal
1461146704068,2016-04-20 20:05:04.068,8.382914,-5.5215616,-2.6073621,normal
1461146704082,2016-04-20 20:05:04.082,7.3883008,-5.6569897,-3.6900293,normal
1461146704001,2016-04-20 20:05:04.001,1.5284458,-7.9722293,6.982424,normal
1461146704003,2016-04-20 20:05:04.003,2.6561725,-7.2424028,7.852938,normal
1461146704015,2016-04-20 20:05:04.015,2.4587738,-7.6398239,8.5193775,normal
1461146704035,2016-04-20 20:05:04.035,1.7058108,-7.9603118,6.9086355,normal
1461146704045,2016-04-20 20:05:04.045,3.3079589,-8.2422461,7.2666616,normal
1461146704065,2016-04-20 20:05:04.065,2.6465306,-6.752662,6.4284212,normal
1461146704083,2016-04-20 20:05:04.083,1.7045045,-6.6663157,6.726287,normal
1461146704099,2016-04-20 20:05:04.099,2.8484967,-7.6375061,5.628952,normal
1461146704106,2016-04-20 20:05:04.106,3.5430984,-7.7744095,6.6611819,normal
1461146704117,2016-04-20 20:05:04.117,3.5576163,-9.4931869,7.0948583,normal
1461146704127,2016-04-20 20:05:04.127,3.9317201,-9.3972139,6.8122345,normal
1461146704142,2016-04-20 20:05:04.142,3.4042092,-8.376869,6.9634975,normal
1461146704157,2016-04-20 20:05:04.157,2.454543,-8.0636926,6.1184783,normal
1461146704162,2016-04-20 20:05:04.162,2.9543948,-8.0835931,4.6742056,normal
1461146704172,2016-04-20 20:05:04.172,2.386792,-7.9558814,6.1667944,normal
1461146704190,2016-04-20 20:05:04.190,3.1971299,-8.0886759,6.425851,normal
1461146704193,2016-04-20 20:05:04.193,2.1704186,-7.4320099,5.0164609,normal
1461146704204,2016-04-20 20:05:04.204,2.0495165,-7.9516826,5.7134245,normal
1461146704219,2016-04-20 20:05:04.219,3.0526109,-7.6017391,6.068035,normal
1461146704238,2016-04-20 20:05:04.238,3.6603489,-7.3651777,4.7037002,normal
1461146704257,2016-04-20 20:05:04.257,2.0989465,-8.0369777,5.3692384,normal
1461146704276,2016-04-20 20:05:04.276,3.012204,-7.4964495,4.242367,normal
1461146704288,2016-04-20 20:05:04.288,2.0225709,-9.2294525,5.0165928,normal
1461146704302,2016-04-20 20:05:04.302,2.5465915,-9.6729683,4.5724691,normal
1461146704314,2016-04-20 20:05:04.314,3.341648,-7.8332614,3.9640298,normal
1461146704331,2016-04-20 20:05:04.331,2.2514622,-9.6405358,4.987599,normal
1461146704346,2016-04-20 20:05:04.346,2.5772987,-8.4042724,3.5613727,normal
1461146704362,2016-04-20 20:05:04.362,2.3228843,-8.3691442,4.0372483,normal
1461146704375,2016-04-20 20:05:04.375,1.9702217,-7.2836028,3.5305231,normal
1461146704376,2016-04-20 20:05:04.376,2.5766979,-8.5278716,2.5619267,normal
1461146704392,2016-04-20 20:05:04.392,3.3678404,-7.9876224,4.1628057,normal
1461146704399,2016-04-20 20:05:04.399,2.1757889,-9.2773486,4.4616075,normal
1461146704413,2016-04-20 20:05:04.413,3.6266786,-9.2026977,4.1477157,normal
1461146704423,2016-04-20 20:05:04.423,2.3395131,-8.8155058,3.8019413,normal
1461146704434,2016-04-20 20:05:04.434,3.1542568,-8.5375247,3.7987761,normal
1461146704445,2016-04-20 20:05:04.445,2.9011693,-8.7553692,4.1142854,normal
1461146704457,2016-04-20 20:05:04.457,2.6879878,-8.8893832,3.8127685,normal
1461146704458,2016-04-20 20:05:04.458,3.0395516,-9.6674382,3.1494735,normal
1461146704472,2016-04-20 20:05:04.472,1.8311362,-8.9327158,3.4888199,normal
1461146704480,2016-04-20 20:05:04.480,1.9689037,-9.3201002,2.0944507,normal
1461146704492,2016-04-20 20:05:04.492,1.84012,-8.450775,2.4769584,normal
1461146704501,2016-04-20 20:05:04.501,3.2909439,-9.0312731,3.0965114,normal
1461146704505,2016-04-20 20:05:04.505,1.8758806,-9.0859587,2.4073502,normal
1461146704514,2016-04-20 20:05:04.514,3.1228996,-8.7756549,1.5617579,normal
1461146704530,2016-04-20 20:05:04.530,3.1381797,-8.5587506,1.4094314,normal
1461146704542,2016-04-20 20:05:04.542,1.8683005,-9.0217018,2.0851417,normal
1461146704551,2016-04-20 20:05:04.551,3.468724,-10.650296,1.3519276,normal
1461146704564,2016-04-20 20:05:04.564,2.0693967,-9.334869,1.0462396,normal
1461146704581,2016-04-20 20:05:04.581,2.1459686,-9.5334688,1.3442218,normal
1461146704601,2016-04-20 20:05:04.601,2.6052477,-10.228737,0.7037096,normal
1461146704608,2016-04-20 20:05:04.608,2.7626896,-9.7079951,0.4142466,normal
1461146704611,2016-04-20 20:05:04.611,2.9951797,-11.2624555,-0.1131254,normal
1461146704617,2016-04-20 20:05:04.617,2.9093075,-9.8319602,1.1045108,normal
1461146704637,2016-04-20 20:05:04.637,3.6729537,-10.6178695,0.8051443,normal
1461146704642,2016-04-20 20:05:04.642,3.1449863,-9.5586833,-0.088536,normal
1461146704645,2016-04-20 20:05:04.645,3.0261396,-9.9682909,-0.2230013,normal
1461146704651,2016-04-20 20:05:04.651,2.8729887,-10.7256153,0.9308627,normal
1461146704654,2016-04-20 20:05:04.654,2.5436186,-8.984096,1.265282,normal
1461146704670,2016-04-20 20:05:04.670,3.6968014,-9.041957,0.380438,normal
1461146704688,2016-04-20 20:05:04.688,3.8864928,-8.6376065,1.3872496,normal
1461146704701,2016-04-20 20:05:04.701,2.010147,-8.4922956,-0.4201073,normal
1461146704711,2016-04-20 20:05:04.711,3.6662084,-9.1339179,-0.4831754,normal
1461146704716,2016-04-20 20:05:04.716,2.6742499,-8.5570291,-0.0245848,normal
1461146704732,2016-04-20 20:05:04.732,2.834339,-8.5049413,0.0733626,normal
1461146704735,2016-04-20 20:05:04.735,2.5904832,-9.3813658,0.635244,normal
1461146704755,2016-04-20 20:05:04.755,2.5392529,-10.0145117,-0.0840392,normal
1461146704775,2016-04-20 20:05:04.775,2.8683046,-9.4157664,-1.0774822,normal
1461146704786,2016-04-20 20:05:04.786,2.5789038,-10.7247751,0.1109594,normal
1461146704796,2016-04-20 20:05:04.796,4.1132192,-9.6321515,-0.7875323,normal
1461146704813,2016-04-20 20:05:04.813,4.6119028,-10.1233666,-0.8788018,normal
1461146704815,2016-04-20 20:05:04.815,3.4078416,-9.5228556,-1.2219916,normal
1461146704832,2016-04-20 20:05:04.832,3.4103664,-10.8543524,-0.9051892,normal
1461146704842,2016-04-20 20:05:04.842,4.0098327,-11.3419494,-1.5325445,normal
1461146704851,2016-04-20 20:05:04.851,4.1507567,-11.2454842,-1.6792206,normal
1461146704864,2016-04-20 20:05:04.864,3.378914,-6.7793726,5.6991937,normal
1461146704870,2016-04-20 20:05:04.870,2.5809737,-6.1069236,6.2566877,normal
1461146704875,2016-04-20 20:05:04.875,3.1529464,-6.7446235,5.1266193,normal
1461146704890,2016-04-20 20:05:04.890,2.5605073,-6.8483766,5.1206415,normal
1461146704907,2016-04-20 20:05:04.907,3.8415827,-6.7485795,6.5504162,normal
1461146704922,2016-04-20 20:05:04.922,3.9359837,-6.3717642,5.5831429,normal
1461146704934,2016-04-20 20:05:04.934,2.7258894,-6.2588777,6.934797,normal
1461146704952,2016-04-20 20:05:04.952,2.5453275,-7.0598382,5.8618876,normal
1461146704957,2016-04-20 20:05:04.957,2.6732405,-6.9702043,6.7860602,normal
1461146704961,2016-04-20 20:05:04.961,3.5148126,-5.0754985,6.7668584,normal
1461146704973,2016-04-20 20:05:04.973,3.3358172,-5.9816886,6.744305,normal
1461146704988,2016-04-20 20:05:04.988,3.3060931,-7.9176917,5.8387659,normal
1461146705004,2016-04-20 20:05:05.004,2.6398501,-7.3405458,5.9011368,normal
1461146705012,2016-04-20 20:05:05.012,2.2771798,-7.3359912,7.2943035,normal
1461146705020,2016-04-20 20:05:05.020,3.6248881,-8.4167528,7.000241,normal
1461146705022,2016-04-20 20:05:05.022,3.7445514,-8.3797856,5.6416013,normal
1461146705032,2016-04-20 20:05:05.032,3.6585795,-7.2047768,6.5716694,normal
1461146705052,2016-04-20 20:05:05.052,2.2948379,-7.3504697,6.1464435,normal
1461146705057,2016-04-20 20:05:05.057,3.9267832,-7.0590346,6.623629,normal
1461146705062,2016-04-20 20:05:05.062,2.4656825,-7.8336681,4.6444437,normal
1461146705082,2016-04-20 20:05:05.082,2.3203467,-7.1833071,6.2725311,normal
1461146705102,2016-04-20 20:05:05.102,2.5601824,-6.8731001,4.9306883,normal
1461146705106,2016-04-20 20:05:05.106,2.5726946,-7.3656842,4.8982446,normal
1461146705125,2016-04-20 20:05:05.125,3.8963299,-7.2367444,5.2327749,normal
1461146705139,2016-04-20 20:05:05.139,3.847615,-8.5522293,5.5224195,normal
1461146705141,2016-04-20 20:05:05.141,4.4014918,-8.3661625,3.7162778,normal
1461146705014,2016-04-20 20:05:05.014,3.1578868,-8.9932506,-3.3694803,normal
1461146705019,2016-04-20 20:05:05.019,2.1248386,-7.8283174,-2.8746538,normal
1461146705037,2016-04-20 20:05:05.037,3.042567,-7.4691099,-4.2073326,normal
1461146705041,2016-04-20 20:05:05.041,1.8646396,-9.1423026,-3.2001189,normal
1461146705059,2016-04-20 20:05:05.059,3.197354,-7.4162658,-3.0532254,normal
1461146705077,2016-04-20 20:05:05.077,3.381366,-7.5424851,-3.413705,normal
1461146705081,2016-04-20 20:05:05.081,3.3769219,-7.8927635,-3.4824635,normal
1461146705101,2016-04-20 20:05:05.101,3.1884518,-7.4826851,-4.2581037,normal
1461146705110,2016-04-20 20:05:05.110,3.7025396,-8.2525825,-4.7893925,normal
1461146705112,2016-04-20 20:05:05.112,2.0671405,-6.8402258,-4.2086743,normal
1461146705129,2016-04-20 20:05:05.129,3.4512368,-7.2588995,-4.4069056,normal
1461146705320,2016-04-20 20:05:05.320,3.5108553,-7.4918897,-4.5185071,normal
1461146705334,2016-04-20 20:05:05.334,2.4908111,-7.4771244,-4.4140678,normal
1461146705349,2016-04-20 20:05:05.349,3.5163524,-8.3257405,-4.7346657,normal
1461146705367,2016-04-20 20:05:05.367,2.5094922,-7.5883384,-4.123434,normal
1461146705374,2016-04-20 20:05:05.374,3.5337078,-7.1224103,-4.9990207,normal
1461146705394,2016-04-20 20:05:05.394,3.924106,-7.0251903,-4.5297156,normal
1461146705409,2016-04-20 20:05:05.409,4.7220431,-7.4572859,-4.5749673,normal
1461146705423,2016-04-20 20:05:05.423,3.5471394,-6.3591062,-5.7556881,normal
1461146705437,2016-04-20 20:05:05.437,5.0087131,-7.1095595,-6.3883716,normal
1461146705453,2016-04-20 20:05:05.453,3.5263246,-7.1347067,-5.4469067,normal
1461146705454,2016-04-20 20:05:05.454,4.9547418,-5.6179889,-4.0875189,normal
1461146705461,2016-04-20 20:05:05.461,4.8566576,-6.3277531,-3.3865753,normal
1461146705476,2016-04-20 20:05:05.476,5.5504505,-6.5528356,-4.9395466,normal
1461146705495,2016-04-20 20:05:05.495,5.7602877,-6.3643961,-4.8201803,normal
1461146705508,2016-04-20 20:05:05.508,6.0547481,-6.6105692,-3.169594,normal
1461146705517,2016-04-20 20:05:05.517,6.1724421,-6.9905042,-3.1602306,normal
1461146705523,2016-04-20 20:05:05.523,5.1583319,-5.6699183,-2.7707673,normal
1461146705538,2016-04-20 20:05:05.538,4.9155382,-6.1792136,-2.1242042,normal
1461146705541,2016-04-20 20:05:05.541,5.0162229,-7.0752297,-3.3070536,normal
1461146705557,2016-04-20 20:05:05.557,5.871492,-7.4922749,-3.9541276,normal
1461146705575,2016-04-20 20:05:05.575,4.8611943,-6.3205291,-2.514383,normal
1461146705579,2016-04-20 20:05:05.579,5.3749342,-7.1244952,-2.8478312,normal
1461146705592,2016-04-20 20:05:05.592,7.2780716,-5.9282406,-1.7157423,normal
1461146705602,2016-04-20 20:05:05.602,7.6166497,-6.184472,-2.2649149,normal
1461146705617,2016-04-20 20:05:05.617,7.5765746,-7.0757897,-2.7818826,normal
1461146705622,2016-04-20 20:05:05.622,6.874533,-8.7399359,-3.3515558,normal
1461146705627,2016-04-20 20:05:05.627,7.025972,-9.5017697,-4.9113934,normal
1461146705640,2016-04-20 20:05:05.640,7.2200891,-9.6560845,-4.105463,normal
1461146705655,2016-04-20 20:05:05.655,4.3288335,-10.3007977,-5.6790039,normal
1461146705657,2016-04-20 20:05:05.657,3.9337732,-11.2922605,-3.9919938,normal
1461146705659,2016-04-20 20:05:05.659,4.4598783,-11.5339223,-5.0199429,normal
1461146705675,2016-04-20 20:05:05.675,3.536428,-11.1605005,-5.0550455,normal
1461146705687,2016-04-20 20:05:05.687,1.5818968,-11.8833814,-5.7961827,normal
1461146705689,2016-04-20 20:05:05.689,0.4452023,-12.494205,-6.3232564,normal
1461146705694,2016-04-20 20:05:05.694,0.9588528,-13.8737516,-7.3449674,normal
1461146705696,2016-04-20 20:05:05.696,0.5569839,-14.5970067,-6.5797455,normal
1461146705709,2016-04-20 20:05:05.709,-0.4569726,-14.4088841,-7.649666,normal
1461146705715,2016-04-20 20:05:05.715,-0.4478619,-12.1778967,-7.6390441,normal
1461146705716,2016-04-20 20:05:05.716,-1.4420842,-12.1510116,-7.4686887,normal
1461146705719,2016-04-20 20:05:05.719,-2.1215583,-11.5677451,-9.082208,normal
1461146705724,2016-04-20 20:05:05.724,-0.8028189,-12.5585092,-9.4955352,normal
1461146705730,2016-04-20 20:05:05.730,-0.3106398,-13.046647,-9.8681986,normal
1461146705739,2016-04-20 20:05:05.739,-1.3584015,-14.3720418,-8.6546932,normal
1461146705750,2016-04-20 20:05:05.750,-1.2917129,-12.6647284,-8.9534335,normal
1461146705760,2016-04-20 20:05:05.760,-0.8265788,-10.8627113,-9.6562279,normal
1461146705773,2016-04-20 20:05:05.773,-1.8379143,-10.0863152,-9.5935707,normal
1461146705789,2016-04-20 20:05:05.789,-2.2552621,-11.1295381,-11.1421377,normal
1461146705800,2016-04-20 20:05:05.800,-1.6625813,-10.2803753,-9.8189995,normal
1461146705817,2016-04-20 20:05:05.817,-1.0792103,-10.6949058,-10.4435571,normal
1461146705828,2016-04-20 20:05:05.828,-1.002446,-11.2431455,-10.4056547,normal
1461146705838,2016-04-20 20:05:05.838,-0.20576,-10.5743748,-10.185716,normal
1461146705843,2016-04-20 20:05:05.843,0.3698582,-10.4619397,-10.5598046,normal
1461146705849,2016-04-20 20:05:05.849,-0.492678,-9.7445206,-11.9595069,normal
1461146705851,2016-04-20 20:05:05.851,0.2265095,-10.1249415,-11.1710275,normal
1461146705856,2016-04-20 20:05:05.856,1.2571163,-8.3778055,-10.9761819,normal
1461146705860,2016-04-20 20:05:05.860,0.1519541,-9.9889428,-11.2862354,normal
1461146705861,2016-04-20 20:05:05.861,-0.2970635,-9.6535691,-10.8904501,normal
1461146705871,2016-04-20 20:05:05.871,1.2235335,-9.0753651,-10.3211131,normal
1461146705891,2016-04-20 20:05:05.891,1.3533837,-9.9408064,-11.0527896,normal
1461146705897,2016-04-20 20:05:05.897,1.7838562,-9.6736428,-10.640254,normal
1461146705917,2016-04-20 20:05:05.917,2.2624696,-8.7336642,-11.6374413,normal
1461146705935,2016-04-20 20:05:05.935,3.5216753,-8.7982748,-12.0402522,normal
1461146705946,2016-04-20 20:05:05.946,2.8083262,-8.9971411,-13.7938128,normal
1461146705950,2016-04-20 20:05:05.950,4.0262098,-9.4448365,-14.5940764,normal
1461146705956,2016-04-20 20:05:05.956,3.6599464,-9.9757823,-13.4778994,normal
1461146705959,2016-04-20 20:05:05.959,9.5554157,-5.8718128,-4.1545353,normal
1461146705976,2016-04-20 20:05:05.976,7.8839879,-6.1232542,-3.5400251,normal
1461146705978,2016-04-20 20:05:05.978,8.7877364,-6.0900896,-2.8307782,normal
1461146705998,2016-04-20 20:05:05.998,8.0807709,-4.9655521,-2.8290992,normal
1461146706018,2016-04-20 20:05:06.018,7.2307554,-4.0517019,-1.6819259,normal
1461146706034,2016-04-20 20:05:06.034,7.8185779,-5.2893287,-1.5023461,normal
1461146706045,2016-04-20 20:05:06.045,8.0669283,-5.6379708,-0.9220869,normal
1461146706062,2016-04-20 20:05:06.062,7.5934113,-5.5298342,0.5342576,normal
1461146706077,2016-04-20 20:05:06.077,7.6603305,-6.761407,0.1348983,normal
1461146706088,2016-04-20 20:05:06.088,7.533864,-6.7672084,1.610373,normal
1461146706106,2016-04-20 20:05:06.106,6.7241301,-5.4321647,1.9100999,normal
1461146706116,2016-04-20 20:05:06.116,5.9342956,-6.3094377,0.8482562,normal
1461146706117,2016-04-20 20:05:06.117,6.3605084,-7.4258992,1.6119395,normal
1461146706122,2016-04-20 20:05:06.122,6.3571316,-7.2091899,2.1728553,normal
1461146706124,2016-04-20 20:05:06.124,6.7668293,-8.3428616,2.6871682,normal
1461146706130,2016-04-20 20:05:06.130,6.4312984,-6.9623365,4.2020485,normal
1461146706142,2016-04-20 20:05:06.142,5.6887085,-7.5760757,3.34808,normal
1461146706150,2016-04-20 20:05:06.150,5.5132939,-7.5130423,5.0716141,normal
1461146706165,2016-04-20 20:05:06.165,4.6204007,-7.1689911,3.843543,normal
1461146706173,2016-04-20 20:05:06.173,4.3522772,-6.0994344,4.7499511,normal
1461146706174,2016-04-20 20:05:06.174,4.7066048,-7.9724898,3.7829575,normal
1461146706191,2016-04-20 20:05:06.191,3.4494417,-7.0434831,4.5715428,normal
1461146706203,2016-04-20 20:05:06.203,4.0033785,-7.4490882,4.700336,normal
1461146706218,2016-04-20 20:05:06.218,2.9794214,-8.1022527,4.9349327,normal
1461146706008,2016-04-20 20:05:06.008,7.9526926,-5.4390147,-2.5010021,normal
1461146706027,2016-04-20 20:05:06.027,8.1855872,-4.7597022,-2.2943734,normal
1461146706046,2016-04-20 20:05:06.046,8.0964658,-3.9987462,-1.9649615,normal
1461146706047,2016-04-20 20:05:06.047,8.1009874,-3.7979823,-1.4434426,normal
1461146706061,2016-04-20 20:05:06.061,8.2770205,-4.9698472,-1.2541733,normal
1461146706075,2016-04-20 20:05:06.075,8.3179936,-5.7286445,-0.2055101,normal
1461146706083,2016-04-20 20:05:06.083,7.6858236,-6.7578827,0.7668358,normal
1461146706093,2016-04-20 20:05:06.093,7.748538,-5.282495,0.8984856,normal
1461146706096,2016-04-20 20:05:06.096,8.1832112,-6.626529,1.7616136,normal
1461146706114,2016-04-20 20:05:06.114,7.473965,-6.9603287,1.4522888,normal
1461146706127,2016-04-20 20:05:06.127,7.7307541,-5.4366808,2.0270025,normal
1461146706146,2016-04-20 20:05:06.146,6.4736817,-7.2156046,1.681065,normal
1461146706153,2016-04-20 20:05:06.153,6.7749215,-6.8576363,3.0804049,normal
1461146706172,2016-04-20 20:05:06.172,6.7331731,-8.0371968,3.2647166,normal
1461146706182,2016-04-20 20:05:06.182,6.8646038,-7.1603052,4.3992939,normal
1461146706194,2016-04-20 20:05:06.194,5.9061658,-7.3028937,4.2365064,normal
1461146706200,2016-04-20 20:05:06.200,5.3410168,-7.5693716,4.4704241,normal
1461146706203,2016-04-20 20:05:06.203,6.1557077,-7.253387,3.6553271,normal
1461146706216,2016-04-20 20:05:06.216,4.5715183,-7.3727509,4.123971,normal
1461146706217,2016-04-20 20:05:06.217,4.3698057,-7.6086694,4.715183,normal
1461146706234,2016-04-20 20:05:06.234,3.3770597,-7.982583,4.5577978,normal
1461146706247,2016-04-20 20:05:06.247,3.7679098,-8.6290503,4.2571331,normal
1461146706252,2016-04-20 20:05:06.252,2.610983,-7.9963862,5.388561,normal
1461146706254,2016-04-20 20:05:06.254,3.8340324,-8.3061221,5.6493997,normal
1461146706267,2016-04-20 20:05:06.267,3.5294047,-8.3489842,4.750143,normal
1461146706275,2016-04-20 20:05:06.275,2.8172075,-7.5181924,5.7127668,normal
1461146706278,2016-04-20 20:05:06.278,3.1897873,-7.1312614,5.7076962,normal
1461146706289,2016-04-20 20:05:06.289,3.9048252,-7.9170977,6.1423946,normal
1461146706295,2016-04-20 20:05:06.295,2.9449354,-8.9405649,5.5428943,normal
1461146706308,2016-04-20 20:05:06.308,3.6497098,-8.6011571,5.5489569,normal
1461146706319,2016-04-20 20:05:06.319,2.5155596,-7.5798105,5.5734556,normal
1461146706327,2016-04-20 20:05:06.327,3.295935,-8.0644583,4.4025387,normal
1461146706346,2016-04-20 20:05:06.346,1.8703454,-8.1152893,4.5256858,normal
1461146706364,2016-04-20 20:05:06.364,3.5631844,-7.6259629,3.7711561,normal
1461146705900,2016-04-20 20:05:05.900,2.47269,-8.4979144,4.3721946,normal
1461146705904,2016-04-20 20:05:05.904,2.2184315,-9.1875578,2.8982784,normal
1461146705906,2016-04-20 20:05:05.906,2.7014924,-9.2179513,3.964712,normal
1461146705912,2016-04-20 20:05:05.912,2.8517917,-8.4137145,3.126484,normal
1461146705922,2016-04-20 20:05:05.922,2.725881,-8.8654881,2.602711,normal
1461146705930,2016-04-20 20:05:05.930,3.9482816,-9.5814787,1.5797472,normal
1461146705943,2016-04-20 20:05:05.943,2.9056996,-8.1615114,1.9358022,normal
1461146705955,2016-04-20 20:05:05.955,4.2765227,-10.240289,1.3291807,normal
1461146705968,2016-04-20 20:05:05.968,2.8483725,-10.7646885,0.9631282,normal
1461146705975,2016-04-20 20:05:05.975,4.1663464,-10.8865038,1.3199505,normal
1461146705981,2016-04-20 20:05:05.981,5.0353815,-12.8003429,-2.4127196,normal
1461146705996,2016-04-20 20:05:05.996,3.7558418,-11.4002578,-3.1324147,normal
1461146706008,2016-04-20 20:05:06.008,4.2365541,-11.3685928,-2.6646872,normal
1461146706009,2016-04-20 20:05:06.009,3.5026853,-10.8105769,-1.984443,normal
1461146706023,2016-04-20 20:05:06.023,3.0897527,-10.3438529,-2.4588919,normal
1461146706033,2016-04-20 20:05:06.033,3.6230054,-11.1295874,-2.138368,normal
1461146706051,2016-04-20 20:05:06.051,3.8201375,-11.4008755,-1.6932764,normal
1461146706058,2016-04-20 20:05:06.058,2.8767641,-10.9973445,-1.7118582,normal
1461146706065,2016-04-20 20:05:06.065,3.4079631,-9.8687886,-1.6240053,normal
1461146706066,2016-04-20 20:05:06.066,3.505294,-11.0573487,-1.7409046,normal
1461146706069,2016-04-20 20:05:06.069,2.6703335,-10.8616962,-1.2931434,normal
1461146706088,2016-04-20 20:05:06.088,2.6055686,-9.1564868,-2.964211,normal
1461146706106,2016-04-20 20:05:06.106,2.7373282,-10.4475703,-2.1061189,normal
1461146706109,2016-04-20 20:05:06.109,3.2341985,-9.9298142,-2.9125912,normal
1461146706125,2016-04-20 20:05:06.125,2.7308436,-9.4216172,-1.8657819,normal
1461146706144,2016-04-20 20:05:06.144,3.5508254,-10.0389706,-1.6916246,normal
1461146706149,2016-04-20 20:05:06.149,3.0981252,-10.0157446,-2.7974268,normal
1461146706161,2016-04-20 20:05:06.161,3.7573664,-9.5978543,-2.4744555,normal
1461146706166,2016-04-20 20:05:06.166,3.429428,-9.3711301,-2.5532417,normal
1461146706177,2016-04-20 20:05:06.177,4.038314,-10.6751034,-1.9945432,normal
1461146706188,2016-04-20 20:05:06.188,3.2100803,-9.8139995,-3.2814385,normal
1461146706207,2016-04-20 20:05:06.207,4.6467209,-10.1182351,-2.4339593,normal
1461146706208,2016-04-20 20:05:06.208,3.8630624,-9.991003,-2.883801,normal
1461146706212,2016-04-20 20:05:06.212,4.109354,-8.3982836,-2.9562252,normal
1461146706214,2016-04-20 20:05:06.214,2.8785889,-9.5972235,-2.2212608,normal
1461146706225,2016-04-20 20:05:06.225,3.2890832,-9.4279532,-2.5686774,normal
1461146706236,2016-04-20 20:05:06.236,2.9168497,-9.4550812,-3.0465369,normal
1461146706242,2016-04-20 20:05:06.242,3.7011456,-7.9171929,-2.0707235,normal
1461146706257,2016-04-20 20:05:06.257,2.7060918,-8.944954,-2.1338955,normal
1461146706276,2016-04-20 20:05:06.276,2.7341264,-8.9946515,-2.2980532,normal
1461146706293,2016-04-20 20:05:06.293,3.0871243,-7.5712751,-2.3036391,normal
1461146706300,2016-04-20 20:05:06.300,3.3483378,-8.3536439,-2.852486,normal
1461146706315,2016-04-20 20:05:06.315,3.9983482,-9.6792939,-1.5297662,normal
1461146706319,2016-04-20 20:05:06.319,3.1857999,-8.0217393,-2.3327615,normal
1461146706338,2016-04-20 20:05:06.338,3.7345468,-9.2039847,-2.6805258,normal
1461146706348,2016-04-20 20:05:06.348,4.310408,-8.9380075,-2.1922436,normal
1461146706361,2016-04-20 20:05:06.361,3.3234652,-7.0336235,-1.1427017,normal
1461146706379,2016-04-20 20:05:06.379,3.7918003,-8.0602728,-1.5018629,normal
1461146706398,2016-04-20 20:05:06.398,2.5116093,-8.1153324,-2.4935497,normal
1461146706413,2016-04-20 20:05:06.413,3.9497913,-9.0332726,-1.9614857,normal
1461146706433,2016-04-20 20:05:06.433,3.660513,-9.803783,-3.4940451,normal
1461146706441,2016-04-20 20:05:06.441,3.1178933,-9.5088418,-2.3470087,normal
1461146706452,2016-04-20 20:05:06.452,2.4564531,-9.8976182,-2.9446915,normal
1461146706459,2016-04-20 20:05:06.459,1.808263,-9.3056677,-3.647168,normal
1461146706465,2016-04-20 20:05:06.465,1.5848842,-8.4942934,-3.1876692,normal
1461146706474,2016-04-20 20:05:06.474,2.5653445,-7.8510333,-2.0379446,normal
1461146706483,2016-04-20 20:05:06.483,2.3492862,-8.0949959,-2.456337,normal
1461146706487,2016-04-20 20:05:06.487,0.3443848,-9.032004,-1.3624425,normal
1461146706495,2016-04-20 20:05:06.495,1.0085949,-9.7904726,-3.3058084,normal
1461146706500,2016-04-20 20:05:06.500,-0.8315796,-9.4013556,-3.5029882,normal
1461146706514,2016-04-20 20:05:06.514,-1.672211,-10.0951258,-4.9588247,normal
1461146706534,2016-04-20 20:05:06.534,-2.043816,-9.7155634,-4.5019784,normal
1461146706539,2016-04-20 20:05:06.539,-1.4753493,-9.6687201,-5.0509287,normal
1461146706541,2016-04-20 20:05:06.541,-2.7002553,-9.6437673,-6.551723,normal
1461146706559,2016-04-20 20:05:06.559,-2.6074638,-9.8415785,-6.519573,normal
1461146706572,2016-04-20 20:05:06.572,-1.1751212,-10.7766003,-7.1246303,normal
1461146707014,2016-04-20 20:05:07.014,2.6972459,-11.6299924,-2.0682424,normal
1461146707020,2016-04-20 20:05:07.020,2.3521713,-11.4505921,-2.2363011,normal
1461146707037,2016-04-20 20:05:07.037,2.4490818,-10.7035001,-1.4032753,normal
1461146707057,2016-04-20 20:05:07.057,3.8703902,-9.5878574,-2.5939212,normal
1461146707058,2016-04-20 20:05:07.058,2.9510406,-9.4924541,-2.1928888,normal
1461146707067,2016-04-20 20:05:07.067,3.4217951,-9.404776,-1.054853,normal
1461146707085,2016-04-20 20:05:07.085,2.788052,-10.0408974,-0.9481003,normal
1461146707092,2016-04-20 20:05:07.092,2.7163373,-10.1393346,-2.7009533,normal
1461146707110,2016-04-20 20:05:07.110,1.8151957,-10.6892651,-2.2007323,normal
1461146707121,2016-04-20 20:05:07.121,1.8212888,-9.7079334,-1.9002337,normal
1461146707125,2016-04-20 20:05:07.125,1.8511964,-10.6165092,-2.3727206,normal
1461146707138,2016-04-20 20:05:07.138,2.9025654,-10.7714098,-4.0375291,normal
1461146707150,2016-04-20 20:05:07.150,3.2806676,-9.6662786,-2.45606,normal
1461146707154,2016-04-20 20:05:07.154,3.6789556,-9.4012645,-3.6521801,normal
1461146707166,2016-04-20 20:05:07.166,3.6571468,-10.8959109,-2.9074921,normal
1461146707185,2016-04-20 20:05:07.185,3.1416451,-10.802424,-2.7431445,normal
1461146707187,2016-04-20 20:05:07.187,2.11873,-10.0625812,-4.1447662,normal
1461146707202,2016-04-20 20:05:07.202,2.4662579,-10.5265468,-2.7352878,normal
1461146707218,2016-04-20 20:05:07.218,3.5305437,-9.9585091,-3.7386693,normal
1461146707237,2016-04-20 20:05:07.237,2.2732651,-8.9201231,-2.0060657,normal
1461146707245,2016-04-20 20:05:07.245,3.5996589,-8.5937756,-3.1516175,normal
1461146707246,2016-04-20 20:05:07.246,3.6569374,-9.3866706,-2.2899029,normal
1461146707255,2016-04-20 20:05:07.255,2.7856342,-8.8307459,-2.4000074,normal
1461146707275,2016-04-20 20:05:07.275,3.2779438,-9.3689411,-2.3750936,normal
1461146707282,2016-04-20 20:05:07.282,3.3307487,-10.105194,-2.3899898,normal
1461146707302,2016-04-20 20:05:07.302,3.7586028,-9.6560693,-2.0441704,normal
1461146707318,2016-04-20 20:05:07.318,3.2386525,-9.5095039,-3.2566382,normal
1461146707324,2016-04-20 20:05:07.324,3.0553351,-9.0703448,-1.7417789,normal
1461146707333,2016-04-20 20:05:07.333,3.2285201,-9.4009781,-1.8533449,normal
1461146707343,2016-04-20 20:05:07.343,3.0020318,-9.4552946,-2.174431,normal
1461146707348,2016-04-20 20:05:07.348,3.0939143,-9.5451161,-3.052186,normal
1461146707352,2016-04-20 20:05:07.352,3.2276712,-10.0414367,-3.5124615,normal
1461146707353,2016-04-20 20:05:07.353,5.2074875,-6.5410459,4.6676484,normal
1461146707372,2016-04-20 20:05:07.372,5.5977721,-6.5890027,5.5724933,normal
1461146707383,2016-04-20 20:05:07.383,4.1651538,-6.3278969,4.4432031,normal
1461146707395,2016-04-20 20:05:07.395,5.3443796,-7.2328756,4.7797198,normal
1461146707407,2016-04-20 20:05:07.407,4.3041275,-6.6954702,4.7884337,normal
1461146707408,2016-04-20 20:05:07.408,5.013987,-6.5044802,3.6352617,normal
1461146706760,2016-04-20 20:05:06.760,3.7168413,-6.7719606,3.2549086,normal
1461146706765,2016-04-20 20:05:06.765,3.699261,-5.8553293,4.2092542,normal
1461146706772,2016-04-20 20:05:06.772,4.206124,-6.086513,3.4918071,normal
1461146706780,2016-04-20 20:05:06.780,3.7780844,-7.5421762,2.4967918,normal
1461146706790,2016-04-20 20:05:06.790,4.3930552,-8.1176501,2.8496731,normal
1461146706810,2016-04-20 20:05:06.810,5.6929838,-8.3538904,2.1096846,normal
1461146706826,2016-04-20 20:05:06.826,4.6267655,-9.5274931,1.5967108,normal
1461146706830,2016-04-20 20:05:06.830,4.2551548,-9.8496805,1.2155605,normal
1461146706838,2016-04-20 20:05:06.838,4.7996425,-9.1353744,0.916104,normal
1461146706851,2016-04-20 20:05:06.851,4.6603972,-9.8143699,0.9410589,normal
1461146706863,2016-04-20 20:05:06.863,4.6479994,-10.6082525,1.0657728,normal
1461146706865,2016-04-20 20:05:06.865,3.9539088,-9.8184577,1.6097865,normal
1461146706883,2016-04-20 20:05:06.883,3.4122527,-8.9741681,1.7740207,normal
1461146706900,2016-04-20 20:05:06.900,3.8991317,-8.6520351,3.3151521,normal
1461146706910,2016-04-20 20:05:06.910,2.8120582,-8.9319578,2.3963801,normal
1461146706923,2016-04-20 20:05:06.923,3.9960354,-9.2281137,2.2944922,normal
1461146706929,2016-04-20 20:05:06.929,4.1367267,-8.2277899,3.0856392,normal
1461146706936,2016-04-20 20:05:06.936,2.9452204,-9.9443241,3.2023852,normal
1461146706939,2016-04-20 20:05:06.939,3.949235,-9.7570021,2.1409331,normal
1461146706948,2016-04-20 20:05:06.948,3.6408744,-10.2239461,3.2454654,normal
1461146706958,2016-04-20 20:05:06.958,3.1226177,-10.5657887,2.0451965,normal
1461146706975,2016-04-20 20:05:06.975,4.3859555,-10.8269355,0.4101261,normal
1461146706994,2016-04-20 20:05:06.994,3.331252,-9.9111247,0.2896889,normal
1461146707009,2016-04-20 20:05:07.009,3.3288585,-10.6175245,1.284027,normal
1461146707028,2016-04-20 20:05:07.028,3.5564582,-10.6653088,0.7034751,normal
1461146707023,2016-04-20 20:05:07.023,3.7353085,-10.8748241,-0.5403372,normal
1461146707039,2016-04-20 20:05:07.039,2.8558514,-11.4596881,-0.6535039,normal
1461146707046,2016-04-20 20:05:07.046,3.8133916,-12.0467526,0.3873205,normal
1461146707060,2016-04-20 20:05:07.060,2.0557432,-11.1567782,0.9692134,normal
1461146707069,2016-04-20 20:05:07.069,3.9330043,-12.7164982,-0.5998446,normal
1461146707088,2016-04-20 20:05:07.088,2.2850573,-11.9266005,-0.2255812,normal
1461146707108,2016-04-20 20:05:07.108,3.2822454,-11.7630049,-0.2334478,normal
1461146707121,2016-04-20 20:05:07.121,3.5915019,-11.2897242,1.0041786,normal
1461146707130,2016-04-20 20:05:07.130,2.3683209,-10.6862842,-0.1979325,normal
1461146707149,2016-04-20 20:05:07.149,2.7736781,-11.8461484,0.0471534,normal
1461146707153,2016-04-20 20:05:07.153,4.2473112,-11.3297857,0.5057233,normal
1461146707158,2016-04-20 20:05:07.158,3.7974135,-10.3002156,0.2297679,normal
1461146707161,2016-04-20 20:05:07.161,2.9858607,-10.1932855,0.7498044,normal
1461146707171,2016-04-20 20:05:07.171,3.4924026,-10.6282516,0.8549521,normal
1461146707181,2016-04-20 20:05:07.181,3.6492245,-11.1502823,1.5629511,normal
1461146707191,2016-04-20 20:05:07.191,3.368126,-10.3322627,1.3158454,normal
1461146707207,2016-04-20 20:05:07.207,3.7302536,-11.2904243,0.9160081,normal
1461146707222,2016-04-20 20:05:07.222,2.5134449,-10.9577141,-0.3126996,normal
1461146707236,2016-04-20 20:05:07.236,3.32077,-9.9100127,-0.9428866,normal
1461146707239,2016-04-20 20:05:07.239,3.2867235,-11.1268671,-1.7447176,normal
1461146707243,2016-04-20 20:05:07.243,2.8372336,-10.3832365,-1.6290983,normal
1461146707260,2016-04-20 20:05:07.260,3.1259926,-10.7272403,-0.7923268,normal
1461146707280,2016-04-20 20:05:07.280,3.9163625,-11.1912972,-0.9464936,normal
1461146707297,2016-04-20 20:05:07.297,4.1618946,-10.1214182,-2.6417078,normal
1461146707299,2016-04-20 20:05:07.299,2.3762237,-9.5612169,-2.0552895,normal
1461146707318,2016-04-20 20:05:07.318,2.5361228,-11.2244792,-2.2055843,normal
1461146707323,2016-04-20 20:05:07.323,2.9852893,-11.2867639,-0.9335423,normal
1461146707343,2016-04-20 20:05:07.343,3.5944503,-12.0248103,-0.6305718,normal
1461146707119,2016-04-20 20:05:07.119,3.2824891,-11.0671892,-1.6012398,normal
1461146707121,2016-04-20 20:05:07.121,2.4375137,-11.6220169,-1.608518,normal
1461146707126,2016-04-20 20:05:07.126,3.239125,-10.492957,-0.9604498,normal
1461146707145,2016-04-20 20:05:07.145,3.1255016,-11.0976516,-0.3907513,normal
1461146707162,2016-04-20 20:05:07.162,1.8361624,-10.6246488,-0.8223131,normal
1461146707164,2016-04-20 20:05:07.164,2.8969148,-9.7923496,0.4049704,normal
1461146707165,2016-04-20 20:05:07.165,3.2360331,-9.7341328,0.1715906,normal
1461146707166,2016-04-20 20:05:07.166,2.6910233,-9.3380791,1.1362736,normal
1461146707173,2016-04-20 20:05:07.173,2.9733163,-9.3857856,0.4161777,normal
1461146708019,2016-04-20 20:05:08.019,6.7963841,-2.1217408,0.9206366,normal
1461146708038,2016-04-20 20:05:08.038,6.3140086,-3.3102143,1.3880474,normal
1461146707227,2016-04-20 20:05:07.227,4.2750956,-2.0445326,2.443653,normal
1461146707239,2016-04-20 20:05:07.239,5.2800715,-3.7220338,2.8415623,normal
1461146707244,2016-04-20 20:05:07.244,4.7013848,-2.8487389,1.3517089,normal
1461146707245,2016-04-20 20:05:07.245,4.4664078,-3.4815418,1.6509944,normal
1461146707265,2016-04-20 20:05:07.265,4.6803281,-4.3246953,1.8928911,normal
1461146707275,2016-04-20 20:05:07.275,3.4324444,-4.5881381,2.4287423,normal
1461146707279,2016-04-20 20:05:07.279,3.368521,-3.9567913,2.7797805,normal
1461146707282,2016-04-20 20:05:07.282,3.2184643,-5.2452512,2.2855654,normal
1461146707298,2016-04-20 20:05:07.298,4.0289975,-4.6194976,2.7656278,normal
1461146707319,2016-04-20 20:05:07.319,3.6105233,-4.6189178,3.0836974,normal
1461146707329,2016-04-20 20:05:07.329,2.6029088,-5.3632691,3.5391174,normal
1461146707334,2016-04-20 20:05:07.334,3.8236043,-5.6076522,3.2706924,normal
1461146707341,2016-04-20 20:05:07.341,4.1663554,-6.6623725,3.4428051,normal
1461146707350,2016-04-20 20:05:07.350,3.9595856,-5.6821186,3.4222409,normal
1461146707364,2016-04-20 20:05:07.364,3.5536495,-7.7644944,3.457768,normal
1461146707376,2016-04-20 20:05:07.376,4.2001244,-7.4793603,3.9373125,normal
1461146707391,2016-04-20 20:05:07.391,2.9706359,-7.4417437,3.5572211,normal
1461146707356,2016-04-20 20:05:07.356,2.3298785,-7.1588144,3.9379943,normal
1461146707362,2016-04-20 20:05:07.362,3.1895242,-6.233672,3.545133,normal
1461146707380,2016-04-20 20:05:07.380,3.2322836,-7.1311928,3.2871048,normal
1461146707385,2016-04-20 20:05:07.385,3.3468213,-7.4128474,3.531597,normal
1461146707403,2016-04-20 20:05:07.403,3.2003673,-7.9381518,4.6475954,normal
1461146707416,2016-04-20 20:05:07.416,3.1433295,-6.8005959,4.899639,normal
1461146707420,2016-04-20 20:05:07.420,4.3763515,-7.3775941,4.6191777,normal
1461146707425,2016-04-20 20:05:07.425,4.2982299,-8.3932414,4.022873,normal
1461146707444,2016-04-20 20:05:07.444,4.459874,-7.3984325,3.2491025,normal
1461146707457,2016-04-20 20:05:07.457,3.4759055,-8.129272,2.9319921,normal
1461146707471,2016-04-20 20:05:07.471,3.6676415,-8.5129919,3.7433622,normal
1461146707490,2016-04-20 20:05:07.490,4.3750715,-7.5583643,2.91544,normal
1461146707477,2016-04-20 20:05:07.477,3.9526268,-9.0874934,4.1563771,normal
1461146707495,2016-04-20 20:05:07.495,3.8486029,-7.211997,4.0505551,normal
1461146707511,2016-04-20 20:05:07.511,3.5317578,-7.9574335,4.1532979,normal
1461146707531,2016-04-20 20:05:07.531,3.9787018,-7.8473553,3.6102719,normal
1461146707535,2016-04-20 20:05:07.535,4.9336544,-7.236471,3.7670285,normal
1461146707545,2016-04-20 20:05:07.545,4.4806487,-7.9095112,3.6181755,normal
1461146707547,2016-04-20 20:05:07.547,3.5463982,-8.4576942,2.9478198,normal
1461146707560,2016-04-20 20:05:07.560,3.6825491,-7.3717555,1.8971863,normal
1461146707577,2016-04-20 20:05:07.577,5.1910735,-8.8723177,3.2781593,normal
1461146707583,2016-04-20 20:05:07.583,5.2546502,-8.6240565,3.9332815,normal
1461146707595,2016-04-20 20:05:07.595,4.7751781,-8.2766576,3.1538811,normal
1461146707600,2016-04-20 20:05:07.600,5.7046529,-7.9571783,3.0367627,normal
1461146707614,2016-04-20 20:05:07.614,5.8902672,-7.5018961,2.3993438,normal
1461146707632,2016-04-20 20:05:07.632,6.491821,-7.8694513,2.8984799,normal
1461146707641,2016-04-20 20:05:07.641,4.9023127,-8.7024782,2.3241435,normal
1461146707642,2016-04-20 20:05:07.642,5.1105666,-7.0494287,2.3671103,normal
1461146707648,2016-04-20 20:05:07.648,5.0392858,-7.4152125,1.3109681,normal
1461146707656,2016-04-20 20:05:07.656,3.9799932,-7.9509925,2.2579331,normal
1461146707672,2016-04-20 20:05:07.672,5.5812288,-7.7160418,3.1593714,normal
1461146707686,2016-04-20 20:05:07.686,4.7717822,-7.5443584,2.1534647,normal
1461146707693,2016-04-20 20:05:07.693,5.8575949,-8.3253418,2.7636449,normal
1461146707698,2016-04-20 20:05:07.698,5.6734624,-8.6109247,3.4304769,normal
1461146707707,2016-04-20 20:05:07.707,6.036624,-8.2384318,1.6621115,normal
1461146707711,2016-04-20 20:05:07.711,6.2504926,-7.0165435,1.1538301,normal
1461146707720,2016-04-20 20:05:07.720,5.0551691,-8.4418151,1.3103496,normal
1461146707723,2016-04-20 20:05:07.723,4.9976092,-7.4175589,1.4454586,normal
1461146707735,2016-04-20 20:05:07.735,4.9142935,-9.101923,1.6876093,normal
1461146707742,2016-04-20 20:05:07.742,5.753384,-7.6016662,0.9315701,normal
1461146707760,2016-04-20 20:05:07.760,5.5934225,-8.3251908,1.7028965,normal
1461146707762,2016-04-20 20:05:07.762,4.7528305,-9.094055,1.5969339,normal
1461146707773,2016-04-20 20:05:07.773,4.1091513,-8.1400022,1.4060134,normal
1461146707782,2016-04-20 20:05:07.782,5.5411401,-9.2440163,1.1367332,normal
1461146707789,2016-04-20 20:05:07.789,4.4676425,-8.8463428,1.3304228,normal
1461146707797,2016-04-20 20:05:07.797,4.0949884,-8.4682928,0.0160362,normal
1461146707809,2016-04-20 20:05:07.809,5.7588842,-8.7414778,0.7126652,normal
1461146707822,2016-04-20 20:05:07.822,6.0676432,-8.1534156,0.5177266,normal
1461146707836,2016-04-20 20:05:07.836,4.3350207,-9.6527392,-0.9244265,normal
1461146707851,2016-04-20 20:05:07.851,4.5907227,-10.1173276,-0.0433667,normal
1461146707864,2016-04-20 20:05:07.864,5.1328708,-9.113384,1.3735597,normal
1461146707873,2016-04-20 20:05:07.873,3.9929803,-9.2558674,0.5153413,normal
1461146707893,2016-04-20 20:05:07.893,3.8134248,-9.4628027,0.2890051,normal
1461146707897,2016-04-20 20:05:07.897,5.3568051,-9.8799054,1.8377564,normal
1461146707911,2016-04-20 20:05:07.911,4.0584003,-8.6014576,0.6083368,normal
1461146707918,2016-04-20 20:05:07.918,5.2953538,-8.4293712,-0.3748604,normal
1461146707938,2016-04-20 20:05:07.938,5.8979409,-9.0699141,-0.6760215,normal
1461146707949,2016-04-20 20:05:07.949,4.9319402,-8.9934457,0.4912278,normal
1461146707964,2016-04-20 20:05:07.964,4.3701262,-9.0710386,-0.9267645,normal
1461146707967,2016-04-20 20:05:07.967,5.7822425,-8.7935302,0.4528886,normal
1461146707980,2016-04-20 20:05:07.980,4.5960051,-7.8725952,0.5309986,normal
1461146707993,2016-04-20 20:05:07.993,6.3154327,-8.9768096,0.1580238,normal
1461146708006,2016-04-20 20:05:08.006,5.8962173,-8.4472665,0.4602377,normal
1461146708009,2016-04-20 20:05:08.009,6.0619684,-7.6985754,-0.9779014,normal
1461146708010,2016-04-20 20:05:08.010,5.796098,-8.4510734,0.0711361,normal
1461146708030,2016-04-20 20:05:08.030,6.4204889,-9.1306282,-0.7767273,normal
1461146708050,2016-04-20 20:05:08.050,5.0605776,-8.1832433,-0.1482843,normal
1461146708066,2016-04-20 20:05:08.066,5.9418308,-8.8732956,0.0065826,normal
1461146708027,2016-04-20 20:05:08.027,6.1003229,-7.9903538,-0.1961876,normal
1461146708032,2016-04-20 20:05:08.032,6.4900762,-8.6683026,-1.0603842,normal
1461146708048,2016-04-20 20:05:08.048,6.0797865,-8.9835207,0.3519446,normal
1461146708063,2016-04-20 20:05:08.063,4.8133923,-7.8671017,-1.3784184,normal
1461146708080,2016-04-20 20:05:08.080,4.9760832,-7.6488245,-1.5703108,normal
1461146708096,2016-04-20 20:05:08.096,6.039019,-7.5476817,0.0485769,normal
1461146708103,2016-04-20 20:05:08.103,6.8305652,-7.9322103,0.0573347,normal
1461146708111,2016-04-20 20:05:08.111,5.7129692,-7.7518203,-1.2398777,normal
1461146708091,2016-04-20 20:05:08.091,5.5601593,-7.5901248,-0.2200737,normal
1461146708100,2016-04-20 20:05:08.100,6.3678719,-8.5187095,-0.4916755,normal
1461146708110,2016-04-20 20:05:08.110,6.0646569,-8.3242326,-1.5911951,normal
1461146708120,2016-04-20 20:05:08.120,5.9540155,-7.1579144,-1.4691759,normal
1461146708132,2016-04-20 20:05:08.132,5.5026,-8.7105872,-1.0308909,normal
1461146709019,2016-04-20 20:05:09.019,6.1687806,-6.3800327,-0.1370888,normal
1461146709038,2016-04-20 20:05:09.038,6.779602,-8.3032793,0.1238521,normal
1461146709042,2016-04-20 20:05:09.042,6.6671864,-6.9672271,1.3678505,normal
1461146709058,2016-04-20 20:05:09.058,6.8941543,-9.0375267,0.8153951,normal
1461146709069,2016-04-20 20:05:09.069,7.7250685,-7.8522525,0.5379858,normal
1461146709075,2016-04-20 20:05:09.075,6.752813,-7.93496,0.6316327,normal
1461146709089,2016-04-20 20:05:09.089,7.9432976,-7.757479,-1.1313823,normal
1461146709095,2016-04-20 20:05:09.095,7.6286047,-7.5087551,0.1227092,normal
1461146709100,2016-04-20 20:05:09.100,6.8322242,-7.3980371,-1.2433733,normal
1461146709117,2016-04-20 20:05:09.117,5.6663067,-8.6497494,-0.2712122,normal
1461146709118,2016-04-20 20:05:09.118,4.6862479,-8.2586785,-0.4697982,normal
1461146709134,2016-04-20 20:05:09.134,5.5343543,-7.5961687,-0.6232956,normal
1461146709140,2016-04-20 20:05:09.140,6.3672402,-8.8902103,-0.1339457,normal
1461146709159,2016-04-20 20:05:09.159,6.6963954,-8.2577637,0.0838769,normal
1461146709170,2016-04-20 20:05:09.170,7.0646016,-8.2441568,-0.4531278,normal
1461146709187,2016-04-20 20:05:09.187,5.5568906,-7.2900054,-1.2348973,normal
1461146709188,2016-04-20 20:05:09.188,5.5764197,-8.6229488,-2.7721602,normal
1461146709197,2016-04-20 20:05:09.197,4.3909717,-8.1602272,-2.5317247,normal
1461146709210,2016-04-20 20:05:09.210,5.647764,-10.4956907,-1.6815883,normal
1461146709214,2016-04-20 20:05:09.214,5.0133701,-10.7216457,-1.5128464,normal
1461146709221,2016-04-20 20:05:09.221,6.4082843,-9.5567998,-1.7026462,normal
1461146709234,2016-04-20 20:05:09.234,5.7628929,-9.2783666,-0.3785844,normal
1461146709235,2016-04-20 20:05:09.235,5.4394234,-9.1076457,-0.1296278,normal
1461146709251,2016-04-20 20:05:09.251,4.1879518,-8.3854136,-0.3511758,normal
1461146709269,2016-04-20 20:05:09.269,4.1592374,-7.9062157,-0.9363501,normal
1461146709281,2016-04-20 20:05:09.281,4.2285739,-9.1912828,-0.7480439,normal
1461146709297,2016-04-20 20:05:09.297,4.6253121,-9.5917435,-1.3939329,normal
1461146709299,2016-04-20 20:05:09.299,4.3117082,-8.4178992,-2.0947817,normal
1461146709315,2016-04-20 20:05:09.315,4.7984124,-8.1318119,-1.299096,normal
1461146709318,2016-04-20 20:05:09.318,5.0987406,-9.290674,-2.0014827,normal
1461146709322,2016-04-20 20:05:09.322,6.009339,-8.4094881,-0.8847966,normal
1461146709333,2016-04-20 20:05:09.333,6.2120503,-9.1463142,-2.1081327,normal
1461146709343,2016-04-20 20:05:09.343,4.4818329,-7.587319,-1.8734589,normal
1461146709352,2016-04-20 20:05:09.352,6.2129334,-8.4325047,-1.0351983,normal
1461146709362,2016-04-20 20:05:09.362,5.2557568,-7.686199,-1.3016572,normal
1461146709381,2016-04-20 20:05:09.381,5.8734674,-8.6389328,-1.5607467,normal
1461146709382,2016-04-20 20:05:09.382,6.1710744,-7.5598616,-2.2842688,normal
1461146709384,2016-04-20 20:05:09.384,4.8372524,-8.4238415,-3.3735279,normal
1461146709385,2016-04-20 20:05:09.385,5.9460272,-7.3974708,-3.6044017,normal
1461146708708,2016-04-20 20:05:08.708,5.678841,-8.8483689,-2.1734008,normal
1461146708721,2016-04-20 20:05:08.721,5.8992777,-7.7482797,-2.3811484,normal
1461146708734,2016-04-20 20:05:08.734,5.023307,-9.2105436,-1.2928131,normal
1461146708749,2016-04-20 20:05:08.749,5.7583476,-8.3746263,-2.5056579,normal
1461146708755,2016-04-20 20:05:08.755,4.3740615,-8.6295491,-0.9975847,normal
1461146708758,2016-04-20 20:05:08.758,4.6061813,-6.8418976,-2.55596,normal
1461146708761,2016-04-20 20:05:08.761,3.2826236,-6.5579529,-2.3851088,normal
1461146708766,2016-04-20 20:05:08.766,3.5733784,-7.1396008,-3.4423087,normal
1461146708776,2016-04-20 20:05:08.776,5.2852426,-7.3539382,-2.4956917,normal
1461146708796,2016-04-20 20:05:08.796,4.3441388,-7.9291804,-2.7955631,normal
1461146708803,2016-04-20 20:05:08.803,3.7681533,-9.287107,-2.6372653,normal
1461146708819,2016-04-20 20:05:08.819,4.0345456,-8.0207836,-3.4135587,normal
1461146708829,2016-04-20 20:05:08.829,4.2669105,-7.3002199,-2.985881,normal
1461146708837,2016-04-20 20:05:08.837,5.6115721,-7.7783922,-3.3552322,normal
1461146708857,2016-04-20 20:05:08.857,4.2443427,-8.1150609,-3.0081295,normal
1461146708871,2016-04-20 20:05:08.871,4.3158754,-7.5856647,-2.7543561,normal
1461146708890,2016-04-20 20:05:08.890,4.0408923,-7.8692752,-2.9658246,normal
1461146708904,2016-04-20 20:05:08.904,5.5771557,-7.8768916,-2.7667198,normal
1461146708922,2016-04-20 20:05:08.922,5.5701784,-7.9670859,-3.1442955,normal
1461146708926,2016-04-20 20:05:08.926,4.3129922,-7.0518159,-2.4286955,normal
1461146708944,2016-04-20 20:05:08.944,5.4643472,-9.1116399,-2.4954402,normal
1461146708960,2016-04-20 20:05:08.960,5.2127623,-8.3119479,-2.8306209,normal
1461146708965,2016-04-20 20:05:08.965,5.1466525,-8.7569527,-2.6420122,normal
1461146708970,2016-04-20 20:05:08.970,3.4544504,-8.2925228,-4.015271,normal
1461146708973,2016-04-20 20:05:08.973,4.3342211,-8.7948863,-3.8947559,normal
1461146708993,2016-04-20 20:05:08.993,4.8452964,-8.6584411,-3.8046378,normal
1461146709002,2016-04-20 20:05:09.002,4.5579108,-9.0020474,-5.0410494,normal
1461146709015,2016-04-20 20:05:09.015,4.8955805,-9.2641244,-3.6430889,normal
1461146709032,2016-04-20 20:05:09.032,4.0946564,-9.20186,-4.3310649,normal
1461146709050,2016-04-20 20:05:09.050,4.501707,-9.1836563,-3.0233995,normal
1461146709063,2016-04-20 20:05:09.063,4.4149704,-9.4072347,-4.2076243,normal
1461146709072,2016-04-20 20:05:09.072,4.2411913,-8.4734861,-4.562058,normal
1461146709074,2016-04-20 20:05:09.074,3.986693,-8.8026945,-4.4303908,normal
1461146709079,2016-04-20 20:05:09.079,3.2726294,-8.6742288,-3.4162852,normal
1461146709093,2016-04-20 20:05:09.093,4.7265151,-8.6596718,-3.8066523,normal
1461146709107,2016-04-20 20:05:09.107,3.3218581,-9.8174782,-4.431329,normal
1461146709116,2016-04-20 20:05:09.116,3.713223,-10.8210602,-4.1961316,normal
1461146709125,2016-04-20 20:05:09.125,4.821256,-10.7177933,-4.5400568,normal
1461146709142,2016-04-20 20:05:09.142,3.7778778,-10.5337418,-2.5444129,normal
1461146709161,2016-04-20 20:05:09.161,3.0688278,-9.1904358,-2.6210112,normal
1461146709178,2016-04-20 20:05:09.178,4.1686082,-8.5285795,-2.1939664,normal
1461146709192,2016-04-20 20:05:09.192,4.4237945,-8.7608571,-3.9469094,normal
1461146709199,2016-04-20 20:05:09.199,4.0864793,-9.6883134,-4.1706558,normal
1461146709208,2016-04-20 20:05:09.208,4.4393068,-9.5389728,-4.1026307,normal
1461146709223,2016-04-20 20:05:09.223,5.0433084,-11.4027343,-4.3615717,normal
1461146709230,2016-04-20 20:05:09.230,5.4760317,-10.0363443,-3.0491754,normal
1461146709239,2016-04-20 20:05:09.239,4.5780319,-11.5853697,-3.6883166,normal
1461146709240,2016-04-20 20:05:09.240,4.9221439,-9.431174,-3.5464361,normal
1461146709250,2016-04-20 20:05:09.250,4.29274,-10.0519274,-3.4561165,normal
1461146709264,2016-04-20 20:05:09.264,4.9658383,-11.1146059,-2.6048532,normal
1461146709278,2016-04-20 20:05:09.278,6.3304688,-11.135212,-3.1003483,normal
1461146709290,2016-04-20 20:05:09.290,5.4976131,-12.329694,-4.8850591,normal
1461146709295,2016-04-20 20:05:09.295,6.2044107,-13.5540287,-3.7741187,normal
1461146709300,2016-04-20 20:05:09.300,5.0718933,-12.3836736,-4.2309447,normal
1461146709314,2016-04-20 20:05:09.314,4.6695333,-14.2036937,-3.3300597,normal
1461146709320,2016-04-20 20:05:09.320,3.7862912,-12.2239212,-3.5911275,normal
1461146709328,2016-04-20 20:05:09.328,4.2527176,-12.324096,-5.499099,normal
1461146709335,2016-04-20 20:05:09.335,4.171413,-14.5161782,-5.4133307,normal
1461146709355,2016-04-20 20:05:09.355,6.3776242,-13.8853486,-6.3002776,normal
1461146709367,2016-04-20 20:05:09.367,6.1492939,-13.8691512,-4.3316067,normal
1461146709383,2016-04-20 20:05:09.383,5.1217995,-11.8463031,-4.7779667,normal
