1461146704996,2016-04-20 20:05:04.996,2.6373891,-3.9968882,-9.3909939,normal
1461146705002,2016-04-20 20:05:05.002,3.0715207,-6.3495516,7.7942943,normal
1461146705005,2016-04-20 20:05:05.005,3.7619326,-6.3181661,7.2410324,normal
1461146705010,2016-04-20 20:05:05.010,4.1664425,-6.729701,8.0108708,normal
1461146705017,2016-04-20 20:05:05.017,2.3371477,-6.5844273,8.5415465,normal
1461146705021,2016-04-20 20:05:05.021,2.7917344,-5.9085873,7.1315868,normal
1461146705024,2016-04-20 20:05:05.024,2.5741251,-4.4994375,8.3780406,normal
1461146705030,2016-04-20 20:05:05.030,3.9326578,-4.9473498,7.2442647,normal
1461146705037,2016-04-20 20:05:05.037,4.0137311,-4.3098062,7.4814972,normal
1461146705041,2016-04-20 20:05:05.041,3.5547233,-5.5046418,8.4478164,normal
1461146705046,2016-04-20 20:05:05.046,3.7577121,-5.555436,7.124354,normal
1461146705051,2016-04-20 20:05:05.051,4.0351867,-6.1340582,6.8607096,normal
1461146705055,2016-04-20 20:05:05.055,4.213989,-6.25574,7.2699838,normal
1461146705060,2016-04-20 20:05:05.060,3.6106285,-5.408661,7.1107065,normal
1461146705063,2016-04-20 20:05:05.063,3.9044988,-5.7322728,5.7962999,normal
1461146705067,2016-04-20 20:05:05.067,3.4381991,-5.1877923,5.8835336,normal
1461146705074,2016-04-20 20:05:05.074,4.0867681,-5.1318123,6.3514977,normal
1461146705077,2016-04-20 20:05:05.077,3.7291827,-6.6597341,5.6162911,normal
1461146705083,2016-04-20 20:05:05.083,3.9497073,-7.1961396,6.6432345,normal
1461146705086,2016-04-20 20:05:05.086,3.0262102,-6.7554749,5.4137025,normal
1461146705093,2016-04-20 20:05:05.093,3.0157364,-7.288076,6.3351864,normal
1461146705096,2016-04-20 20:05:05.096,3.9243303,-6.8533623,4.9544097,normal
1461146705101,2016-04-20 20:05:05.101,3.2105105,-7.352091,6.1149097,normal
1461146705105,2016-04-20 20:05:05.105,4.1906411,-6.4872127,6.1299664,normal
1461146705112,2016-04-20 20:05:05.112,3.3357431,-6.0071186,6.7051238,normal
1461146705118,2016-04-20 20:05:05.118,4.2266908,-5.9346122,6.6106712,normal
1461146705121,2016-04-20 20:05:05.121,3.7297129,-6.0372735,5.3585869,normal
1461146705127,2016-04-20 20:05:05.127,3.0839011,-7.3083704,5.0979507,normal
1461146705134,2016-04-20 20:05:05.134,3.7754513,-7.0132449,5.4055089,normal
1461146705140,2016-04-20 20:05:05.140,3.3440175,-6.0140755,5.662288,normal
1461146705144,2016-04-20 20:05:05.144,4.5344983,-6.5366442,6.6483425,normal
1461146705150,2016-04-20 20:05:05.150,3.8128333,-6.4839728,4.9672677,normal
1461146705153,2016-04-20 20:05:05.153,3.0482726,-6.6064918,4.2945602,normal
1461146705159,2016-04-20 20:05:05.159,4.5118799,-8.0252096,5.4749175,normal
1461146705165,2016-04-20 20:05:05.165,4.5319064,-8.0243554,4.1987795,normal
1461146705172,2016-04-20 20:05:05.172,3.3115002,-7.9587757,5.4131043,normal
1461146705175,2016-04-20 20:05:05.175,3.9535342,-7.9935594,4.5398252,normal
1461146705182,2016-04-20 20:05:05.182,2.9802512,-8.3997349,4.1127183,normal
1461146705185,2016-04-20 20:05:05.185,3.9949467,-8.2626317,3.9765826,normal
1461146705191,2016-04-20 20:05:05.191,3.1400496,-7.206608,3.7729358,normal
1461146705194,2016-04-20 20:05:05.194,3.4102898,-8.7941972,3.4253428,normal
1461146705200,2016-04-20 20:05:05.200,4.7150328,-9.3515011,3.4297627,normal
1461146705207,2016-04-20 20:05:05.207,3.2815424,-8.6218712,3.86891,normal
1461146705214,2016-04-20 20:05:05.214,3.9135045,-9.0071793,2.2821283,normal
1461146705221,2016-04-20 20:05:05.221,4.6859319,-8.802921,3.382366,normal
1461146705227,2016-04-20 20:05:05.227,4.9187711,-9.3434223,3.8316077,normal
1461146705234,2016-04-20 20:05:05.234,4.8755482,-8.9602117,3.9318363,normal
1461146705237,2016-04-20 20:05:05.237,4.7851745,-8.3721564,3.0496629,normal
1461146705242,2016-04-20 20:05:05.242,4.0861065,-9.0625817,3.7049561,normal
1461146705247,2016-04-20 20:05:05.247,4.1512557,-7.6099315,4.0360736,normal
1461146705253,2016-04-20 20:05:05.253,3.0279331,-9.0502098,3.8090554,normal
1461146705260,2016-04-20 20:05:05.260,3.5805829,-8.0709543,2.5841539,normal
1461146705263,2016-04-20 20:05:05.263,4.0655628,-7.9392822,2.2102557,normal
1461146705268,2016-04-20 20:05:05.268,3.2425606,-9.292305,2.4510866,normal
1461146705271,2016-04-20 20:05:05.271,3.4159211,-9.2978458,2.3010661,normal
1461146705277,2016-04-20 20:05:05.277,2.5611458,-9.7930648,1.8310331,normal
1461146705281,2016-04-20 20:05:05.281,2.9271888,-8.5167496,2.61141,normal
1461146705286,2016-04-20 20:05:05.286,3.7034096,-9.599091,1.8907425,normal
1461146705292,2016-04-20 20:05:05.292,4.215427,-9.1581432,1.464201,normal
1461146705297,2016-04-20 20:05:05.297,2.6815259,-9.0866019,1.2513096,normal
1461146705300,2016-04-20 20:05:05.300,4.1063618,-10.2274877,0.2116781,normal
1461146705303,2016-04-20 20:05:05.303,3.7403728,-9.1051916,0.8021763,normal
1461146705307,2016-04-20 20:05:05.307,3.6825995,-9.8914324,0.1323446,normal
1461146705313,2016-04-20 20:05:05.313,4.4863144,-10.6745449,1.1401917,normal
1461146705320,2016-04-20 20:05:05.320,3.5412008,-10.8841148,-0.3698147,normal
1461146705324,2016-04-20 20:05:05.324,3.4024618,-10.4462388,0.5535467,normal
1461146705329,2016-04-20 20:05:05.329,3.441752,-10.1582529,0.5238939,normal
1461146705335,2016-04-20 20:05:05.335,5.1035342,-10.0603762,0.7833176,normal
1461146705340,2016-04-20 20:05:05.340,4.0419583,-11.1024646,0.7338485,normal
1461146705345,2016-04-20 20:05:05.345,4.0676051,-11.0703791,-0.7789243,normal
1461146705352,2016-04-20 20:05:05.352,3.5581425,-10.6108404,0.2785448,normal
1461146705358,2016-04-20 20:05:05.358,5.077372,-9.6999068,0.3220765,normal
1461146705362,2016-04-20 20:05:05.362,4.5933697,-9.4908772,-0.5040512,normal
1461146705365,2016-04-20 20:05:05.365,4.3701268,-11.2828102,0.3060483,normal
1461146705370,2016-04-20 20:05:05.370,3.9987025,-9.6078772,0.3594317,normal
1461146705376,2016-04-20 20:05:05.376,3.8938316,-11.207412,-0.68408,normal
1461146705379,2016-04-20 20:05:05.379,3.2623507,-9.623627,-0.3981865,normal
1461146705382,2016-04-20 20:05:05.382,4.7853288,-9.4926102,-0.4941809,normal
1461146705385,2016-04-20 20:05:05.385,4.7283678,-9.2929185,-1.3012046,normal
1461146705389,2016-04-20 20:05:05.389,4.6278857,-10.1787543,-0.0311546,normal
1461146705392,2016-04-20 20:05:05.392,4.5887732,-10.2722202,-1.3613058,normal
1461146705395,2016-04-20 20:05:05.395,3.5656437,-9.3665681,0.0349469,normal
1461146705399,2016-04-20 20:05:05.399,4.4326283,-10.6934287,-0.9504286,normal
1461146705402,2016-04-20 20:05:05.402,4.7333532,-10.829815,-0.5773989,normal
1461146705409,2016-04-20 20:05:05.409,3.8366066,-9.4085834,-1.9011572,normal
1461146705416,2016-04-20 20:05:05.416,4.5273553,-10.8883749,-1.4392255,normal
1461146705420,2016-04-20 20:05:05.420,4.6157065,-11.186583,-0.9384796,normal
1461146705426,2016-04-20 20:05:05.426,3.3007167,-11.1740259,-2.1025435,normal
1461146705431,2016-04-20 20:05:05.431,4.1498037,-10.07036,-1.4409782,normal
1461146705438,2016-04-20 20:05:05.438,3.7945219,-9.9995986,-1.0183008,normal
1461146705443,2016-04-20 20:05:05.443,4.1402449,-10.4679889,-1.6854313,normal
1461146705447,2016-04-20 20:05:05.447,5.0868327,-10.6291933,-1.3508957,normal
1461146705451,2016-04-20 20:05:05.451,5.2956762,-11.3557809,-2.0972342,normal
1461146705456,2016-04-20 20:05:05.456,3.7433359,-10.4017658,-1.9681374,normal
1461146705459,2016-04-20 20:05:05.459,4.6367748,-10.9535799,-2.4451935,normal
1461146705464,2016-04-20 20:05:05.464,4.6553212,-10.6496949,-1.7963667,normal
1461146705469,2016-04-20 20:05:05.469,4.0610725,-10.9838352,-1.8420745,normal
1461146705475,2016-04-20 20:05:05.475,5.0621906,-9.178655,-1.7602063,normal
1461146705481,2016-04-20 20:05:05.481,3.8565395,-10.1264155,-1.9307955,normal
1461146705485,2016-04-20 20:05:05.485,3.8994742,-10.1868729,-1.9442106,normal
1461146705492,2016-04-20 20:05:05.492,4.0141692,-10.3601057,-1.7319263,normal
1461146705497,2016-04-20 20:05:05.497,4.9961122,-8.9487811,-2.7141689,normal
1461146705501,2016-04-20 20:05:05.501,4.2479125,-10.5388324,-1.5684514,normal
1461146705506,2016-04-20 20:05:05.506,3.7345834,-9.991157,-1.4977948,normal
1461146705511,2016-04-20 20:05:05.511,3.9723981,-10.6344774,-2.4359794,normal
1461146705516,2016-04-20 20:05:05.516,4.9591957,-10.0000803,-3.2771559,normal
1461146705522,2016-04-20 20:05:05.522,3.6631803,-10.7638415,-2.9419247,normal
1461146705528,2016-04-20 20:05:05.528,4.1439806,-10.4389945,-3.1985892,normal
1461146705535,2016-04-20 20:05:05.535,5.1472779,-10.6130202,-2.6735882,normal
1461146705542,2016-04-20 20:05:05.542,4.7861999,-9.4005605,-2.9402014,normal
1461146705547,2016-04-20 20:05:05.547,5.0943192,-10.8305101,-3.6536016,normal
1461146705553,2016-04-20 20:05:05.553,3.865144,-10.2625999,-2.1189505,normal
1461146705559,2016-04-20 20:05:05.559,5.26721,-10.5236478,-3.0139436,normal
1461146705566,2016-04-20 20:05:05.566,3.81274,-9.7632011,-2.3260879,normal
1461146705573,2016-04-20 20:05:05.573,4.2648969,-9.0491247,-2.4275249,normal
1461146705577,2016-04-20 20:05:05.577,5.4203359,-8.5943498,-2.3476687,normal
1461146705583,2016-04-20 20:05:05.583,4.1978058,-9.4806913,-2.4646926,normal
1461146705588,2016-04-20 20:05:05.588,5.5399221,-9.410251,-3.253334,normal
1461146705592,2016-04-20 20:05:05.592,4.4361604,-9.3106351,-3.1789691,normal
1461146705599,2016-04-20 20:05:05.599,3.901029,-8.7469803,-2.3082535,normal
1461146705605,2016-04-20 20:05:05.605,5.6649395,-9.9478477,-2.7370149,normal
1461146705609,2016-04-20 20:05:05.609,4.2677328,-9.0279855,-3.4362775,normal
1461146705614,2016-04-20 20:05:05.614,3.9943287,-9.8956709,-2.5528949,normal
1461146705619,2016-04-20 20:05:05.619,4.4015862,-10.3150393,-2.4986743,normal
1461146705623,2016-04-20 20:05:05.623,5.6320931,-8.2801547,-2.3872746,normal
1461146705628,2016-04-20 20:05:05.628,4.1769421,-8.4026258,-2.8413829,normal
1461146705633,2016-04-20 20:05:05.633,4.174287,-9.5810431,-3.5049427,normal
1461146705639,2016-04-20 20:05:05.639,5.3609818,-9.7581588,-2.5284676,normal
1461146705642,2016-04-20 20:05:05.642,4.0469751,-8.9529763,-3.1804465,normal
1461146705646,2016-04-20 20:05:05.646,5.0296384,-9.4752253,-2.51356,normal
1461146705653,2016-04-20 20:05:05.653,4.6408966,-9.6879903,-2.6961103,normal
1461146705660,2016-04-20 20:05:05.660,3.8499614,-8.6219295,-2.0858686,normal
1461146705663,2016-04-20 20:05:05.663,3.7053115,-8.3069138,-2.9432464,normal
1461146705670,2016-04-20 20:05:05.670,5.3894947,-8.1252923,-1.9561492,normal
1461146705677,2016-04-20 20:05:05.677,4.8279857,-8.2010919,-3.2345509,normal
1461146705684,2016-04-20 20:05:05.684,4.5991266,-9.330306,-3.2361729,normal
1461146705689,2016-04-20 20:05:05.689,4.5483679,-8.3115716,-3.1211569,normal
1461146705694,2016-04-20 20:05:05.694,3.443188,-9.7598945,-2.96758,normal
1461146705700,2016-04-20 20:05:05.700,3.8100775,-9.425865,-1.7866749,normal
1461146705706,2016-04-20 20:05:05.706,3.8917621,-9.142289,-2.1362153,normal
1461146705713,2016-04-20 20:05:05.713,4.0286474,-7.9000158,3.5943392,normal
1461146705720,2016-04-20 20:05:05.720,3.5912133,-9.1548465,3.1816715,normal
1461146705724,2016-04-20 20:05:05.724,4.0306331,-8.0536746,3.0405425,normal
1461146705730,2016-04-20 20:05:05.730,4.3534928,-7.384645,2.8051656,normal
1461146705733,2016-04-20 20:05:05.733,4.2659494,-8.3965583,2.689737,normal
1461146705740,2016-04-20 20:05:05.740,4.1293411,-9.0531828,4.0444486,normal
1461146705743,2016-04-20 20:05:05.743,4.4333389,-8.2006031,4.2552644,normal
1461146705746,2016-04-20 20:05:05.746,3.2332113,-8.6658482,4.7303343,normal
1461146705749,2016-04-20 20:05:05.749,4.400556,-7.5789116,4.2610165,normal
1461146705753,2016-04-20 20:05:05.753,4.0026564,-7.8186875,4.4095932,normal
1461146705758,2016-04-20 20:05:05.758,2.8208522,-7.9559041,4.0000129,normal
1461146705765,2016-04-20 20:05:05.765,2.9602926,-7.9565062,3.9925893,normal
1461146705771,2016-04-20 20:05:05.771,3.1211728,-8.0199999,4.5045061,normal
1461146705778,2016-04-20 20:05:05.778,4.2640738,-9.0334172,2.4016959,normal
1461146705785,2016-04-20 20:05:05.785,3.9208194,-9.0438703,3.3110307,normal
1461146705789,2016-04-20 20:05:05.789,3.7708643,-8.6353922,2.4564621,normal
1461146705794,2016-04-20 20:05:05.794,4.6682908,-9.6479492,1.6714322,normal
1461146705797,2016-04-20 20:05:05.797,4.4486062,-9.0370095,2.2194405,normal
1461146705803,2016-04-20 20:05:05.803,4.312527,-8.2386862,2.1249829,normal
1461146705806,2016-04-20 20:05:05.806,4.5864029,-9.6650439,0.265645,normal
1461146705813,2016-04-20 20:05:05.813,3.4444741,-8.2038743,1.0915004,normal
1461146705820,2016-04-20 20:05:05.820,3.8882304,-8.7017621,0.1413196,normal
1461146705826,2016-04-20 20:05:05.826,4.8494105,-7.8843288,0.9392357,normal
1461146705832,2016-04-20 20:05:05.832,4.1479452,-8.1818804,1.0393199,normal
1461146705838,2016-04-20 20:05:05.838,3.726934,-8.5669789,1.4859612,normal
1461146705845,2016-04-20 20:05:05.845,4.2735134,-8.3090213,1.2313468,normal
1461146705849,2016-04-20 20:05:05.849,3.9447454,-7.8531483,0.3291937,normal
1461146705855,2016-04-20 20:05:05.855,4.5487725,-7.9774971,1.2419967,normal
1461146705860,2016-04-20 20:05:05.860,4.1347076,-9.4011284,0.5647427,normal
1461146705867,2016-04-20 20:05:05.867,4.5554486,-8.3551209,1.0038673,normal
1461146705873,2016-04-20 20:05:05.873,3.9767671,-10.0260098,2.0017182,normal
1461146705876,2016-04-20 20:05:05.876,2.7477067,-9.725747,0.8358344,normal
1461146705883,2016-04-20 20:05:05.883,3.9116787,-10.0316835,0.3331326,normal
1461146705887,2016-04-20 20:05:05.887,3.0186898,-8.7037121,1.1312863,normal
1461146705890,2016-04-20 20:05:05.890,2.7333891,-9.2131506,0.2395717,normal
1461146705893,2016-04-20 20:05:05.893,2.7107352,-8.9590106,0.5224525,normal
1461146705896,2016-04-20 20:05:05.896,3.4091284,-8.1858086,0.8793718,normal
1461146705900,2016-04-20 20:05:05.900,4.0443835,-8.7173128,0.5010599,normal
1461146705904,2016-04-20 20:05:05.904,2.8705867,-9.7459432,0.7657813,normal
1461146705909,2016-04-20 20:05:05.909,3.5247515,-8.8172475,-0.6899727,normal
1461146705913,2016-04-20 20:05:05.913,3.2425653,-8.5347863,0.2836991,normal
1461146705918,2016-04-20 20:05:05.918,3.4794906,-8.7368283,-0.8738876,normal
1461146705921,2016-04-20 20:05:05.921,4.1652016,-8.4155857,-0.2976602,normal
1461146705924,2016-04-20 20:05:05.924,4.4400914,-9.6550151,-0.7212612,normal
1461146705927,2016-04-20 20:05:05.927,4.5941617,-9.4886244,-1.1429745,normal
1461146705933,2016-04-20 20:05:05.933,5.339931,-9.2967018,-0.1233021,normal
1461146705937,2016-04-20 20:05:05.937,4.3260944,-9.1583087,0.0885924,normal
1461146705942,2016-04-20 20:05:05.942,5.3697288,-8.7448452,-0.1370371,normal
1461146705947,2016-04-20 20:05:05.947,4.4056878,-8.1154452,-0.2302964,normal
1461146705953,2016-04-20 20:05:05.953,5.1332204,-9.4631619,0.0228159,normal
1461146705958,2016-04-20 20:05:05.958,5.0864458,-8.011145,-0.4774659,normal
1461146705962,2016-04-20 20:05:05.962,5.1665342,-9.0777292,-0.9209425,normal
1461146705968,2016-04-20 20:05:05.968,5.5717758,-8.2486754,-0.1183269,normal
1461146705973,2016-04-20 20:05:05.973,5.1743952,-7.8976844,-1.7206443,normal
1461146705979,2016-04-20 20:05:05.979,5.2978335,-7.5990447,-1.5102587,normal
1461146705982,2016-04-20 20:05:05.982,6.6635409,-8.0616365,-1.2951863,normal
1461146705989,2016-04-20 20:05:05.989,6.5064361,-8.5076926,-0.2389727,normal
1461146705993,2016-04-20 20:05:05.993,5.6384299,-8.8865694,-0.795409,normal
1461146706000,2016-04-20 20:05:06.000,5.929444,-8.8974141,-1.2926507,normal
1461146705995,2016-04-20 20:05:05.995,6.5728762,-7.5836831,-1.1070674,normal
1461146706001,2016-04-20 20:05:06.001,6.0616332,-8.0633726,-12.3228889,normal
1461146706007,2016-04-20 20:05:06.007,6.2904557,-6.5306532,-11.4197062,normal
1461146706011,2016-04-20 20:05:06.011,4.8076832,-7.2076838,-11.2450448,normal
1461146706015,2016-04-20 20:05:06.015,4.1867966,-7.3760672,-11.2252388,normal
1461146706021,2016-04-20 20:05:06.021,4.0862939,-7.3992276,-11.4640214,normal
1461146706027,2016-04-20 20:05:06.027,5.394037,-7.0666035,-12.1188781,normal
1461146706033,2016-04-20 20:05:06.033,5.3521262,-6.6630297,-2.2677203,normal
1461146706038,2016-04-20 20:05:06.038,5.9314895,-6.9028563,-1.9624589,normal
1461146706041,2016-04-20 20:05:06.041,6.7474468,-6.2907808,-0.3993965,normal
1461146706048,2016-04-20 20:05:06.048,6.8248821,-6.1849988,-0.3444417,normal
1461146706055,2016-04-20 20:05:06.055,5.3767294,-7.4618621,-0.3376504,normal
1461146706062,2016-04-20 20:05:06.062,5.741485,-6.1833113,-1.8327753,normal
1461146706066,2016-04-20 20:05:06.066,5.9396333,-6.2683465,-1.0685315,normal
1461146706069,2016-04-20 20:05:06.069,5.2989447,-6.5992929,-0.941734,normal
1461146706073,2016-04-20 20:05:06.073,3.8820504,-6.7580229,-1.0381689,normal
1461146706076,2016-04-20 20:05:06.076,4.1344513,-6.8100539,-0.3754814,normal
1461146706081,2016-04-20 20:05:06.081,3.9316058,-6.9561333,-1.1886241,normal
1461146706086,2016-04-20 20:05:06.086,4.063807,-8.07207,-0.783691,normal
1461146706093,2016-04-20 20:05:06.093,3.4577987,-6.9592727,-0.0452517,normal
1461146706096,2016-04-20 20:05:06.096,3.7131606,-7.7480177,0.8716396,normal
1461146706103,2016-04-20 20:05:06.103,3.4187904,-7.8441299,0.0659193,normal
1461146706109,2016-04-20 20:05:06.109,3.7538512,-8.3189344,-0.1118774,normal
1461146706115,2016-04-20 20:05:06.115,2.1969482,-8.5460354,-0.4289856,normal
1461146706121,2016-04-20 20:05:06.121,1.7674745,-8.6133196,0.8569834,normal
1461146706125,2016-04-20 20:05:06.125,3.1591637,-7.5493368,0.1743026,normal
1461146706131,2016-04-20 20:05:06.131,2.4351427,-9.0190233,1.2210949,normal
1461146706138,2016-04-20 20:05:06.138,3.3434059,-9.4941448,0.9537134,normal
1461146706141,2016-04-20 20:05:06.141,3.2439278,-8.5696166,-0.3072472,normal
1461146706145,2016-04-20 20:05:06.145,3.4141515,-8.2826941,-0.2606979,normal
1461146706150,2016-04-20 20:05:06.150,2.2455921,-8.6129273,-0.3469077,normal
1461146706157,2016-04-20 20:05:06.157,3.1014901,-8.2536852,0.8604732,normal
1461146706164,2016-04-20 20:05:06.164,2.8920496,-9.1849862,-0.1123477,normal
1461146706167,2016-04-20 20:05:06.167,1.4475152,-9.6846718,-0.2205507,normal
1461146706170,2016-04-20 20:05:06.170,1.8314993,-9.1705075,-0.2208078,normal
1461146706173,2016-04-20 20:05:06.173,2.2686731,-9.4539948,0.5493026,normal
1461146706177,2016-04-20 20:05:06.177,1.3259145,-9.9254355,0.2078556,normal
1461146706180,2016-04-20 20:05:06.180,1.2007679,-10.2507227,0.6619826,normal
1461146706185,2016-04-20 20:05:06.185,1.4607577,-8.4639995,-0.2080307,normal
1461146706191,2016-04-20 20:05:06.191,1.4274753,-9.3446708,-0.2740286,normal
1461146706197,2016-04-20 20:05:06.197,2.4901138,-10.4290485,-0.6796114,normal
1461146706201,2016-04-20 20:05:06.201,0.9691468,-10.5816023,-0.8575837,normal
1461146706205,2016-04-20 20:05:06.205,2.3545783,-10.1071521,-1.428731,normal
1461146706212,2016-04-20 20:05:06.212,1.3932421,-10.0717139,-0.1797953,normal
1461146706215,2016-04-20 20:05:06.215,1.3531002,-9.6142285,-1.4992206,normal
1461146706219,2016-04-20 20:05:06.219,0.9020931,-10.9527995,-0.3814927,normal
1461146706222,2016-04-20 20:05:06.222,1.0205782,-11.3099716,-1.0678161,normal
1461146706228,2016-04-20 20:05:06.228,1.4767592,-9.757937,-0.6272145,normal
1461146706232,2016-04-20 20:05:06.232,0.5867717,-10.3023704,-0.7309783,normal
1461146706237,2016-04-20 20:05:06.237,1.1084962,-10.53766,-1.8685284,normal
1461146706243,2016-04-20 20:05:06.243,1.2359842,-8.9819732,-2.1255945,normal
1461146706246,2016-04-20 20:05:06.246,0.5739036,-9.9607359,-2.2022634,normal
1461146706252,2016-04-20 20:05:06.252,1.1743238,-9.6072247,-1.4434556,normal
1461146706256,2016-04-20 20:05:06.256,1.1210029,-8.9181436,-1.5692316,normal
1461146706263,2016-04-20 20:05:06.263,0.7103884,-9.9107605,-1.6079494,normal
1461146706268,2016-04-20 20:05:06.268,0.5682696,-9.8907046,-1.6487226,normal
1461146706273,2016-04-20 20:05:06.273,0.8412238,-8.7958965,-2.2680723,normal
1461146706279,2016-04-20 20:05:06.279,0.7272738,-9.4489553,-2.8576819,normal
1461146706285,2016-04-20 20:05:06.285,-0.4600064,-10.0154935,-4.2917917,normal
1461146706289,2016-04-20 20:05:06.289,-0.5115953,-10.1314764,-3.4673576,normal
1461146706293,2016-04-20 20:05:06.293,-0.6870711,-8.4856831,-4.7148334,normal
1461146706299,2016-04-20 20:05:06.299,-1.4809275,-9.7074611,-3.891773,normal
1461146706304,2016-04-20 20:05:06.304,-1.1099255,-9.0330891,-4.4590941,normal
1461146706310,2016-04-20 20:05:06.310,-0.290336,-9.3307806,-2.7785026,normal
1461146706316,2016-04-20 20:05:06.316,-1.7198971,-9.8953417,-2.7075366,normal
1461146706322,2016-04-20 20:05:06.322,-0.4496761,-8.3373598,-3.3883278,normal
1461146706325,2016-04-20 20:05:06.325,0.2027396,-8.4356952,-2.7907439,normal
1461146706331,2016-04-20 20:05:06.331,0.0496558,-8.9021865,-3.5007632,normal
1461146706337,2016-04-20 20:05:06.337,-0.187195,-9.2381731,-3.5129976,normal
1461146706342,2016-04-20 20:05:06.342,-1.2546499,-10.2433428,-2.989987,normal
1461146706348,2016-04-20 20:05:06.348,0.369122,-9.5285897,-2.4842707,normal
1461146706352,2016-04-20 20:05:06.352,-0.0846309,-9.4134432,-4.8879509,normal
1461146706356,2016-04-20 20:05:06.356,-0.8886917,-8.4705778,-4.5738513,normal
1461146706363,2016-04-20 20:05:06.363,-0.5999143,-8.101104,-5.5741617,normal
1461146706368,2016-04-20 20:05:06.368,0.3289823,-9.0784744,-5.3599906,normal
1461146706373,2016-04-20 20:05:06.373,1.7964648,-8.1400603,-4.7316976,normal
1461146706378,2016-04-20 20:05:06.378,2.1013218,-9.2033829,-5.4088615,normal
1461146706382,2016-04-20 20:05:06.382,1.1314134,-8.0797266,-4.7739935,normal
1461146706385,2016-04-20 20:05:06.385,1.0555656,-8.544661,-4.6487864,normal
1461146706391,2016-04-20 20:05:06.391,3.1381062,-7.8001266,-5.8004233,normal
1461146706398,2016-04-20 20:05:06.398,3.3234508,-8.3337766,-4.3435229,normal
1461146706403,2016-04-20 20:05:06.403,3.3018866,-8.0581665,-3.6333023,normal
1461146706407,2016-04-20 20:05:06.407,2.8857185,-6.9463174,-4.9310033,normal
1461146706413,2016-04-20 20:05:06.413,3.5980485,-7.3016475,-3.3684919,normal
1461146706420,2016-04-20 20:05:06.420,4.7376958,-7.1791319,-4.6265506,normal
1461146706424,2016-04-20 20:05:06.424,4.6508563,-6.7545859,-4.5865402,normal
1461146706429,2016-04-20 20:05:06.429,3.0767972,-7.1446529,-5.2778572,normal
1461146706434,2016-04-20 20:05:06.434,3.7994877,-6.7161576,-3.3733087,normal
1461146706438,2016-04-20 20:05:06.438,3.2160639,-7.1610911,-3.9738464,normal
1461146706441,2016-04-20 20:05:06.441,2.6970772,-7.1296886,-3.877497,normal
1461146706445,2016-04-20 20:05:06.445,2.9856146,-8.2526335,-2.7378321,normal
1461146706450,2016-04-20 20:05:06.450,2.7520973,-6.7968027,-3.9312591,normal
1461146706457,2016-04-20 20:05:06.457,4.4955434,-7.485086,-4.2373062,normal
1461146706461,2016-04-20 20:05:06.461,3.4223183,-7.0034157,-3.3043756,normal
1461146706466,2016-04-20 20:05:06.466,4.2520893,-6.5775739,-2.282792,normal
1461146706469,2016-04-20 20:05:06.469,2.2794243,-6.7751887,-2.6160334,normal
1461146706476,2016-04-20 20:05:06.476,2.3678487,-7.7147084,-2.5635358,normal
1461146706479,2016-04-20 20:05:06.479,1.6148974,-7.1618907,-2.3251082,normal
1461146706486,2016-04-20 20:05:06.486,0.6734806,-8.7091326,-2.1312276,normal
1461146706491,2016-04-20 20:05:06.491,0.6580781,-7.6969352,-3.0695198,normal
1461146706494,2016-04-20 20:05:06.494,1.5309982,-6.4015248,-2.8726675,normal
1461146706498,2016-04-20 20:05:06.498,0.4511888,-7.1597494,-2.9957532,normal
1461146706502,2016-04-20 20:05:06.502,0.1185337,-6.8158445,-3.4973611,normal
1461146706509,2016-04-20 20:05:06.509,0.7089813,-7.4954329,-4.3471221,normal
1461146706512,2016-04-20 20:05:06.512,0.3554907,-6.7533689,-4.1383814,normal
1461146706517,2016-04-20 20:05:06.517,-0.0885359,-8.6695812,-5.2129593,normal
1461146706523,2016-04-20 20:05:06.523,0.3281515,-7.333645,-4.543138,normal
1461146706526,2016-04-20 20:05:06.526,-0.3922741,-7.7421069,-5.7836766,normal
1461146706531,2016-04-20 20:05:06.531,-2.2639228,-9.2944082,-5.8940812,normal
1461146706537,2016-04-20 20:05:06.537,-3.5280445,-8.720162,-6.2613981,normal
1461146706540,2016-04-20 20:05:06.540,-2.4892126,-9.2725401,-7.3266509,normal
1461146706545,2016-04-20 20:05:06.545,-3.0382498,-9.3422778,-7.7025237,normal
1461146706548,2016-04-20 20:05:06.548,-3.8411262,-8.4777697,-6.5467976,normal
1461146706554,2016-04-20 20:05:06.554,-3.918062,-7.8270766,-8.4573055,normal
1461146706557,2016-04-20 20:05:06.557,-4.0355683,-9.8676223,-9.45964,normal
1461146706561,2016-04-20 20:05:06.561,-2.795085,-8.7046384,-10.5019334,normal
1461146706566,2016-04-20 20:05:06.566,-2.9623407,-9.2381364,-11.1520486,normal
1461146706571,2016-04-20 20:05:06.571,-4.0205449,-8.5710059,-12.7874576,normal
1461146706578,2016-04-20 20:05:06.578,-2.5415695,-9.738222,-13.4086144,normal
1461146706581,2016-04-20 20:05:06.581,-2.4960397,-8.9788615,-12.802294,normal
1461146706586,2016-04-20 20:05:06.586,-1.1271678,-8.9413591,-12.4995847,normal
1461146706593,2016-04-20 20:05:06.593,-1.4159784,-9.1071599,-11.185546,normal
1461146706600,2016-04-20 20:05:06.600,-1.0819724,-8.9968395,-12.2963996,normal
1461146706606,2016-04-20 20:05:06.606,-1.8940532,-9.3218515,-10.131777,normal
1461146706611,2016-04-20 20:05:06.611,-1.3719326,-10.4350446,-10.2220494,normal
1461146706615,2016-04-20 20:05:06.615,0.4019733,-9.9247806,-9.6814311,normal
1461146706619,2016-04-20 20:05:06.619,0.7682717,-10.4630427,-9.104173,normal
1461146706625,2016-04-20 20:05:06.625,-0.5275363,-9.7246356,-10.6210487,normal
1461146706629,2016-04-20 20:05:06.629,-0.6127057,-9.3385147,-11.1958204,normal
1461146706636,2016-04-20 20:05:06.636,2.977584,-6.2718475,-11.3365613,normal
1461146706640,2016-04-20 20:05:06.640,2.8935375,-7.0458408,-10.4836722,normal
1461146706644,2016-04-20 20:05:06.644,4.4139781,-5.7104498,-9.7106348,normal
1461146706650,2016-04-20 20:05:06.650,3.1639103,-5.3222838,-10.349557,normal
1461146706656,2016-04-20 20:05:06.656,3.3181699,-5.2490562,-10.7208314,normal
1461146706663,2016-04-20 20:05:06.663,4.4562037,-5.2988558,-10.2918929,normal
1461146706670,2016-04-20 20:05:06.670,5.3492879,-6.3018293,-10.7773012,normal
1461146706675,2016-04-20 20:05:06.675,5.7883302,-5.2407708,-9.6564761,normal
1461146706679,2016-04-20 20:05:06.679,4.6533901,-5.2652054,-11.6203398,normal
1461146706682,2016-04-20 20:05:06.682,7.7796532,-5.8308493,-2.98763,normal
1461146706687,2016-04-20 20:05:06.687,6.4089517,-3.8548598,-7.0170156,normal
1461146706693,2016-04-20 20:05:06.693,7.0462805,-5.2056401,-5.4525545,normal
1461146706698,2016-04-20 20:05:06.698,5.0344043,-5.4486674,-5.3344816,normal
1461146706703,2016-04-20 20:05:06.703,5.3298365,-5.6391267,-6.3234448,normal
1461146706709,2016-04-20 20:05:06.709,6.2338198,-5.4315185,-5.0355546,normal
1461146706715,2016-04-20 20:05:06.715,5.7701356,-3.7022983,-4.5159241,normal
1461146706720,2016-04-20 20:05:06.720,6.116144,-4.678297,-5.3772206,normal
1461146706725,2016-04-20 20:05:06.725,5.7905881,-4.248648,-4.3032567,normal
1461146706730,2016-04-20 20:05:06.730,5.1965311,-4.7168758,-2.1130613,normal
1461146706736,2016-04-20 20:05:06.736,4.8942345,-5.0144299,-2.2293931,normal
1461146706743,2016-04-20 20:05:06.743,5.7224547,-4.7029911,-2.7619618,normal
1461146706746,2016-04-20 20:05:06.746,4.8356287,-5.974957,-1.5538816,normal
1461146706750,2016-04-20 20:05:06.750,4.7576444,-5.371162,-1.7105022,normal
1461146706757,2016-04-20 20:05:06.757,4.0758573,-5.3065129,-1.5746576,normal
1461146706760,2016-04-20 20:05:06.760,4.9255845,-5.6260893,-0.4243675,normal
1461146706766,2016-04-20 20:05:06.766,4.0681198,-5.6265923,-0.8389376,normal
1461146706772,2016-04-20 20:05:06.772,4.2179246,-6.9139766,-1.099752,normal
1461146706776,2016-04-20 20:05:06.776,4.682717,-7.0159599,0.0608268,normal
1461146706779,2016-04-20 20:05:06.779,4.5192363,-6.3877887,0.8110949,normal
1461146706786,2016-04-20 20:05:06.786,4.6305057,-6.439112,0.3176027,normal
1461146706790,2016-04-20 20:05:06.790,3.3986262,-7.5057474,0.6581743,normal
1461146706793,2016-04-20 20:05:06.793,4.4805406,-7.9776967,1.2476426,normal
1461146706800,2016-04-20 20:05:06.800,2.7355228,-7.1177916,0.1895692,normal
1461146706807,2016-04-20 20:05:06.807,2.1893725,-7.8655725,0.9812305,normal
1461146706810,2016-04-20 20:05:06.810,2.997386,-8.5834858,0.8552215,normal
1461146706816,2016-04-20 20:05:06.816,3.1395148,-8.6156595,1.5447924,normal
1461146706823,2016-04-20 20:05:06.823,2.1986678,-8.4545559,0.3791744,normal
1461146706829,2016-04-20 20:05:06.829,2.3617911,-7.826593,0.8506967,normal
1461146706836,2016-04-20 20:05:06.836,2.2589319,-7.389132,0.4271408,normal
1461146706842,2016-04-20 20:05:06.842,2.9472552,-9.4268623,1.4409889,normal
1461146706849,2016-04-20 20:05:06.849,2.4239022,-8.1473586,1.600921,normal
1461146706856,2016-04-20 20:05:06.856,1.7619898,-8.4690618,1.6011879,normal
1461146706861,2016-04-20 20:05:06.861,1.7073059,-8.8299551,0.8818532,normal
1461146706867,2016-04-20 20:05:06.867,1.624966,-8.7479233,2.0543271,normal
1461146706873,2016-04-20 20:05:06.873,3.1087369,-9.0349052,2.0196075,normal
1461146706880,2016-04-20 20:05:06.880,2.5298917,-8.5173394,0.8514416,normal
1461146706883,2016-04-20 20:05:06.883,2.0187464,-9.3180944,2.1210342,normal
1461146706887,2016-04-20 20:05:06.887,2.6050918,-9.1435043,0.2897174,normal
1461146706893,2016-04-20 20:05:06.893,0.8063594,-8.6579374,1.2908429,normal
1461146706900,2016-04-20 20:05:06.900,2.3451671,-10.0809065,0.276701,normal
1461146706903,2016-04-20 20:05:06.903,0.5281824,-10.2470928,1.7356009,normal
1461146706910,2016-04-20 20:05:06.910,0.713657,-9.2649497,0.8460447,normal
1461146706917,2016-04-20 20:05:06.917,0.123299,-11.572341,-0.5368171,normal
1461146706921,2016-04-20 20:05:06.921,1.6504136,-9.7812052,0.2314247,normal
1461146706925,2016-04-20 20:05:06.925,0.6080888,-11.0923745,-0.7818298,normal
1461146706928,2016-04-20 20:05:06.928,1.4240813,-9.6674315,-0.3909352,normal
1461146706932,2016-04-20 20:05:06.932,0.2625715,-10.3205829,-0.548277,normal
1461146706939,2016-04-20 20:05:06.939,1.069098,-10.3588832,-0.6748713,normal
1461146706942,2016-04-20 20:05:06.942,-0.4272811,-10.7784953,-0.4278131,normal
1461146706948,2016-04-20 20:05:06.948,0.5378162,-9.5734655,-0.6509947,normal
1461146706953,2016-04-20 20:05:06.953,0.458178,-9.3841531,-1.7371089,normal
1461146706958,2016-04-20 20:05:06.958,1.8413314,-10.748153,-0.8806891,normal
1461146706963,2016-04-20 20:05:06.963,2.5768738,-9.2185531,-0.451691,normal
1461146706966,2016-04-20 20:05:06.966,0.8804758,-9.1793452,-2.1327285,normal
1461146706971,2016-04-20 20:05:06.971,0.5869093,-9.6070226,-1.356944,normal
1461146706974,2016-04-20 20:05:06.974,0.6155926,-9.3543027,-2.8003007,normal
1461146706977,2016-04-20 20:05:06.977,0.6149963,-8.7960379,-2.8164139,normal
1461146706980,2016-04-20 20:05:06.980,0.8955839,-8.7725252,-2.8590199,normal
1461146706994,2016-04-20 20:05:06.994,1.0562656,-8.9365724,-1.6170924,normal
1461146706997,2016-04-20 20:05:06.997,1.5252573,-7.6770708,-12.1243413,normal
1461146707001,2016-04-20 20:05:07.001,-0.0422016,-7.1750643,-10.9418381,normal
1461146707005,2016-04-20 20:05:07.005,1.8538591,-6.535843,-11.8426797,normal
1461146707010,2016-04-20 20:05:07.010,5.7533576,-4.5632105,-10.3138777,normal
1461146707017,2016-04-20 20:05:07.017,6.9648818,-5.6158989,-10.9121129,normal
1461146707024,2016-04-20 20:05:07.024,6.3929407,-5.0130048,-10.4335057,normal
1461146707028,2016-04-20 20:05:07.028,6.4924561,-4.3450706,-8.4107017,normal
1461146707033,2016-04-20 20:05:07.033,6.9560314,-4.8698649,-9.5998372,normal
1461146707037,2016-04-20 20:05:07.037,8.0487646,-4.7555644,-8.2968332,normal
1461146707044,2016-04-20 20:05:07.044,7.8547679,-3.9410023,-8.8375273,normal
1461146707049,2016-04-20 20:05:07.049,9.6604644,-5.7362164,-2.2986516,normal
1461146707055,2016-04-20 20:05:07.055,7.0694148,-3.7941269,-6.2300387,normal
1461146707058,2016-04-20 20:05:07.058,8.2185901,-3.6129821,-7.255544,normal
1461146707063,2016-04-20 20:05:07.063,8.9580938,-4.2566299,-4.0826709,normal
1461146707066,2016-04-20 20:05:07.066,7.5525261,-4.2624797,-4.8781119,normal
1461146707071,2016-04-20 20:05:07.071,8.0210783,-4.2166755,-4.228916,normal
1461146707076,2016-04-20 20:05:07.076,7.4145077,-4.8845609,-3.7630069,normal
1461146707079,2016-04-20 20:05:07.079,7.5041599,-3.9938335,-3.9380946,normal
1461146707085,2016-04-20 20:05:07.085,6.8446561,-4.8169261,-4.1863581,normal
1461146707091,2016-04-20 20:05:07.091,6.66771,-2.898901,-3.8020079,normal
1461146707094,2016-04-20 20:05:07.094,7.1134852,-3.5843313,-3.8968349,normal
1461146707101,2016-04-20 20:05:07.101,6.893557,-2.8043754,-2.634237,normal
1461146707105,2016-04-20 20:05:07.105,6.9650962,-3.996492,-2.7476147,normal
1461146707111,2016-04-20 20:05:07.111,6.2553655,-2.8531781,-2.587523,normal
1461146707114,2016-04-20 20:05:07.114,6.1270492,-4.1484772,-2.334352,normal
1461146707120,2016-04-20 20:05:07.120,5.6992076,-3.7592687,-3.1718185,normal
1461146707125,2016-04-20 20:05:07.125,4.3937508,-4.148578,-3.0279759,normal
1461146707132,2016-04-20 20:05:07.132,4.5033556,-5.3524227,-1.619817,normal
1461146707139,2016-04-20 20:05:07.139,5.5659357,-5.6236588,-2.0053908,normal
1461146707146,2016-04-20 20:05:07.146,4.0937761,-5.3432491,-2.5951268,normal
1461146707153,2016-04-20 20:05:07.153,4.6061915,-4.5777774,-2.3322204,normal
1461146707157,2016-04-20 20:05:07.157,4.1576614,-6.4271684,-0.9050726,normal
1461146707164,2016-04-20 20:05:07.164,3.4966173,-5.1676583,-2.1933992,normal
1461146707169,2016-04-20 20:05:07.169,3.4431956,-6.4227851,-1.0903765,normal
1461146707176,2016-04-20 20:05:07.176,3.0214479,-7.2322724,-0.842537,normal
1461146707183,2016-04-20 20:05:07.183,2.8096021,-6.2879248,0.0013614,normal
1461146707188,2016-04-20 20:05:07.188,4.1155376,-6.6674334,-0.2519982,normal
1461146707195,2016-04-20 20:05:07.195,2.4757468,-8.702414,0.0577847,normal
1461146707201,2016-04-20 20:05:07.201,3.3218559,-8.543029,-0.7671292,normal
1461146707207,2016-04-20 20:05:07.207,1.8313773,-8.6068709,-0.4108866,normal
1461146707210,2016-04-20 20:05:07.210,1.6896322,-7.8280808,0.1557007,normal
1461146707217,2016-04-20 20:05:07.217,2.0307964,-8.3997921,-0.5027667,normal
1461146707220,2016-04-20 20:05:07.220,2.5308395,-9.9053562,-0.0369905,normal
1461146707227,2016-04-20 20:05:07.227,1.0598208,-9.3153402,-0.9491158,normal
1461146707230,2016-04-20 20:05:07.230,1.1479236,-10.6520283,-0.2244062,normal
1461146707233,2016-04-20 20:05:07.233,1.4519083,-10.3621432,0.330257,normal
1461146707240,2016-04-20 20:05:07.240,2.0138501,-10.8201917,0.9316678,normal
1461146707243,2016-04-20 20:05:07.243,2.172191,-10.6889184,-0.6327525,normal
1461146707250,2016-04-20 20:05:07.250,2.2055637,-10.9449178,-0.1692574,normal
1461146707253,2016-04-20 20:05:07.253,1.901649,-10.6799749,0.2415125,normal
1461146707259,2016-04-20 20:05:07.259,2.1629619,-10.8623139,0.3586438,normal
1461146707264,2016-04-20 20:05:07.264,0.6465593,-10.6400078,-0.6825618,normal
1461146707268,2016-04-20 20:05:07.268,0.5221105,-10.9423101,0.5063583,normal
1461146707275,2016-04-20 20:05:07.275,0.8421487,-11.2048608,-1.1092272,normal
1461146707281,2016-04-20 20:05:07.281,1.9100848,-11.8052134,-0.709804,normal
1461146707287,2016-04-20 20:05:07.287,2.0705299,-11.4719306,-0.6559434,normal
1461146707292,2016-04-20 20:05:07.292,1.8943829,-10.5168398,-1.934104,normal
1461146707299,2016-04-20 20:05:07.299,0.038411,-11.1298092,-1.4254807,normal
1461146707305,2016-04-20 20:05:07.305,0.0556842,-10.3953833,-2.031746,normal
1461146707311,2016-04-20 20:05:07.311,0.6547546,-10.8672947,-0.310764,normal
1461146707316,2016-04-20 20:05:07.316,1.5260595,-10.4615188,-1.8741841,normal
1461146707320,2016-04-20 20:05:07.320,1.9683804,-10.380396,-1.9398412,normal
1461146707326,2016-04-20 20:05:07.326,2.7042019,-10.3085654,-2.9959728,normal
1461146707331,2016-04-20 20:05:07.331,2.3993114,-9.9337634,-3.5705214,normal
1461146707336,2016-04-20 20:05:07.336,1.1808784,-8.3211884,-3.3815146,normal
1461146707340,2016-04-20 20:05:07.340,3.0249788,-8.630369,-3.8014652,normal
1461146707344,2016-04-20 20:05:07.344,2.0247826,-7.9312271,-3.2807563,normal
1461146707347,2016-04-20 20:05:07.347,1.3255637,-8.14089,-3.7046072,normal
1461146707351,2016-04-20 20:05:07.351,1.7423546,-7.5180107,-3.5825073,normal
1461146707357,2016-04-20 20:05:07.357,0.9801115,-7.3068407,-3.9214105,normal
1461146707362,2016-04-20 20:05:07.362,1.4079811,-7.1817849,-5.358683,normal
1461146707369,2016-04-20 20:05:07.369,2.0283222,-6.97441,-4.2149061,normal
1461146707376,2016-04-20 20:05:07.376,1.2992384,-5.38637,-5.1767062,normal
1461146707381,2016-04-20 20:05:07.381,2.8446964,-5.056297,-4.4625256,normal
1461146707388,2016-04-20 20:05:07.388,3.2074099,-5.6128168,-4.3014594,normal
1461146707393,2016-04-20 20:05:07.393,3.3974994,-6.1042113,-5.5127833,normal
1461146707396,2016-04-20 20:05:07.396,2.1058668,-5.1398702,-5.7893094,normal
1461146707402,2016-04-20 20:05:07.402,2.8226945,-6.5975202,-5.6354638,normal
1461146707407,2016-04-20 20:05:07.407,2.3090112,-5.581842,-5.3808233,normal
1461146707414,2016-04-20 20:05:07.414,3.1313671,-6.4480835,-4.6866097,normal
1461146707418,2016-04-20 20:05:07.418,2.413715,-5.1080226,-4.4151338,normal
1461146707425,2016-04-20 20:05:07.425,3.3852407,-5.8651084,-6.0769963,normal
1461146707431,2016-04-20 20:05:07.431,2.1804369,-5.3402873,-5.6901988,normal
1461146707434,2016-04-20 20:05:07.434,2.0655856,-3.6763492,-6.5960549,normal
1461146707440,2016-04-20 20:05:07.440,2.1202027,-5.3157333,-7.2602541,normal
1461146707444,2016-04-20 20:05:07.444,2.5387495,-4.6392656,-5.5460738,normal
1461146707450,2016-04-20 20:05:07.450,2.2704507,-6.5311641,-5.5444245,normal
1461146707453,2016-04-20 20:05:07.453,1.6598789,-6.6692832,-6.6776104,normal
1461146707456,2016-04-20 20:05:07.456,2.7365033,-7.4260373,-6.44336,normal
1461146707463,2016-04-20 20:05:07.463,1.6980074,-5.861116,-5.2384293,normal
1461146707470,2016-04-20 20:05:07.470,1.6796483,-6.0568115,-4.9526163,normal
1461146707474,2016-04-20 20:05:07.474,2.8482515,-6.0994969,-6.5954807,normal
1461146707478,2016-04-20 20:05:07.478,3.4747383,-6.2363898,-6.6883555,normal
1461146707483,2016-04-20 20:05:07.483,2.6685153,-7.2832601,-6.2611785,normal
1461146707488,2016-04-20 20:05:07.488,1.7865445,-8.1023778,-7.152175,normal
1461146707494,2016-04-20 20:05:07.494,2.9903271,-8.0778503,-6.5417349,normal
1461146707498,2016-04-20 20:05:07.498,2.9935161,-8.558105,-6.8301163,normal
1461146707503,2016-04-20 20:05:07.503,3.4872032,-8.3632618,-6.6076213,normal
1461146707510,2016-04-20 20:05:07.510,3.6783004,-7.9762546,-6.1557374,normal
1461146707514,2016-04-20 20:05:07.514,3.5516772,-7.7696455,-4.2314016,normal
1461146707519,2016-04-20 20:05:07.519,3.9205515,-7.0881946,-4.0293429,normal
1461146707525,2016-04-20 20:05:07.525,4.4892637,-7.4945797,-4.7199655,normal
1461146707532,2016-04-20 20:05:07.532,4.1890141,-8.455317,-5.3456161,normal
1461146707535,2016-04-20 20:05:07.535,4.0244348,-8.6364776,-5.354199,normal
1461146707541,2016-04-20 20:05:07.541,3.3978748,-9.9387557,-5.5372836,normal
1461146707547,2016-04-20 20:05:07.547,2.4964198,-11.285978,-6.7882067,normal
1461146707552,2016-04-20 20:05:07.552,2.6235467,-11.2828402,-6.2445107,normal
1461146707556,2016-04-20 20:05:07.556,1.7939175,-9.137157,-5.0004078,normal
1461146707561,2016-04-20 20:05:07.561,1.2843462,-9.5859915,-5.6591766,normal
1461146707567,2016-04-20 20:05:07.567,2.3273946,-10.7627673,-6.5109906,normal
1461146707573,2016-04-20 20:05:07.573,1.32047,-11.1965165,-5.9489704,normal
1461146707579,2016-04-20 20:05:07.579,1.883288,-9.8357738,-6.5770286,normal
1461146707583,2016-04-20 20:05:07.583,0.0203947,-11.6344032,-8.3099981,normal
1461146707589,2016-04-20 20:05:07.589,0.4450742,-11.7922789,-8.821251,normal
1461146707594,2016-04-20 20:05:07.594,-1.79295,-11.8276899,-8.3160899,normal
1461146707597,2016-04-20 20:05:07.597,-2.3184705,-11.829783,-7.9605267,normal
1461146707601,2016-04-20 20:05:07.601,-1.7435775,-11.5578594,-8.8231692,normal
1461146707608,2016-04-20 20:05:07.608,-2.0420828,-10.823312,-7.0575836,normal
1461146707612,2016-04-20 20:05:07.612,-2.8533429,-10.1878509,-8.1481713,normal
1461146707616,2016-04-20 20:05:07.616,-2.2786298,-9.5729306,-8.4801588,normal
1461146707621,2016-04-20 20:05:07.621,-0.8063162,-10.9085354,-9.0421394,normal
1461146707625,2016-04-20 20:05:07.625,-0.9565778,-9.3205444,-9.0258804,normal
1461146707632,2016-04-20 20:05:07.632,-1.9744036,-10.4753065,-9.0353756,normal
1461146707635,2016-04-20 20:05:07.635,-2.3241945,-9.7248721,-9.3916851,normal
1461146707640,2016-04-20 20:05:07.640,-1.4702948,-10.26139,-10.1019239,normal
1461146707647,2016-04-20 20:05:07.647,-1.5534046,-10.185454,-11.5122861,normal
1461146707654,2016-04-20 20:05:07.654,-0.6339669,-9.3799334,-10.113006,normal
1461146707658,2016-04-20 20:05:07.658,0.9822769,-8.9428282,-10.1691057,normal
1461146707662,2016-04-20 20:05:07.662,1.4766541,-8.9540509,-8.8934517,normal
1461146707667,2016-04-20 20:05:07.667,0.0778173,-9.9481381,-9.1200473,normal
1461146707672,2016-04-20 20:05:07.672,1.5328912,-9.191991,-9.6124758,normal
1461146707676,2016-04-20 20:05:07.676,1.8393558,-9.5311048,-11.1810589,normal
1461146707683,2016-04-20 20:05:07.683,0.9842971,-9.391226,-11.3190661,normal
1461146707688,2016-04-20 20:05:07.688,2.1382176,-8.9709114,-10.4704446,normal
1461146707691,2016-04-20 20:05:07.691,1.5392837,-8.9927501,-11.9777646,normal
1461146707697,2016-04-20 20:05:07.697,3.0008567,-9.8301615,-11.333533,normal
1461146707703,2016-04-20 20:05:07.703,3.1680557,-9.3747453,-9.5707726,normal
1461146707706,2016-04-20 20:05:07.706,3.2890333,-10.2638789,-11.1308239,normal
1461146707710,2016-04-20 20:05:07.710,2.38321,-9.4759338,-10.3434279,normal
1461146707717,2016-04-20 20:05:07.717,3.3352346,-9.4723095,-9.8278257,normal
1461146707720,2016-04-20 20:05:07.720,2.240112,-8.8875423,-9.7754714,normal
1461146707725,2016-04-20 20:05:07.725,2.7297882,-8.6227111,-11.4300768,normal
1461146707728,2016-04-20 20:05:07.728,4.1570872,-9.2022186,-10.8189953,normal
1461146707732,2016-04-20 20:05:07.732,4.7308385,-8.9542727,-9.3745191,normal
1461146707739,2016-04-20 20:05:07.739,4.7095503,-8.5637471,-9.3287552,normal
1461146707743,2016-04-20 20:05:07.743,4.8828121,-8.4713883,-9.1918799,normal
1461146707748,2016-04-20 20:05:07.748,3.5434857,-7.884193,-8.7759103,normal
1461146707755,2016-04-20 20:05:07.755,4.3708482,-7.0456193,-9.5441494,normal
1461146707760,2016-04-20 20:05:07.760,4.4590004,-6.8291844,-8.3830239,normal
1461146707766,2016-04-20 20:05:07.766,4.6917407,-7.5976442,-8.9236936,normal
1461146707771,2016-04-20 20:05:07.771,7.033632,-7.1846063,-9.9742608,normal
1461146707777,2016-04-20 20:05:07.777,5.7827349,-7.7272006,-10.430462,normal
1461146707780,2016-04-20 20:05:07.780,6.6413476,-7.5995756,-10.4658055,normal
1461146707786,2016-04-20 20:05:07.786,6.8560392,-6.4273134,-8.7045933,normal
1461146707789,2016-04-20 20:05:07.789,8.279345,-6.1933168,-8.6186021,normal
1461146707792,2016-04-20 20:05:07.792,8.0814224,-5.8164715,-8.3468512,normal
1461146707799,2016-04-20 20:05:07.799,8.8802706,-6.821901,-6.7513017,normal
1461146707806,2016-04-20 20:05:07.806,9.524026,-6.2508819,-6.8964955,normal
1461146707810,2016-04-20 20:05:07.810,9.5928081,-5.2261746,-6.3400591,normal
1461146707816,2016-04-20 20:05:07.816,9.2158153,-4.0533482,-5.7279001,normal
1461146707822,2016-04-20 20:05:07.822,9.7490113,-4.9654726,-1.7563514,normal
1461146707829,2016-04-20 20:05:07.829,9.5216543,-3.293563,-4.7425332,normal
1461146707832,2016-04-20 20:05:07.832,8.714508,-3.8326526,-3.1442919,normal
1461146707835,2016-04-20 20:05:07.835,8.0544983,-3.8016675,-4.0657315,normal
1461146707838,2016-04-20 20:05:07.838,7.2939156,-5.0163768,-2.9987488,normal
1461146707845,2016-04-20 20:05:07.845,8.4226262,-3.7927009,-2.5576911,normal
1461146707850,2016-04-20 20:05:07.850,7.8740186,-4.0693995,-3.606003,normal
1461146707855,2016-04-20 20:05:07.855,8.7386936,-4.5499434,-2.1401364,normal
1461146707860,2016-04-20 20:05:07.860,8.0176828,-3.6524101,-2.0528233,normal
1461146707864,2016-04-20 20:05:07.864,8.9486416,-4.569135,0.099813,normal
1461146707867,2016-04-20 20:05:07.867,8.4925924,-5.3837392,-0.6408642,normal
1461146707870,2016-04-20 20:05:07.870,6.9069445,-5.3896174,-0.0356518,normal
1461146707877,2016-04-20 20:05:07.877,8.0372031,-4.6102955,0.9092825,normal
1461146707880,2016-04-20 20:05:07.880,6.9375771,-3.7242632,-0.5981675,normal
1461146707886,2016-04-20 20:05:07.886,7.1900776,-4.9585882,0.6464905,normal
1461146707889,2016-04-20 20:05:07.889,6.0374031,-4.5352274,1.5404362,normal
1461146707896,2016-04-20 20:05:07.896,5.907674,-5.6331409,0.7174089,normal
1461146707902,2016-04-20 20:05:07.902,5.7940254,-6.8814991,1.3030051,normal
1461146707906,2016-04-20 20:05:07.906,4.8121137,-7.0057592,2.5869623,normal
1461146707912,2016-04-20 20:05:07.912,6.2461578,-6.0881075,2.870172,normal
1461146707919,2016-04-20 20:05:07.919,5.5314863,-6.5324407,3.0269376,normal
1461146707922,2016-04-20 20:05:07.922,4.9034656,-5.5084522,3.9229542,normal
1461146707927,2016-04-20 20:05:07.927,5.046485,-7.5317044,3.2095018,normal
1461146707931,2016-04-20 20:05:07.931,4.1612741,-7.4270302,3.6098486,normal
1461146707938,2016-04-20 20:05:07.938,5.1457961,-6.9409135,2.1727033,normal
1461146707945,2016-04-20 20:05:07.945,4.4590043,-7.0287783,2.4514132,normal
1461146707951,2016-04-20 20:05:07.951,4.0116429,-8.7079761,4.264362,normal
1461146707957,2016-04-20 20:05:07.957,4.861793,-9.2857163,3.2184903,normal
1461146707961,2016-04-20 20:05:07.961,5.056367,-7.9180898,4.237715,normal
1461146707964,2016-04-20 20:05:07.964,4.6205825,-8.2828827,4.0556874,normal
1461146707971,2016-04-20 20:05:07.971,4.0464781,-9.5515393,4.9417122,normal
1461146707977,2016-04-20 20:05:07.977,3.1376658,-9.0074999,3.3358934,normal
1461146707983,2016-04-20 20:05:07.983,3.4981239,-9.3665726,4.1776089,normal
1461146707987,2016-04-20 20:05:07.987,4.1236984,-9.8103958,3.9758437,normal
1461146707992,2016-04-20 20:05:07.992,3.4966499,-10.4023232,3.7878743,normal
1461146707999,2016-04-20 20:05:07.999,3.2476444,-9.8023585,3.2785056,normal
1461146707993,2016-04-20 20:05:07.993,2.0233082,-10.3046593,3.953353,normal
1461146707997,2016-04-20 20:05:07.997,6.143358,-7.081269,-1.7810741,normal
1461146708003,2016-04-20 20:05:08.003,6.3638406,-5.4523967,-3.2207508,normal
1461146708007,2016-04-20 20:05:08.007,7.5438148,-5.1202582,-3.2434146,normal
1461146708013,2016-04-20 20:05:08.013,6.7853081,-5.489469,-2.5074072,normal
1461146708019,2016-04-20 20:05:08.019,7.5840418,-6.4579695,-2.2329753,normal
1461146708024,2016-04-20 20:05:08.024,6.4350624,-6.4313775,-0.8169363,normal
1461146708029,2016-04-20 20:05:08.029,7.4192904,-8.2413154,-0.9065627,normal
1461146708032,2016-04-20 20:05:08.032,6.9475466,-8.0041751,-1.8169545,normal
1461146708038,2016-04-20 20:05:08.038,6.5187031,-5.8407175,-1.414234,normal
1461146708045,2016-04-20 20:05:08.045,7.9718748,-6.2196303,-1.8077189,normal
1461146708052,2016-04-20 20:05:08.052,7.9752751,-5.2646699,-1.6427148,normal
1461146708058,2016-04-20 20:05:08.058,6.1910773,-6.9010733,-1.7610456,normal
1461146708062,2016-04-20 20:05:08.062,7.8003128,-6.3772063,-2.5783942,normal
1461146708068,2016-04-20 20:05:08.068,7.6312632,-6.2858891,-1.6527311,normal
1461146708073,2016-04-20 20:05:08.073,7.8313223,-6.5198302,-2.5493114,normal
1461146708080,2016-04-20 20:05:08.080,6.4560675,-5.69192,-2.7966801,normal
1461146708083,2016-04-20 20:05:08.083,6.4238281,-5.3604003,-1.0641136,normal
1461146708087,2016-04-20 20:05:08.087,7.6437359,-5.2524588,-1.3492615,normal
1461146708093,2016-04-20 20:05:08.093,7.6462006,-5.322438,-0.4162801,normal
1461146708100,2016-04-20 20:05:08.100,7.9302284,-6.4784454,-0.2371476,normal
1461146708107,2016-04-20 20:05:08.107,7.7792874,-5.9192603,-0.4143821,normal
1461146708111,2016-04-20 20:05:08.111,7.7325822,-7.6459962,0.3401118,normal
1461146708117,2016-04-20 20:05:08.117,8.1079203,-8.4803483,0.2304685,normal
1461146708122,2016-04-20 20:05:08.122,6.6493104,-7.6670951,-0.1029033,normal
1461146708127,2016-04-20 20:05:08.127,6.9560867,-7.6082734,-0.0022768,normal
1461146708133,2016-04-20 20:05:08.133,6.7527003,-5.3984364,-0.7003949,normal
1461146708139,2016-04-20 20:05:08.139,7.1253693,-4.6372098,-1.068386,normal
1461146708145,2016-04-20 20:05:08.145,7.6580315,-4.6031367,-0.3454767,normal
1461146708152,2016-04-20 20:05:08.152,6.564398,-5.4660413,-1.6331115,normal
1461146708158,2016-04-20 20:05:08.158,7.5359469,-4.5366187,-0.7722459,normal
1461146708161,2016-04-20 20:05:08.161,8.1355395,-6.6486244,-1.3391401,normal
1461146708168,2016-04-20 20:05:08.168,7.8246103,-6.4068812,-0.0814173,normal
1461146708171,2016-04-20 20:05:08.171,7.5750051,-6.4649802,-0.0859433,normal
1461146708178,2016-04-20 20:05:08.178,7.2953164,-7.6424348,-1.5285017,normal
1461146708185,2016-04-20 20:05:08.185,5.8427062,-7.0352952,-0.7623714,normal
1461146708189,2016-04-20 20:05:08.189,6.5368735,-5.9512087,-0.7035472,normal
1461146708194,2016-04-20 20:05:08.194,7.863122,-6.3042785,-0.1702617,normal
1461146708200,2016-04-20 20:05:08.200,8.1312163,-6.2026494,-0.4958591,normal
1461146708207,2016-04-20 20:05:08.207,6.786847,-5.7776806,-0.9908123,normal
1461146708211,2016-04-20 20:05:08.211,7.9238609,-5.5123236,-1.2545065,normal
1461146708214,2016-04-20 20:05:08.214,6.3704035,-6.2267114,-1.2987084,normal
1461146708221,2016-04-20 20:05:08.221,6.2795773,-6.8439568,-0.1917174,normal
1461146708224,2016-04-20 20:05:08.224,7.7438793,-8.2417803,-1.824806,normal
1461146708230,2016-04-20 20:05:08.230,6.5443273,-9.0651657,-0.883371,normal
1461146708235,2016-04-20 20:05:08.235,6.8876998,-7.7234182,-0.5372212,normal
1461146708242,2016-04-20 20:05:08.242,6.2398757,-7.1513534,-0.9866959,normal
1461146708245,2016-04-20 20:05:08.245,5.9730486,-5.4919292,-0.7023399,normal
1461146708250,2016-04-20 20:05:08.250,6.8741796,-6.6987613,0.0863828,normal
1461146708257,2016-04-20 20:05:08.257,8.0607035,-5.6196567,-1.0560845,normal
1461146708261,2016-04-20 20:05:08.261,7.3605406,-5.9887377,-1.2244549,normal
1461146708267,2016-04-20 20:05:08.267,6.926553,-7.7958016,-0.2019996,normal
1461146708273,2016-04-20 20:05:08.273,6.6052405,-6.2275247,0.1640732,normal
1461146708280,2016-04-20 20:05:08.280,5.8377546,-7.9098534,-0.6920265,normal
1461146708285,2016-04-20 20:05:08.285,7.178429,-7.9338451,0.2567257,normal
1461146708290,2016-04-20 20:05:08.290,7.0734558,-6.4830891,-1.1606069,normal
1461146708297,2016-04-20 20:05:08.297,5.8800402,-7.8997286,-1.5008638,normal
1461146708300,2016-04-20 20:05:08.300,5.9983637,-6.801646,-0.3911267,normal
1461146708307,2016-04-20 20:05:08.307,7.3698151,-6.1791738,-0.2479706,normal
1461146708310,2016-04-20 20:05:08.310,6.1470818,-6.5285177,-1.2051734,normal
1461146708315,2016-04-20 20:05:08.315,7.5633806,-4.7308726,-0.3981662,normal
1461146708320,2016-04-20 20:05:08.320,7.7092727,-4.9737229,-1.1957378,normal
1461146708326,2016-04-20 20:05:08.326,7.0494166,-6.2262098,-0.7685018,normal
1461146708331,2016-04-20 20:05:08.331,6.3721312,-5.394941,0.3103613,normal
1461146708335,2016-04-20 20:05:08.335,6.796193,-6.208123,-0.4858354,normal
1461146708338,2016-04-20 20:05:08.338,6.9475316,-6.2535362,0.4824809,normal
1461146708344,2016-04-20 20:05:08.344,7.5172666,-6.4565964,-0.6241483,normal
1461146708347,2016-04-20 20:05:08.347,6.1399799,-7.0769153,-0.2871951,normal
1461146708354,2016-04-20 20:05:08.354,7.3765944,-6.8534368,-0.4097323,normal
1461146708358,2016-04-20 20:05:08.358,7.0430412,-6.60097,-0.9463583,normal
1461146708364,2016-04-20 20:05:08.364,6.2758784,-5.6026691,0.7287043,normal
1461146708367,2016-04-20 20:05:08.367,6.5246908,-5.6651261,-0.2669968,normal
1461146708372,2016-04-20 20:05:08.372,6.881869,-6.4989543,0.1724667,normal
1461146708377,2016-04-20 20:05:08.377,8.0611392,-6.5946322,1.0403662,normal
1461146708382,2016-04-20 20:05:08.382,6.7081555,-7.3600244,0.5499995,normal
1461146708389,2016-04-20 20:05:08.389,6.8619934,-5.9914849,0.1014458,normal
1461146708392,2016-04-20 20:05:08.392,7.4411028,-4.8134131,-1.3842847,normal
1461146708397,2016-04-20 20:05:08.397,7.7505315,-5.1218118,-0.9774048,normal
1461146708404,2016-04-20 20:05:08.404,7.9811385,-6.581507,-0.3679298,normal
1461146708407,2016-04-20 20:05:08.407,8.3669453,-6.9794588,1.1421605,normal
1461146708410,2016-04-20 20:05:08.410,7.7104314,-7.2134242,1.4383877,normal
1461146708415,2016-04-20 20:05:08.415,7.6916019,-7.774202,-0.4334075,normal
1461146708422,2016-04-20 20:05:08.422,6.7951823,-7.3975239,0.9708228,normal
1461146708426,2016-04-20 20:05:08.426,6.7560773,-6.6449879,-0.0077084,normal
1461146708430,2016-04-20 20:05:08.430,6.598903,-6.3491374,0.6124766,normal
1461146708435,2016-04-20 20:05:08.435,7.0681983,-6.0263607,0.1112908,normal
1461146708442,2016-04-20 20:05:08.442,7.4804112,-6.6477477,0.6970977,normal
1461146708449,2016-04-20 20:05:08.449,6.033729,-7.4684972,0.8386316,normal
1461146708453,2016-04-20 20:05:08.453,6.1900787,-5.9898375,0.3113992,normal
1461146708458,2016-04-20 20:05:08.458,6.2108851,-7.4731262,0.740339,normal
1461146708465,2016-04-20 20:05:08.465,6.4759444,-5.8031557,-0.5992559,normal
1461146708472,2016-04-20 20:05:08.472,7.4479471,-6.3654173,-0.7017517,normal
1461146708476,2016-04-20 20:05:08.476,6.5312371,-6.5147008,0.7369024,normal
1461146708480,2016-04-20 20:05:08.480,6.7716565,-5.8492849,-0.4610552,normal
1461146708483,2016-04-20 20:05:08.483,6.6289724,-6.4267426,-0.3432564,normal
1461146708487,2016-04-20 20:05:08.487,7.631245,-6.4839965,0.8662305,normal
1461146708491,2016-04-20 20:05:08.491,6.7036188,-6.7824564,-0.4959548,normal
1461146708497,2016-04-20 20:05:08.497,6.6640984,-7.1974859,-0.5679758,normal
1461146708501,2016-04-20 20:05:08.501,7.5079906,-7.0355399,-0.2227283,normal
1461146708505,2016-04-20 20:05:08.505,6.7180342,-6.6859967,0.9145704,normal
1461146708509,2016-04-20 20:05:08.509,7.1468592,-5.8907576,6.6E-5,normal
1461146708513,2016-04-20 20:05:08.513,7.9444549,-6.664766,0.8339221,normal
1461146708516,2016-04-20 20:05:08.516,6.7834643,-4.7292483,0.1235095,normal
1461146708520,2016-04-20 20:05:08.520,7.2257891,-5.4925002,-0.3298166,normal
1461146708526,2016-04-20 20:05:08.526,7.4238017,-5.3595095,0.5375681,normal
1461146708533,2016-04-20 20:05:08.533,6.5723408,-7.1117976,-0.5385365,normal
1461146708537,2016-04-20 20:05:08.537,7.3787544,-7.1721265,-0.3730916,normal
1461146708544,2016-04-20 20:05:08.544,7.3200403,-5.8155625,0.6656345,normal
1461146708548,2016-04-20 20:05:08.548,6.4107344,-5.9717026,1.0367956,normal
1461146708554,2016-04-20 20:05:08.554,7.7195305,-5.8538202,1.1350936,normal
1461146708559,2016-04-20 20:05:08.559,8.0033329,-6.4601618,0.8428595,normal
1461146708563,2016-04-20 20:05:08.563,6.6874595,-5.0633817,1.1612868,normal
1461146708567,2016-04-20 20:05:08.567,6.5890038,-5.9351768,0.8142024,normal
1461146708570,2016-04-20 20:05:08.570,7.1058876,-5.3646891,-0.3372487,normal
1461146708576,2016-04-20 20:05:08.576,6.7394639,-4.4412941,-1.9440821,normal
1461146708583,2016-04-20 20:05:08.583,6.5418805,-3.5026814,-0.6630756,normal
1461146708587,2016-04-20 20:05:08.587,7.2269918,-3.8209701,2.1767854,normal
1461146708593,2016-04-20 20:05:08.593,6.8862475,-4.1683191,2.1864573,normal
1461146708600,2016-04-20 20:05:08.600,7.8149672,-5.147954,1.7610134,normal
1461146708607,2016-04-20 20:05:08.607,9.3644738,-6.201902,1.8017805,normal
1461146708612,2016-04-20 20:05:08.612,8.3637326,-6.2911215,1.7572496,normal
1461146708619,2016-04-20 20:05:08.619,8.9369964,-7.413278,0.3848605,normal
1461146708625,2016-04-20 20:05:08.625,8.320292,-7.2959189,-0.5420889,normal
1461146708631,2016-04-20 20:05:08.631,7.8800182,-7.1911869,-1.4975156,normal
1461146708636,2016-04-20 20:05:08.636,8.9553554,-8.3282257,0.0270293,normal
1461146708640,2016-04-20 20:05:08.640,8.5921279,-9.0020793,0.3040207,normal
1461146708646,2016-04-20 20:05:08.646,8.707112,-9.2693652,-0.8976238,normal
1461146708651,2016-04-20 20:05:08.651,7.8400665,-9.451097,-0.2534759,normal
1461146708657,2016-04-20 20:05:08.657,7.9072559,-7.0211128,0.4293644,normal
1461146708661,2016-04-20 20:05:08.661,8.5228345,-6.5082238,0.0011435,normal
1461146708665,2016-04-20 20:05:08.665,7.5815184,-5.5275789,1.1419342,normal
1461146708670,2016-04-20 20:05:08.670,9.0091315,-4.9240657,1.0427247,normal
1461146708675,2016-04-20 20:05:08.675,8.132358,-4.7142167,0.2888042,normal
1461146708679,2016-04-20 20:05:08.679,8.5039907,-5.6294364,1.2209212,normal
1461146708682,2016-04-20 20:05:08.682,8.7182198,-6.8343601,-0.3058393,normal
1461146708685,2016-04-20 20:05:08.685,8.1354679,-6.5841404,0.1954262,normal
1461146708690,2016-04-20 20:05:08.690,7.524035,-7.473202,0.7953234,normal
1461146708697,2016-04-20 20:05:08.697,7.5830093,-7.4629496,0.5242395,normal
1461146708701,2016-04-20 20:05:08.701,7.3509689,-6.1794398,-0.7279097,normal
1461146708705,2016-04-20 20:05:08.705,6.81014,-6.1186816,0.8885969,normal
1461146708709,2016-04-20 20:05:08.709,6.4283296,-5.4313782,0.4852152,normal
1461146708712,2016-04-20 20:05:08.712,7.1641468,-5.533552,0.3951825,normal
1461146708715,2016-04-20 20:05:08.715,6.4164118,-4.2072738,-0.9559308,normal
1461146708722,2016-04-20 20:05:08.722,6.6369626,-4.3471344,-0.79125,normal
1461146708725,2016-04-20 20:05:08.725,6.2002995,-5.8910668,-0.313845,normal
1461146708731,2016-04-20 20:05:08.731,7.5711426,-6.744926,0.4909024,normal
1461146708736,2016-04-20 20:05:08.736,6.1307396,-6.5886755,-0.4784189,normal
1461146708743,2016-04-20 20:05:08.743,6.5107088,-6.5939281,0.6123414,normal
1461146708747,2016-04-20 20:05:08.747,6.8231704,-5.8056856,-0.1983302,normal
1461146708751,2016-04-20 20:05:08.751,7.3566318,-5.5091826,0.5020179,normal
1461146708758,2016-04-20 20:05:08.758,6.5858385,-6.3736889,0.600781,normal
1461146708762,2016-04-20 20:05:08.762,6.8581075,-5.5896123,0.2107857,normal
1461146708765,2016-04-20 20:05:08.765,7.3647151,-5.5722642,0.7738797,normal
1461146708771,2016-04-20 20:05:08.771,6.8010711,-5.4475158,0.4368893,normal
1461146708775,2016-04-20 20:05:08.775,6.6826419,-5.9727422,-0.3983077,normal
1461146708780,2016-04-20 20:05:08.780,7.3725546,-4.9035492,0.5654018,normal
1461146708787,2016-04-20 20:05:08.787,6.53153,-5.9350401,-0.1934375,normal
1461146708792,2016-04-20 20:05:08.792,6.8257238,-5.0474897,1.4169432,normal
1461146708798,2016-04-20 20:05:08.798,7.2514856,-5.1951538,0.5232125,normal
1461146708805,2016-04-20 20:05:08.805,8.0304153,-5.341221,0.574935,normal
1461146708809,2016-04-20 20:05:08.809,8.3035603,-5.7724897,-0.4909651,normal
1461146708812,2016-04-20 20:05:08.812,7.2773697,-5.3500154,-0.4086843,normal
1461146708818,2016-04-20 20:05:08.818,7.3643018,-5.4886464,0.3548582,normal
1461146708822,2016-04-20 20:05:08.822,8.074042,-5.8033493,0.0493104,normal
1461146708826,2016-04-20 20:05:08.826,7.1214385,-5.6227468,0.7657743,normal
1461146708832,2016-04-20 20:05:08.832,7.8440285,-5.4216203,0.3620515,normal
1461146708836,2016-04-20 20:05:08.836,8.3284173,-5.5573352,0.3725812,normal
1461146708841,2016-04-20 20:05:08.841,8.2295951,-6.9434552,0.7732564,normal
1461146708846,2016-04-20 20:05:08.846,8.5423226,-6.759624,0.4624177,normal
1461146708853,2016-04-20 20:05:08.853,8.3520706,-5.0945005,0.9048492,normal
1461146708857,2016-04-20 20:05:08.857,6.7367076,-5.2919388,-0.4519898,normal
1461146708860,2016-04-20 20:05:08.860,6.9601759,-5.6709958,0.1309455,normal
1461146708866,2016-04-20 20:05:08.866,8.2581211,-5.427854,-0.1628652,normal
1461146708871,2016-04-20 20:05:08.871,8.0434223,-5.5134978,-0.5958437,normal
1461146708874,2016-04-20 20:05:08.874,7.9253784,-5.7654693,-1.0405345,normal
1461146708880,2016-04-20 20:05:08.880,6.9246236,-6.3768065,-0.1372966,normal
1461146708884,2016-04-20 20:05:08.884,8.4969486,-6.612108,-0.7856575,normal
1461146708889,2016-04-20 20:05:08.889,8.0319417,-6.9358676,0.7548213,normal
1461146708894,2016-04-20 20:05:08.894,7.0408222,-5.1358724,0.2012716,normal
1461146708899,2016-04-20 20:05:08.899,7.2736878,-6.2989684,-0.4543697,normal
1461146708903,2016-04-20 20:05:08.903,7.1526835,-4.8044601,-0.1723573,normal
1461146708908,2016-04-20 20:05:08.908,8.6128684,-5.9078738,0.513372,normal
1461146708915,2016-04-20 20:05:08.915,7.0660512,-6.5737964,-0.6519736,normal
1461146708921,2016-04-20 20:05:08.921,7.2684253,-5.6669361,0.0176731,normal
1461146708928,2016-04-20 20:05:08.928,7.2355135,-6.2078509,0.1072629,normal
1461146708931,2016-04-20 20:05:08.931,7.6997298,-6.1214673,0.4638743,normal
1461146708938,2016-04-20 20:05:08.938,8.1848465,-5.3042376,1.1349457,normal
1461146708943,2016-04-20 20:05:08.943,8.5900944,-5.1889838,-1.0575677,normal
1461146708947,2016-04-20 20:05:08.947,8.5380793,-5.4996,-1.290761,normal
1461146708951,2016-04-20 20:05:08.951,8.8035747,-5.8144728,-1.4717775,normal
1461146708958,2016-04-20 20:05:08.958,9.280241,-5.0635646,-0.9757709,normal
1461146708963,2016-04-20 20:05:08.963,7.7035034,-6.1244838,0.6691364,normal
1461146708969,2016-04-20 20:05:08.969,8.2438361,-5.1325727,-0.9054132,normal
1461146708976,2016-04-20 20:05:08.976,7.0175439,-5.055993,-1.4795895,normal
1461146708982,2016-04-20 20:05:08.982,6.501041,-6.0332368,-0.1181127,normal
1461146708992,2016-04-20 20:05:08.992,5.7241095,-6.1153383,-0.7583681,normal
1461146708998,2016-04-20 20:05:08.998,4.8256734,-6.6583536,6.3765091,normal
1461146709002,2016-04-20 20:05:09.002,5.2519127,-6.2928459,5.9494469,normal
1461146709009,2016-04-20 20:05:09.009,5.8953222,-7.6841035,6.6087137,normal
1461146709013,2016-04-20 20:05:09.013,6.4046925,-6.9606834,7.6756192,normal
1461146709017,2016-04-20 20:05:09.017,6.4593594,-6.6040862,8.0670848,normal
1461146709020,2016-04-20 20:05:09.020,5.8770318,-4.7097763,7.8640745,normal
1461146709025,2016-04-20 20:05:09.025,5.3131203,-5.5886187,6.6957224,normal
1461146709031,2016-04-20 20:05:09.031,4.9145499,-5.5396767,6.5545654,normal
1461146709034,2016-04-20 20:05:09.034,5.3396451,-4.6132684,6.6744505,normal
1461146709041,2016-04-20 20:05:09.041,6.567628,-4.7051725,7.1282313,normal
1461146709045,2016-04-20 20:05:09.045,6.8073896,-4.4304646,6.8057842,normal
1461146709052,2016-04-20 20:05:09.052,6.3172433,-5.7963588,7.3413247,normal
1461146709058,2016-04-20 20:05:09.058,6.8007368,-5.2900541,6.6464545,normal
1461146709061,2016-04-20 20:05:09.061,6.5867996,-6.6749988,6.1717775,normal
1461146709066,2016-04-20 20:05:09.066,5.8461627,-5.3574221,6.3297453,normal
1461146709069,2016-04-20 20:05:09.069,6.3068062,-5.3221125,6.3316298,normal
1461146709072,2016-04-20 20:05:09.072,6.2783912,-5.9823733,4.8135873,normal
1461146709078,2016-04-20 20:05:09.078,6.2620656,-6.1059687,5.6435065,normal
1461146709081,2016-04-20 20:05:09.081,6.9631078,-7.0085008,4.0286364,normal
1461146709085,2016-04-20 20:05:09.085,6.3022378,-6.6189734,4.7485361,normal
1461146709091,2016-04-20 20:05:09.091,7.4133223,-7.5663058,4.2842731,normal
1461146709097,2016-04-20 20:05:09.097,7.3609545,-7.2415065,3.9677769,normal
1461146709103,2016-04-20 20:05:09.103,8.0715648,-8.0740429,3.5118967,normal
1461146709110,2016-04-20 20:05:09.110,6.5249762,-7.5039292,4.6631161,normal
1461146709115,2016-04-20 20:05:09.115,7.2338227,-8.425149,4.6643834,normal
1461146709118,2016-04-20 20:05:09.118,5.7718979,-7.9957459,4.9984181,normal
1461146709124,2016-04-20 20:05:09.124,5.7889446,-8.2429731,5.4803301,normal
1461146709127,2016-04-20 20:05:09.127,6.3339569,-8.4486118,4.3656652,normal
1461146709132,2016-04-20 20:05:09.132,6.8404671,-7.3240627,5.7970897,normal
1461146709139,2016-04-20 20:05:09.139,6.1883615,-7.7064122,4.7417575,normal
1461146709145,2016-04-20 20:05:09.145,6.8404797,-8.49788,4.8177781,normal
1461146709149,2016-04-20 20:05:09.149,6.5382038,-7.2590947,5.678313,normal
1461146709154,2016-04-20 20:05:09.154,6.5836485,-8.5303723,4.2107367,normal
1461146709159,2016-04-20 20:05:09.159,6.7734536,-8.6730786,3.360127,normal
1461146709165,2016-04-20 20:05:09.165,7.2231074,-7.6359864,2.9869832,normal
1461146709172,2016-04-20 20:05:09.172,6.7074717,-7.6776488,4.0973534,normal
1461146709179,2016-04-20 20:05:09.179,7.3873607,-9.0370565,4.2449801,normal
1461146709183,2016-04-20 20:05:09.183,6.4867846,-8.9036349,3.6929704,normal
1461146709190,2016-04-20 20:05:09.190,6.6309874,-7.6367184,2.4900349,normal
1461146709197,2016-04-20 20:05:09.197,6.1415512,-9.4263014,3.7596817,normal
1461146709203,2016-04-20 20:05:09.203,7.6244402,-8.9102908,3.3551475,normal
1461146709206,2016-04-20 20:05:09.206,7.8083087,-7.9028581,1.9551636,normal
1461146709210,2016-04-20 20:05:09.210,8.0750012,-7.9075972,2.5395257,normal
1461146709217,2016-04-20 20:05:09.217,7.1809443,-7.8118664,2.803017,normal
1461146709224,2016-04-20 20:05:09.224,7.1359074,-8.5795584,2.9180656,normal
1461146709228,2016-04-20 20:05:09.228,7.1290707,-9.1290646,2.1257266,normal
1461146709233,2016-04-20 20:05:09.233,7.7171075,-9.5638416,1.3139506,normal
1461146709239,2016-04-20 20:05:09.239,7.2356309,-9.098548,0.9066387,normal
1461146709246,2016-04-20 20:05:09.246,8.3069011,-9.2444523,0.8847843,normal
1461146709253,2016-04-20 20:05:09.253,8.3093109,-9.5382339,0.8654366,normal
1461146709260,2016-04-20 20:05:09.260,7.5746353,-8.5310592,2.0380258,normal
1461146709266,2016-04-20 20:05:09.266,8.0433724,-9.092038,1.8190079,normal
1461146709269,2016-04-20 20:05:09.269,7.7760998,-9.4248183,1.3297657,normal
1461146709272,2016-04-20 20:05:09.272,6.676643,-8.280157,0.4378723,normal
1461146709275,2016-04-20 20:05:09.275,6.7286356,-8.8768173,1.2832706,normal
1461146709278,2016-04-20 20:05:09.278,7.8385654,-8.5530211,1.6113507,normal
1461146709285,2016-04-20 20:05:09.285,8.2697565,-7.6067303,1.3503876,normal
1461146709288,2016-04-20 20:05:09.288,6.7844146,-8.6933454,-0.3297037,normal
1461146709293,2016-04-20 20:05:09.293,6.9891426,-8.7255744,-0.2999721,normal
1461146709300,2016-04-20 20:05:09.300,8.1905068,-9.1812222,-0.2195673,normal
1461146709307,2016-04-20 20:05:09.307,7.894481,-8.8021527,0.9451139,normal
1461146709311,2016-04-20 20:05:09.311,7.7102008,-7.8184142,-0.7787364,normal
1461146709318,2016-04-20 20:05:09.318,6.881033,-9.5643124,-1.2275037,normal
1461146709321,2016-04-20 20:05:09.321,7.9676582,-7.8341419,-0.0921054,normal
1461146709326,2016-04-20 20:05:09.326,7.0780204,-9.1709811,-0.9457834,normal
1461146709329,2016-04-20 20:05:09.329,8.5716754,-9.1520822,-0.5821682,normal
1461146709336,2016-04-20 20:05:09.336,6.8122457,-8.9986678,-0.9443192,normal
1461146709342,2016-04-20 20:05:09.342,6.991406,-7.0979302,-0.4509918,normal
1461146709348,2016-04-20 20:05:09.348,6.8845156,-7.5929793,-0.6106802,normal
1461146709355,2016-04-20 20:05:09.355,6.935755,-8.8076925,-0.5101472,normal
1461146709362,2016-04-20 20:05:09.362,7.157806,-8.6570617,-0.4910557,normal
1461146709367,2016-04-20 20:05:09.367,8.4391464,-8.6855321,-1.8340416,normal
1461146709372,2016-04-20 20:05:09.372,7.813957,-8.7673554,-0.1341506,normal
1461146709377,2016-04-20 20:05:09.377,6.86899,-7.9346049,0.006288,normal
1461146709382,2016-04-20 20:05:09.382,8.0035778,-8.2600283,-0.9172309,normal
1461146709388,2016-04-20 20:05:09.388,7.3373242,-8.1343707,-0.4892836,normal
1461146709395,2016-04-20 20:05:09.395,6.6766405,-7.1745462,-1.0457386,normal
1461146709402,2016-04-20 20:05:09.402,7.67605,-6.81336,-1.2899148,normal
1461146709409,2016-04-20 20:05:09.409,8.3047355,-7.2475435,-1.8122858,normal
1461146709412,2016-04-20 20:05:09.412,7.2736901,-8.6291135,-1.7102462,normal
1461146709419,2016-04-20 20:05:09.419,6.7428382,-7.696282,-0.1019931,normal
1461146709425,2016-04-20 20:05:09.425,7.7964349,-7.4218548,-1.5624025,normal
1461146709430,2016-04-20 20:05:09.430,6.88038,-8.6034198,-0.6908679,normal
1461146709434,2016-04-20 20:05:09.434,6.6048512,-8.3780377,-0.4971505,normal
1461146709439,2016-04-20 20:05:09.439,7.578671,-6.8699817,-1.4845941,normal
1461146709444,2016-04-20 20:05:09.444,6.9707821,-7.9071713,-0.0755192,normal
1461146709447,2016-04-20 20:05:09.447,6.4782975,-7.7454286,-0.3300351,normal
1461146709453,2016-04-20 20:05:09.453,6.3603833,-8.1733458,-1.0395896,normal
1461146709456,2016-04-20 20:05:09.456,6.2181236,-7.7284905,-1.9869934,normal
1461146709461,2016-04-20 20:05:09.461,6.6684636,-7.2660711,-0.7788323,normal
1461146709465,2016-04-20 20:05:09.465,6.622207,-7.2184209,-1.0446576,normal
1461146709471,2016-04-20 20:05:09.471,7.5910254,-7.7914185,-0.71474,normal
1461146709474,2016-04-20 20:05:09.474,6.3535175,-7.9869599,-1.5275098,normal
1461146709481,2016-04-20 20:05:09.481,6.3571084,-8.0323997,-2.4088591,normal
1461146709485,2016-04-20 20:05:09.485,6.0996596,-9.0039749,-1.0501449,normal
1461146709491,2016-04-20 20:05:09.491,7.9077173,-7.6813815,-2.3248226,normal
1461146709494,2016-04-20 20:05:09.494,6.9868352,-7.5906357,-1.5650276,normal
1461146709501,2016-04-20 20:05:09.501,7.5318019,-8.5202036,-2.3491558,normal
1461146709504,2016-04-20 20:05:09.504,7.0045671,-8.9583492,-2.3859521,normal
1461146709508,2016-04-20 20:05:09.508,7.014137,-8.7088202,-1.9154913,normal
1461146709513,2016-04-20 20:05:09.513,6.7875843,-6.9488514,-1.2235046,normal
1461146709520,2016-04-20 20:05:09.520,7.862555,-6.8171529,-2.6157786,normal
1461146709524,2016-04-20 20:05:09.524,6.4275123,-7.7552893,-1.5632633,normal
1461146709531,2016-04-20 20:05:09.531,6.281096,-7.1314218,-1.3061077,normal
1461146709538,2016-04-20 20:05:09.538,6.5512052,-8.838501,-0.6999293,normal
1461146709542,2016-04-20 20:05:09.542,7.8674159,-8.3106955,-1.8587726,normal
1461146709549,2016-04-20 20:05:09.549,6.7186934,-10.1164404,-0.9602556,normal
1461146709555,2016-04-20 20:05:09.555,7.9054318,-10.8197156,-1.4673706,normal
1461146709561,2016-04-20 20:05:09.561,7.4886118,-9.1149398,-0.035167,normal
1461146709566,2016-04-20 20:05:09.566,5.8663893,-9.6796256,-0.1023609,normal
1461146709570,2016-04-20 20:05:09.570,5.9952309,-10.1874203,-0.7374472,normal
1461146709577,2016-04-20 20:05:09.577,6.9729629,-9.9221135,-1.1232122,normal
1461146709580,2016-04-20 20:05:09.580,5.3563485,-8.911915,-0.6152537,normal
1461146709584,2016-04-20 20:05:09.584,6.6212067,-8.9483503,-0.1201401,normal
1461146709590,2016-04-20 20:05:09.590,6.1846627,-9.213395,0.3127838,normal
1461146709596,2016-04-20 20:05:09.596,6.0266301,-7.5004469,0.8565355,normal
1461146709601,2016-04-20 20:05:09.601,5.4699298,-8.2944108,-0.2070783,normal
1461146709608,2016-04-20 20:05:09.608,5.8121567,-7.9327757,0.4448965,normal
1461146709614,2016-04-20 20:05:09.614,5.3227193,-7.7172274,0.7205912,normal
1461146709619,2016-04-20 20:05:09.619,5.0448517,-9.8622153,-0.6078934,normal
1461146709622,2016-04-20 20:05:09.622,5.9478216,-8.833894,-1.3516823,normal
1461146709625,2016-04-20 20:05:09.625,6.480793,-10.5534507,-0.6219515,normal
1461146709630,2016-04-20 20:05:09.630,5.5138572,-9.860274,-0.0386988,normal
1461146709636,2016-04-20 20:05:09.636,5.7865677,-11.4106132,-0.953034,normal
1461146709640,2016-04-20 20:05:09.640,7.0067907,-10.5493842,-0.6343238,normal
1461146709646,2016-04-20 20:05:09.646,5.9543117,-10.1605266,-0.6026455,normal
1461146709650,2016-04-20 20:05:09.650,6.3969985,-10.7981564,-1.3349085,normal
1461146709654,2016-04-20 20:05:09.654,6.0434898,-11.1920837,0.2174085,normal
1461146709657,2016-04-20 20:05:09.657,5.9977139,-9.7049555,-0.6055026,normal
1461146709662,2016-04-20 20:05:09.662,6.4681462,-10.3417433,-1.3553006,normal
1461146709665,2016-04-20 20:05:09.665,4.9177933,-10.1764088,-1.1297511,normal
1461146709671,2016-04-20 20:05:09.671,5.252546,-10.3857165,-1.329604,normal
1461146709678,2016-04-20 20:05:09.678,5.0451545,-9.3350981,0.0205959,normal
1461146709684,2016-04-20 20:05:09.684,5.9262464,-10.9821074,-0.0610171,normal
1461146709688,2016-04-20 20:05:09.688,5.2459716,-9.2583252,0.1842498,normal
1461146709691,2016-04-20 20:05:09.691,5.3342174,-9.7182553,-0.1297017,normal
1461146709695,2016-04-20 20:05:09.695,5.7515886,-10.1997917,-1.3523249,normal
1461146709701,2016-04-20 20:05:09.701,5.2029634,-9.5182083,-0.3302154,normal
1461146709708,2016-04-20 20:05:09.708,6.7056064,-9.1306158,-0.3950723,normal
1461146709713,2016-04-20 20:05:09.713,5.3422941,-9.3593197,-0.6018589,normal
1461146709716,2016-04-20 20:05:09.716,6.9065124,-8.7096081,-0.5641022,normal
1461146709719,2016-04-20 20:05:09.719,5.0942013,-9.749411,-0.8244028,normal
1461146709726,2016-04-20 20:05:09.726,6.8347578,-8.1533943,-1.1773088,normal
1461146709731,2016-04-20 20:05:09.731,5.7403352,-9.3801261,-1.2531238,normal
1461146709735,2016-04-20 20:05:09.735,5.1136688,-9.1724817,-1.9831427,normal
1461146709740,2016-04-20 20:05:09.740,6.3134078,-9.5391134,-1.9279308,normal
1461146709745,2016-04-20 20:05:09.745,5.1499064,-8.5682753,-2.436504,normal
1461146709752,2016-04-20 20:05:09.752,5.8449688,-8.8774728,-1.0274567,normal
1461146709757,2016-04-20 20:05:09.757,5.6112409,-8.4503025,-2.2648141,normal
1461146709761,2016-04-20 20:05:09.761,5.1282685,-10.1509054,-1.1590139,normal
1461146709766,2016-04-20 20:05:09.766,6.4213026,-10.0891231,-1.8791823,normal
1461146709771,2016-04-20 20:05:09.771,6.6415665,-10.7995237,-1.7428099,normal
1461146709775,2016-04-20 20:05:09.775,6.4326945,-10.8074002,-1.1184371,normal
1461146709780,2016-04-20 20:05:09.780,5.4896111,-10.292724,-1.7653831,normal
1461146709785,2016-04-20 20:05:09.785,6.5480399,-9.703648,-1.4796503,normal
1461146709792,2016-04-20 20:05:09.792,6.2562023,-9.3117571,-1.5326001,normal
1461146709796,2016-04-20 20:05:09.796,6.05524,-10.3486698,-2.1205442,normal
1461146709801,2016-04-20 20:05:09.801,5.7985591,-8.5707657,-1.7153864,normal
1461146709808,2016-04-20 20:05:09.808,4.7531699,-9.7226681,-2.4374126,normal
1461146709814,2016-04-20 20:05:09.814,4.783069,-7.9893127,-1.204926,normal
1461146709820,2016-04-20 20:05:09.820,5.9896318,-8.1022077,-1.9757681,normal
1461146709825,2016-04-20 20:05:09.825,6.5836269,-9.2751096,-1.4856253,normal
1461146709831,2016-04-20 20:05:09.831,5.2540564,-9.5554233,-2.2550917,normal
1461146709838,2016-04-20 20:05:09.838,5.139188,-9.3819687,-1.6849105,normal
1461146709844,2016-04-20 20:05:09.844,5.3405729,-10.3677015,-1.1963506,normal
1461146709851,2016-04-20 20:05:09.851,5.415806,-11.518195,-2.2427866,normal
1461146709857,2016-04-20 20:05:09.857,6.5726345,-11.8836196,-3.1591702,normal
1461146709863,2016-04-20 20:05:09.863,5.6580109,-11.2646025,-2.7853452,normal
1461146709868,2016-04-20 20:05:09.868,5.3339947,-10.7198288,-3.1249962,normal
1461146709875,2016-04-20 20:05:09.875,5.9483519,-10.2245391,-1.6049253,normal
1461146709878,2016-04-20 20:05:09.878,5.5189574,-10.4036816,-0.9319457,normal
1461146709884,2016-04-20 20:05:09.884,6.4193106,-10.5836994,-1.0807705,normal
1461146709889,2016-04-20 20:05:09.889,5.6334731,-10.1519053,-0.9975328,normal
1461146709895,2016-04-20 20:05:09.895,5.1850149,-10.1790908,-2.4149844,normal
1461146709902,2016-04-20 20:05:09.902,4.4665199,-9.7423603,-2.8553453,normal
1461146709907,2016-04-20 20:05:09.907,4.6175572,-10.7750896,-1.5878475,normal
1461146709910,2016-04-20 20:05:09.910,5.6536885,-11.8520341,-2.2374777,normal
1461146709916,2016-04-20 20:05:09.916,4.7923236,-11.1795911,-2.7808065,normal
1461146709923,2016-04-20 20:05:09.923,4.7762609,-12.4481738,-2.8379383,normal
1461146709930,2016-04-20 20:05:09.930,5.3229957,-11.821553,-3.8913191,normal
1461146709935,2016-04-20 20:05:09.935,4.5285216,-13.7117419,-3.0575771,normal
1461146709941,2016-04-20 20:05:09.941,4.8612027,-14.299409,-2.5636759,normal
1461146709947,2016-04-20 20:05:09.947,5.519786,-13.3483367,-3.3206754,normal
1461146709953,2016-04-20 20:05:09.953,5.3495656,-13.8075958,-1.9079534,normal
1461146709960,2016-04-20 20:05:09.960,3.8121709,-13.1146051,-3.0311044,normal
1461146709963,2016-04-20 20:05:09.963,4.311804,-14.8647311,-1.4814125,normal
1461146709969,2016-04-20 20:05:09.969,2.7343386,-14.7445366,-2.6297494,normal
1461146709974,2016-04-20 20:05:09.974,3.8414768,-15.141926,-1.6717451,normal
1461146709978,2016-04-20 20:05:09.978,3.3679479,-15.3823061,-2.036318,normal
1461146709983,2016-04-20 20:05:09.983,1.8415514,-15.6853654,-1.0685376,normal
1461146709989,2016-04-20 20:05:09.989,2.2125119,-14.5132438,-1.9963079,normal
1461146709993,2016-04-20 20:05:09.993,3.0166449,-16.182089,-2.5169632,normal
1461146710000,2016-04-20 20:05:10.000,1.9660246,-15.5435892,-2.1334217,normal
1461146710006,2016-04-20 20:05:10.006,1.8631218,-16.09407,-2.3607828,normal
1461146710010,2016-04-20 20:05:10.010,1.7667829,-17.2858152,-3.3343894,normal
1461146710017,2016-04-20 20:05:10.017,2.6213157,-16.654631,-2.5179757,normal
1461146710024,2016-04-20 20:05:10.024,1.7434171,-16.6888891,-3.5578678,normal
1461146710029,2016-04-20 20:05:10.029,2.2188611,-16.8656014,-2.6179409,normal
1461146709991,2016-04-20 20:05:09.991,2.4677521,-16.9299324,-3.869456,normal
