1461146704996,2016-04-20 20:05:04.996,5.0983946,-4.4437841,-3.1570902,normal
1461146705008,2016-04-20 20:05:05.008,6.3521453,-5.3404183,3.9172377,normal
1461146705017,2016-04-20 20:05:05.017,5.2806573,-6.0260566,3.1115009,normal
1461146705025,2016-04-20 20:05:05.025,5.8607355,-6.7923495,4.3590312,normal
1461146705035,2016-04-20 20:05:05.035,5.0871822,-6.0168209,4.0306715,normal
1461146705047,2016-04-20 20:05:05.047,5.4348953,-5.1080605,3.5836043,normal
1461146705057,2016-04-20 20:05:05.057,5.3139442,-6.3957565,3.8939489,normal
1461146705067,2016-04-20 20:05:05.067,6.3428573,-5.4295715,2.4488878,normal
1461146705077,2016-04-20 20:05:05.077,5.1501267,-4.5053447,2.5084409,normal
1461146705088,2016-04-20 20:05:05.088,4.4926841,-5.4762122,3.6706704,normal
1461146705096,2016-04-20 20:05:05.096,4.5296797,-5.735951,4.7118422,normal
1461146705108,2016-04-20 20:05:05.108,4.0565849,-5.3988188,5.5472722,normal
1461146705120,2016-04-20 20:05:05.120,5.0355567,-5.5925349,5.4480542,normal
1461146705132,2016-04-20 20:05:05.132,3.8770594,-4.2001309,5.01319,normal
1461146705142,2016-04-20 20:05:05.142,3.6042451,-5.1389048,4.5420232,normal
1461146705152,2016-04-20 20:05:05.152,4.8619249,-4.6040785,5.1611719,normal
1461146705163,2016-04-20 20:05:05.163,5.0841819,-6.2350544,5.3378064,normal
1461146705174,2016-04-20 20:05:05.174,4.4524182,-6.0296161,5.6156905,normal
1461146705182,2016-04-20 20:05:05.182,4.5368554,-6.3022717,6.097863,normal
1461146705194,2016-04-20 20:05:05.194,4.9670824,-4.6356063,5.383774,normal
1461146705204,2016-04-20 20:05:05.204,4.1623556,-5.6468864,5.8477918,normal
1461146705215,2016-04-20 20:05:05.215,5.641599,-6.0731279,4.6069864,normal
1461146705223,2016-04-20 20:05:05.223,4.4809315,-5.7459851,5.4840102,normal
1461146705231,2016-04-20 20:05:05.231,5.504112,-5.9308389,3.8254669,normal
1461146705239,2016-04-20 20:05:05.239,4.7796452,-4.8671559,3.6884403,normal
1461146705249,2016-04-20 20:05:05.249,4.5710874,-5.7529122,4.3664587,normal
1461146705258,2016-04-20 20:05:05.258,5.0855852,-5.8874525,3.8125889,normal
1461146705266,2016-04-20 20:05:05.266,5.4283489,-7.2002535,4.1785422,normal
1461146705278,2016-04-20 20:05:05.278,6.2348523,-7.0565006,4.4489607,normal
1461146705288,2016-04-20 20:05:05.288,5.2148438,-5.9981354,3.8524858,normal
1461146705298,2016-04-20 20:05:05.298,5.4198608,-7.7346266,4.5833456,normal
1461146705310,2016-04-20 20:05:05.310,6.2277722,-6.4108003,5.2632368,normal
1461146705321,2016-04-20 20:05:05.321,4.4090766,-5.6526796,5.0781054,normal
1461146705330,2016-04-20 20:05:05.330,4.9865921,-7.0916283,3.8876687,normal
1461146705340,2016-04-20 20:05:05.340,5.0573398,-6.4365226,4.1704693,normal
1461146705348,2016-04-20 20:05:05.348,4.9545765,-5.0226669,4.4570049,normal
1461146705357,2016-04-20 20:05:05.357,5.8083988,-6.5758872,4.1041831,normal
1461146705368,2016-04-20 20:05:05.368,5.8364165,-6.1457352,5.9049477,normal
1461146705376,2016-04-20 20:05:05.376,5.7512603,-5.4887935,4.3300833,normal
1461146705384,2016-04-20 20:05:05.384,5.6050977,-6.6912579,5.569844,normal
1461146705394,2016-04-20 20:05:05.394,4.9955277,-6.5938136,5.1013945,normal
1461146705404,2016-04-20 20:05:05.404,6.430889,-5.2766434,5.4343768,normal
1461146705413,2016-04-20 20:05:05.413,5.8319067,-6.4212433,5.5925726,normal
1461146705421,2016-04-20 20:05:05.421,5.0681952,-6.345995,5.7266948,normal
1461146705430,2016-04-20 20:05:05.430,6.5684417,-7.2812157,5.1934081,normal
1461146705438,2016-04-20 20:05:05.438,6.0397991,-6.6593487,5.5534562,normal
1461146705447,2016-04-20 20:05:05.447,5.6984598,-6.5687105,5.2314611,normal
1461146705459,2016-04-20 20:05:05.459,6.9350117,-7.8062461,5.0866641,normal
1461146705468,2016-04-20 20:05:05.468,6.9798187,-6.7167886,3.0708911,normal
1461146705479,2016-04-20 20:05:05.479,7.4232992,-8.1537221,2.6091323,normal
1461146705491,2016-04-20 20:05:05.491,5.8752027,-7.6384872,3.5213568,normal
1461146705501,2016-04-20 20:05:05.501,6.4162819,-8.3418956,2.926236,normal
1461146705509,2016-04-20 20:05:05.509,6.8698002,-8.9354391,2.1963888,normal
1461146705517,2016-04-20 20:05:05.517,5.8825887,-8.1330543,1.842767,normal
1461146705527,2016-04-20 20:05:05.527,6.065419,-8.2879979,2.7679413,normal
1461146705537,2016-04-20 20:05:05.537,7.3251548,-9.1615448,2.0346058,normal
1461146705548,2016-04-20 20:05:05.548,6.6901055,-9.1048404,3.2377898,normal
1461146705559,2016-04-20 20:05:05.559,6.0306713,-8.7506541,2.1826618,normal
1461146705570,2016-04-20 20:05:05.570,6.790632,-7.6025033,3.6887762,normal
1461146705578,2016-04-20 20:05:05.578,5.2174375,-7.2941012,3.2039074,normal
1461146705587,2016-04-20 20:05:05.587,5.2441314,-7.3436756,2.6936407,normal
1461146705599,2016-04-20 20:05:05.599,5.1599193,-7.3330984,2.0425877,normal
1461146705607,2016-04-20 20:05:05.607,6.4718607,-8.4549154,3.4470281,normal
1461146705615,2016-04-20 20:05:05.615,5.1425838,-8.7126201,1.8354556,normal
1461146705626,2016-04-20 20:05:05.626,5.9357078,-8.961614,2.7623158,normal
1461146705634,2016-04-20 20:05:05.634,6.1149435,-8.6778469,2.9822798,normal
1461146705642,2016-04-20 20:05:05.642,5.441711,-9.1036918,2.5842883,normal
1461146705652,2016-04-20 20:05:05.652,6.5048922,-8.763616,1.0989922,normal
1461146705660,2016-04-20 20:05:05.660,5.4395153,-9.0246256,1.3385447,normal
1461146705668,2016-04-20 20:05:05.668,4.9982871,-8.390662,0.9274532,normal
1461146705677,2016-04-20 20:05:05.677,5.759964,-8.5507384,1.2725799,normal
1461146705685,2016-04-20 20:05:05.685,6.4767855,-10.2339737,1.9842911,normal
1461146705696,2016-04-20 20:05:05.696,6.3036762,-10.4344383,1.3389253,normal
1461146705706,2016-04-20 20:05:05.706,5.4929579,-9.2994298,0.8372096,normal
1461146705717,2016-04-20 20:05:05.717,4.8666147,-9.2870105,0.8429898,normal
1461146705729,2016-04-20 20:05:05.729,5.9649756,-10.1327884,1.6784969,normal
1461146705741,2016-04-20 20:05:05.741,5.8419695,-9.1830586,1.5340675,normal
1461146705753,2016-04-20 20:05:05.753,4.6683339,-8.7728674,2.1042126,normal
1461146705765,2016-04-20 20:05:05.765,4.4822092,-9.217362,1.7912323,normal
1461146705773,2016-04-20 20:05:05.773,4.9870587,-10.3832335,0.9408105,normal
1461146705782,2016-04-20 20:05:05.782,5.7673717,-10.49506,0.6748518,normal
1461146705794,2016-04-20 20:05:05.794,5.2970761,-10.8253058,2.1014505,normal
1461146705805,2016-04-20 20:05:05.805,4.7877432,-10.2952723,0.0957712,normal
1461146705817,2016-04-20 20:05:05.817,4.0238852,-10.7315744,-0.1711975,normal
1461146705828,2016-04-20 20:05:05.828,5.5833292,-10.7300699,0.3256151,normal
1461146705839,2016-04-20 20:05:05.839,5.4101115,-9.3761706,-0.3357156,normal
1461146705849,2016-04-20 20:05:05.849,4.893594,-10.242396,-0.7884618,normal
1461146705857,2016-04-20 20:05:05.857,4.1836905,-9.6804555,0.6191648,normal
1461146705867,2016-04-20 20:05:05.867,4.7105404,-9.7104208,-0.4580998,normal
1461146705877,2016-04-20 20:05:05.877,4.6905157,-9.7305301,1.0442547,normal
1461146705885,2016-04-20 20:05:05.885,4.6613805,-9.5415561,0.5555597,normal
1461146705895,2016-04-20 20:05:05.895,4.5208731,-11.271529,0.0956871,normal
1461146705906,2016-04-20 20:05:05.906,4.1134049,-10.9386255,1.2575744,normal
1461146705917,2016-04-20 20:05:05.917,3.8923311,-11.2913299,0.4841419,normal
1461146705928,2016-04-20 20:05:05.928,4.6811019,-11.604853,1.6092765,normal
1461146705938,2016-04-20 20:05:05.938,4.4571259,-10.2434615,1.3549158,normal
1461146705946,2016-04-20 20:05:05.946,4.3560308,-10.4550634,1.0770317,normal
1461146705954,2016-04-20 20:05:05.954,4.437719,-10.1269433,0.5378209,normal
1461146705966,2016-04-20 20:05:05.966,3.8974924,-10.9986301,0.4972192,normal
1461146705995,2016-04-20 20:05:05.995,3.1879823,-10.713832,1.1090773,normal
1461146706005,2016-04-20 20:05:06.005,-1.4644609,-12.8477886,-6.370486,normal
1461146706016,2016-04-20 20:05:06.016,-1.2273456,-12.619436,-7.0206209,normal
1461146706026,2016-04-20 20:05:06.026,-1.4941202,-11.4777666,-8.8836247,normal
1461146706034,2016-04-20 20:05:06.034,-0.0913094,-11.6677243,-8.2046304,normal
1461146706046,2016-04-20 20:05:06.046,-0.9032742,-10.9737434,-9.9646683,normal
1461146706058,2016-04-20 20:05:06.058,-0.1494847,-10.7243578,-9.1765328,normal
1461146706066,2016-04-20 20:05:06.066,-0.2848671,-11.8124354,-8.7843722,normal
1461146706078,2016-04-20 20:05:06.078,1.2513296,-10.2404417,-9.0859546,normal
1461146706090,2016-04-20 20:05:06.090,0.5111274,-10.0624107,-9.6586739,normal
1461146706099,2016-04-20 20:05:06.099,0.2756668,-9.6205916,-10.338208,normal
1461146706109,2016-04-20 20:05:06.109,0.8567843,-9.3875786,-9.3103035,normal
1461146706120,2016-04-20 20:05:06.120,2.1462647,-10.5347723,-10.0643952,normal
1461146706131,2016-04-20 20:05:06.131,2.8309074,-9.0970524,-10.7277306,normal
1461146706140,2016-04-20 20:05:06.140,2.6237768,-9.5205673,-11.5140837,normal
1461146706152,2016-04-20 20:05:06.152,2.91865,-9.0343076,-10.392518,normal
1461146706162,2016-04-20 20:05:06.162,3.8079529,-9.3593123,-9.862392,normal
1461146706170,2016-04-20 20:05:06.170,2.3111849,-10.6121876,-9.760364,normal
1461146706182,2016-04-20 20:05:06.182,3.6942547,-10.3880397,-9.5531997,normal
1461146706193,2016-04-20 20:05:06.193,4.6864302,-10.4896081,-10.0915777,normal
1461146706201,2016-04-20 20:05:06.201,4.5554655,-9.8170432,-9.6370259,normal
1461146706213,2016-04-20 20:05:06.213,5.47215,-8.9174715,-8.5912006,normal
1461146706223,2016-04-20 20:05:06.223,5.7668873,-9.0072484,-9.6874528,normal
1461146706232,2016-04-20 20:05:06.232,6.2203993,-9.2708154,-9.3895366,normal
1461146706242,2016-04-20 20:05:06.242,5.8532374,-8.8380156,-7.6615328,normal
1461146706254,2016-04-20 20:05:06.254,5.9455501,-8.1518447,-9.239157,normal
1461146706262,2016-04-20 20:05:06.262,7.3193822,-7.9424406,-6.5170739,normal
1461146706273,2016-04-20 20:05:06.273,8.0861796,-9.0603877,-2.4584846,normal
1461146706284,2016-04-20 20:05:06.284,5.9652513,-5.4675514,-6.6087986,normal
1461146706294,2016-04-20 20:05:06.294,8.2158844,-7.0010719,-2.8408792,normal
1461146706304,2016-04-20 20:05:06.304,6.9663082,-6.4774417,-5.2775027,normal
1461146706316,2016-04-20 20:05:06.316,7.9694561,-7.4762939,-4.0960042,normal
1461146706328,2016-04-20 20:05:06.328,6.5142466,-7.1222391,-2.2688731,normal
1461146706337,2016-04-20 20:05:06.337,5.5183583,-6.8246853,-3.2173908,normal
1461146706348,2016-04-20 20:05:06.348,6.2848848,-6.9344385,-1.7733789,normal
1461146706360,2016-04-20 20:05:06.360,7.1134097,-6.0391355,-1.1231328,normal
1461146706370,2016-04-20 20:05:06.370,7.4220779,-5.4218956,-1.8631484,normal
1461146706381,2016-04-20 20:05:06.381,6.6080317,-5.2727433,-0.1206832,normal
1461146706390,2016-04-20 20:05:06.390,6.3194246,-6.8604924,-0.5968022,normal
1461146706402,2016-04-20 20:05:06.402,6.4501917,-5.9150352,0.6411845,normal
1461146706414,2016-04-20 20:05:06.414,6.1132105,-6.0087648,0.8273898,normal
1461146706425,2016-04-20 20:05:06.425,5.8933788,-5.9752995,0.5559144,normal
1461146706437,2016-04-20 20:05:06.437,5.3171102,-6.1393652,0.8773579,normal
1461146706449,2016-04-20 20:05:06.449,4.2593061,-6.2258435,2.6373414,normal
1461146706460,2016-04-20 20:05:06.460,3.7340404,-6.1183752,2.0933321,normal
1461146706468,2016-04-20 20:05:06.468,5.2930623,-5.599876,3.1295498,normal
1461146706477,2016-04-20 20:05:06.477,4.2369156,-5.4303331,2.329941,normal
1461146706488,2016-04-20 20:05:06.488,3.9750441,-6.743892,3.7727487,normal
1461146706499,2016-04-20 20:05:06.499,3.2460929,-7.4731006,3.4437882,normal
1461146706510,2016-04-20 20:05:06.510,4.3345995,-7.1289056,4.1838797,normal
1461146706519,2016-04-20 20:05:06.519,4.3824899,-7.2699385,3.02967,normal
1461146706530,2016-04-20 20:05:06.530,4.360758,-7.606736,3.0999142,normal
1461146706540,2016-04-20 20:05:06.540,4.6525952,-7.127131,4.2984065,normal
1461146706548,2016-04-20 20:05:06.548,4.3550395,-6.2784111,4.8630079,normal
1461146706559,2016-04-20 20:05:06.559,3.9798925,-8.302572,5.0936958,normal
1461146706567,2016-04-20 20:05:06.567,4.3710237,-8.0652485,4.650083,normal
1461146706577,2016-04-20 20:05:06.577,3.0753236,-9.2792176,5.6192306,normal
1461146706585,2016-04-20 20:05:06.585,4.1261048,-8.4658063,4.3080992,normal
1461146706594,2016-04-20 20:05:06.594,2.6786328,-9.2548612,4.1325101,normal
1461146706603,2016-04-20 20:05:06.603,3.7088991,-9.3445223,4.3349769,normal
1461146706615,2016-04-20 20:05:06.615,3.2349254,-8.4314444,4.459193,normal
1461146706624,2016-04-20 20:05:06.624,2.9539546,-8.2303425,4.2153968,normal
1461146706635,2016-04-20 20:05:06.635,3.1254215,-9.1771816,4.1465012,normal
1461146706643,2016-04-20 20:05:06.643,3.8763687,-8.963628,5.6730073,normal
1461146706655,2016-04-20 20:05:06.655,2.4259164,-8.2951725,5.5897451,normal
1461146706664,2016-04-20 20:05:06.664,2.7432144,-8.5025296,4.7591043,normal
1461146706674,2016-04-20 20:05:06.674,2.68308,-9.0887017,5.5423225,normal
1461146706683,2016-04-20 20:05:06.683,2.6721182,-9.6604472,5.6471343,normal
1461146706694,2016-04-20 20:05:06.694,1.96223,-8.4016411,5.1500025,normal
1461146706704,2016-04-20 20:05:06.704,1.9942424,-10.3624218,4.6580226,normal
1461146706713,2016-04-20 20:05:06.713,2.2267407,-9.1968986,3.574464,normal
1461146706723,2016-04-20 20:05:06.723,2.8822247,-9.238723,4.387002,normal
1461146706731,2016-04-20 20:05:06.731,3.0690334,-10.731567,3.3074474,normal
1461146706742,2016-04-20 20:05:06.742,1.9552979,-10.7117728,3.5303587,normal
1461146706750,2016-04-20 20:05:06.750,2.8759141,-11.0544707,4.037108,normal
1461146706759,2016-04-20 20:05:06.759,2.3977847,-9.5259462,4.1079567,normal
1461146706767,2016-04-20 20:05:06.767,1.6582465,-10.4707295,2.6811376,normal
1461146706779,2016-04-20 20:05:06.779,2.6355762,-10.3898109,2.573062,normal
1461146706787,2016-04-20 20:05:06.787,1.7851624,-11.259749,2.4833709,normal
1461146706798,2016-04-20 20:05:06.798,3.283574,-11.3199424,1.5529622,normal
1461146706810,2016-04-20 20:05:06.810,1.9525629,-10.0823886,2.9293724,normal
1461146706820,2016-04-20 20:05:06.820,2.98582,-11.0983307,2.7913697,normal
1461146706832,2016-04-20 20:05:06.832,2.4916903,-11.2893183,1.5222884,normal
1461146706841,2016-04-20 20:05:06.841,3.1508083,-10.9747229,2.4253942,normal
1461146706850,2016-04-20 20:05:06.850,2.4973522,-10.4578756,2.5177515,normal
1461146706859,2016-04-20 20:05:06.859,2.4356151,-10.3991646,0.3930965,normal
1461146706869,2016-04-20 20:05:06.869,2.709508,-10.8868455,0.3671762,normal
1461146706879,2016-04-20 20:05:06.879,3.0223859,-11.7528158,0.561758,normal
1461146706891,2016-04-20 20:05:06.891,3.6957427,-10.0805932,0.7826021,normal
1461146706903,2016-04-20 20:05:06.903,3.8624638,-11.3607161,1.3959923,normal
1461146706915,2016-04-20 20:05:06.915,3.5108151,-10.9238744,0.2185323,normal
1461146706925,2016-04-20 20:05:06.925,3.4676175,-9.831173,-0.5677592,normal
1461146706934,2016-04-20 20:05:06.934,1.9020769,-9.7195622,0.5749593,normal
1461146706943,2016-04-20 20:05:06.943,2.5218674,-10.381106,0.3418885,normal
1461146706955,2016-04-20 20:05:06.955,1.8825071,-9.7874698,-1.4728819,normal
1461146706966,2016-04-20 20:05:06.966,2.2254546,-10.3705793,-1.3076072,normal
1461146706974,2016-04-20 20:05:06.974,3.5199309,-10.4473829,-0.2614877,normal
1461146706982,2016-04-20 20:05:06.982,2.6611002,-9.6999908,-0.4368877,normal
1461146706991,2016-04-20 20:05:06.991,3.5708718,-10.0742018,-1.5144217,normal
1461146706994,2016-04-20 20:05:06.994,3.5303772,-8.6344872,-0.5433468,normal
1461146707005,2016-04-20 20:05:07.005,4.0008058,-7.3079016,3.0251989,normal
1461146707016,2016-04-20 20:05:07.016,4.2486338,-6.3920397,2.8393803,normal
1461146707028,2016-04-20 20:05:07.028,4.2791122,-5.9954137,0.7859948,normal
1461146707039,2016-04-20 20:05:07.039,2.5300304,-4.6190646,0.7700797,normal
1461146707047,2016-04-20 20:05:07.047,3.544562,-5.4377815,0.9853334,normal
1461146707057,2016-04-20 20:05:07.057,3.6870805,-5.0923357,0.3497051,normal
1461146707067,2016-04-20 20:05:07.067,2.8345992,-3.5078767,1.5097302,normal
1461146707076,2016-04-20 20:05:07.076,3.2808088,-4.7971744,1.7981428,normal
1461146707088,2016-04-20 20:05:07.088,3.7281966,-5.4284206,1.8451639,normal
1461146707100,2016-04-20 20:05:07.100,5.1225508,-5.6882869,1.2779438,normal
1461146707109,2016-04-20 20:05:07.109,4.1150599,-4.8136997,1.2259239,normal
1461146707119,2016-04-20 20:05:07.119,5.9590314,-6.3854998,1.5385409,normal
1461146707127,2016-04-20 20:05:07.127,5.8055528,-6.8630633,2.1711162,normal
1461146707139,2016-04-20 20:05:07.139,7.2976405,-7.1360575,1.8377358,normal
1461146707147,2016-04-20 20:05:07.147,6.3878342,-7.7194357,2.4870489,normal
1461146707155,2016-04-20 20:05:07.155,6.76391,-7.6827693,4.357802,normal
1461146707163,2016-04-20 20:05:07.163,8.2951476,-8.9898261,3.6782722,normal
1461146707175,2016-04-20 20:05:07.175,8.9532419,-9.8265699,4.8177322,normal
1461146707187,2016-04-20 20:05:07.187,9.0590277,-10.4866724,6.1719854,normal
1461146707195,2016-04-20 20:05:07.195,7.3336917,-11.7330131,5.8330378,normal
1461146707204,2016-04-20 20:05:07.204,8.3700051,-11.7751856,6.8806162,normal
1461146707214,2016-04-20 20:05:07.214,8.0914038,-12.2172417,6.7003132,normal
1461146707223,2016-04-20 20:05:07.223,8.0111861,-11.5146939,8.0266669,normal
1461146707231,2016-04-20 20:05:07.231,6.211762,-12.1292144,7.9433694,normal
1461146707240,2016-04-20 20:05:07.240,6.6123229,-13.363971,7.9952396,normal
1461146707248,2016-04-20 20:05:07.248,5.0930027,-12.5710127,8.7749153,normal
1461146707256,2016-04-20 20:05:07.256,5.4874465,-13.5746246,7.1121879,normal
1461146707268,2016-04-20 20:05:07.268,5.2836439,-11.9898476,6.2401721,normal
1461146707280,2016-04-20 20:05:07.280,3.929585,-13.4993361,6.2604163,normal
1461146707292,2016-04-20 20:05:07.292,4.3998106,-12.7694761,5.1163136,normal
1461146707300,2016-04-20 20:05:07.300,2.8395494,-13.099207,4.5591027,normal
1461146707309,2016-04-20 20:05:07.309,3.2321329,-13.2298624,5.3001691,normal
1461146707317,2016-04-20 20:05:07.317,4.1778028,-13.0613224,4.7455132,normal
1461146707326,2016-04-20 20:05:07.326,2.5716843,-12.1932012,4.3153633,normal
1461146707337,2016-04-20 20:05:07.337,2.2611586,-13.4207394,2.9356497,normal
1461146707346,2016-04-20 20:05:07.346,2.1549092,-13.6126704,1.6980168,normal
1461146707358,2016-04-20 20:05:07.358,3.2223,-13.1135026,0.6061958,normal
1461146707366,2016-04-20 20:05:07.366,2.060207,-11.4008387,-0.8120202,normal
1461146707377,2016-04-20 20:05:07.377,2.6839939,-12.0098743,-0.3438002,normal
1461146707385,2016-04-20 20:05:07.385,1.1594889,-12.7103648,-0.3692432,normal
1461146707397,2016-04-20 20:05:07.397,0.9342993,-11.7338735,-2.3215061,normal
1461146707405,2016-04-20 20:05:07.405,1.7576235,-9.936791,-2.7730913,normal
1461146707413,2016-04-20 20:05:07.413,0.6882382,-11.3858021,-2.8577569,normal
1461146707425,2016-04-20 20:05:07.425,0.23632,-10.4312389,-3.7029111,normal
1461146707433,2016-04-20 20:05:07.433,0.5950862,-10.7480587,-2.2139966,normal
1461146707444,2016-04-20 20:05:07.444,0.2981132,-10.6132221,-4.1130812,normal
1461146707452,2016-04-20 20:05:07.452,-0.4449145,-10.4319043,-4.552641,normal
1461146707464,2016-04-20 20:05:07.464,-0.2091161,-8.7268741,-3.8155557,normal
1461146707475,2016-04-20 20:05:07.475,-0.9859374,-8.3308813,-3.6583779,normal
1461146707483,2016-04-20 20:05:07.483,-1.2794656,-7.5776112,-3.7648618,normal
1461146707491,2016-04-20 20:05:07.491,-1.338554,-9.2024095,-5.0773552,normal
1461146707501,2016-04-20 20:05:07.501,-0.7936297,-8.6641825,-5.9841745,normal
1461146707512,2016-04-20 20:05:07.512,-0.7667666,-7.7782705,-6.0909926,normal
1461146707524,2016-04-20 20:05:07.524,-0.0339354,-5.5620858,-7.2189851,normal
1461146707535,2016-04-20 20:05:07.535,-0.6555407,-4.7111905,-8.3340614,normal
1461146707544,2016-04-20 20:05:07.544,0.2267191,-3.9842495,-8.4810004,normal
1461146707555,2016-04-20 20:05:07.555,0.9811439,-3.2793292,-9.1235194,normal
1461146707567,2016-04-20 20:05:07.567,1.4996417,-1.2791634,-9.4940701,normal
1461146707579,2016-04-20 20:05:07.579,1.0180815,-3.8268014,-8.3244486,normal
1461146707588,2016-04-20 20:05:07.588,3.9698224,-3.7486834,-8.1708645,normal
1461146707600,2016-04-20 20:05:07.600,3.1961244,-3.3457434,-5.541481,normal
1461146707608,2016-04-20 20:05:07.608,5.0377475,-3.0134576,-5.637142,normal
1461146707619,2016-04-20 20:05:07.619,7.0324942,-1.38969,-4.932487,normal
1461146707630,2016-04-20 20:05:07.630,10.6131531,-2.7649742,-5.7139609,normal
1461146707641,2016-04-20 20:05:07.641,13.1846897,-1.5705328,0.6815258,normal
1461146707651,2016-04-20 20:05:07.651,12.8646962,-5.6458344,1.2197788,normal
1461146707661,2016-04-20 20:05:07.661,15.4881682,-5.2455676,4.5260113,normal
1461146707670,2016-04-20 20:05:07.670,13.7347034,-4.0168652,8.3014909,normal
1461146707679,2016-04-20 20:05:07.679,13.217279,-6.3310683,10.0551878,normal
1461146707688,2016-04-20 20:05:07.688,12.5456916,-5.7694546,11.3679083,normal
1461146707698,2016-04-20 20:05:07.698,12.7945321,-6.9812824,11.0540141,normal
1461146707706,2016-04-20 20:05:07.706,11.1364665,-5.8647068,10.7347604,normal
1461146707715,2016-04-20 20:05:07.715,9.2892622,-6.2671764,10.6881374,normal
1461146707724,2016-04-20 20:05:07.724,9.6755589,-5.4627328,10.3259303,normal
1461146707734,2016-04-20 20:05:07.734,8.7678772,-6.771251,10.9710895,normal
1461146707746,2016-04-20 20:05:07.746,7.7119152,-6.9632757,11.2304961,normal
1461146707756,2016-04-20 20:05:07.756,7.9469607,-6.3952774,9.6407634,normal
1461146707768,2016-04-20 20:05:07.768,7.4818812,-6.2648725,10.1660326,normal
1461146707780,2016-04-20 20:05:07.780,6.1645278,-5.8392433,9.1949427,normal
1461146707788,2016-04-20 20:05:07.788,7.2380129,-7.5053899,9.9491701,normal
1461146707798,2016-04-20 20:05:07.798,7.102613,-6.1858497,9.0497638,normal
1461146707808,2016-04-20 20:05:07.808,7.072878,-5.9579023,8.3821632,normal
1461146707817,2016-04-20 20:05:07.817,6.5116353,-7.1291398,9.1356416,normal
1461146707829,2016-04-20 20:05:07.829,6.9154699,-7.3825619,7.6520157,normal
1461146707839,2016-04-20 20:05:07.839,6.5725404,-6.5536187,7.2227398,normal
1461146707850,2016-04-20 20:05:07.850,6.664075,-8.1186066,8.2957784,normal
1461146707858,2016-04-20 20:05:07.858,6.5428834,-6.912847,7.6575643,normal
1461146707868,2016-04-20 20:05:07.868,5.2183556,-7.5140534,6.4517238,normal
1461146707879,2016-04-20 20:05:07.879,6.5217752,-6.5669601,7.4198443,normal
1461146707891,2016-04-20 20:05:07.891,6.7282889,-7.4293318,6.1251246,normal
1461146707901,2016-04-20 20:05:07.901,4.9816549,-6.054442,6.2488906,normal
1461146707909,2016-04-20 20:05:07.909,6.2441201,-5.9021178,6.5817267,normal
1461146707920,2016-04-20 20:05:07.920,4.7059334,-6.9558659,5.0972457,normal
1461146707930,2016-04-20 20:05:07.930,5.0761842,-6.7976693,5.8644738,normal
1461146707940,2016-04-20 20:05:07.940,5.1287549,-6.7665845,6.250515,normal
1461146707949,2016-04-20 20:05:07.949,5.6527542,-6.0344047,5.5228328,normal
1461146707993,2016-04-20 20:05:07.993,6.2436275,-7.1648559,5.2353726,normal
1461146708003,2016-04-20 20:05:08.003,3.8491037,-11.5060063,-6.9236722,normal
1461146708011,2016-04-20 20:05:08.011,3.9489961,-12.1592387,-6.9632365,normal
1461146708022,2016-04-20 20:05:08.022,3.5259771,-12.791253,-6.8964598,normal
1461146708031,2016-04-20 20:05:08.031,4.5322966,-11.4240394,-6.3326114,normal
1461146708039,2016-04-20 20:05:08.039,4.5369575,-12.6339645,-6.5137456,normal
1461146708051,2016-04-20 20:05:08.051,4.3611377,-12.1996051,-7.1981454,normal
1461146708063,2016-04-20 20:05:08.063,3.315953,-12.4163161,-7.1850234,normal
1461146708071,2016-04-20 20:05:08.071,4.8039601,-13.1078787,-7.603051,normal
1461146708079,2016-04-20 20:05:08.079,5.2515365,-11.7154812,-9.3669929,normal
1461146708088,2016-04-20 20:05:08.088,4.9880793,-10.7535005,-8.9313949,normal
1461146708097,2016-04-20 20:05:08.097,4.7187733,-11.0367631,-8.4568114,normal
1461146708108,2016-04-20 20:05:08.108,4.9841178,-11.4378103,-8.1671232,normal
1461146708118,2016-04-20 20:05:08.118,5.7119015,-10.2823688,-9.3377809,normal
1461146708130,2016-04-20 20:05:08.130,6.2202087,-10.1372293,-8.7372851,normal
1461146708138,2016-04-20 20:05:08.138,6.9299113,-10.2747795,-8.700188,normal
1461146708149,2016-04-20 20:05:08.149,6.695977,-8.3111553,-9.3448782,normal
1461146708160,2016-04-20 20:05:08.160,7.8419321,-8.3932876,-8.812951,normal
1461146708169,2016-04-20 20:05:08.169,8.3098117,-7.1674081,-9.3925098,normal
1461146708177,2016-04-20 20:05:08.177,7.7249331,-6.6627547,-8.4890507,normal
1461146708189,2016-04-20 20:05:08.189,8.0850205,-6.5662623,-8.4649786,normal
1461146708197,2016-04-20 20:05:08.197,7.892057,-7.5414332,-8.0826924,normal
1461146708205,2016-04-20 20:05:08.205,7.2208521,-6.070406,-7.6936557,normal
1461146708214,2016-04-20 20:05:08.214,7.6357792,-5.4114693,-7.6975471,normal
1461146708225,2016-04-20 20:05:08.225,7.731869,-4.9630358,-7.4895143,normal
1461146708235,2016-04-20 20:05:08.235,8.5875,-3.5783594,-7.748471,normal
1461146708245,2016-04-20 20:05:08.245,10.3196746,-4.5810908,-7.2424372,normal
1461146708254,2016-04-20 20:05:08.254,7.3864182,-4.4514978,-3.6981359,normal
1461146708265,2016-04-20 20:05:08.265,8.5172613,-4.7078589,-2.6505165,normal
1461146708277,2016-04-20 20:05:08.277,6.4390998,-3.0958329,-3.2101901,normal
1461146708286,2016-04-20 20:05:08.286,7.3590331,-3.5571075,-2.3538858,normal
1461146708294,2016-04-20 20:05:08.294,5.9416827,-4.3350481,-1.2001282,normal
1461146708303,2016-04-20 20:05:08.303,6.5818287,-3.0476926,-1.4389363,normal
1461146708315,2016-04-20 20:05:08.315,6.034819,-3.8297727,-1.3162626,normal
1461146708327,2016-04-20 20:05:08.327,5.4864127,-3.4907273,-1.1984892,normal
1461146708336,2016-04-20 20:05:08.336,4.9393299,-3.38087,-0.2222459,normal
1461146708346,2016-04-20 20:05:08.346,4.9427484,-4.1881782,-1.2639431,normal
1461146708358,2016-04-20 20:05:08.358,4.8512138,-2.9125987,-0.1057325,normal
1461146708366,2016-04-20 20:05:08.366,3.4347874,-3.3275892,0.1946861,normal
1461146708378,2016-04-20 20:05:08.378,3.8969167,-3.6450711,0.5556122,normal
1461146708388,2016-04-20 20:05:08.388,4.3887757,-3.7659591,-0.3384255,normal
1461146708400,2016-04-20 20:05:08.400,4.2493102,-3.6363938,0.408717,normal
1461146708408,2016-04-20 20:05:08.408,3.9746786,-5.018824,-0.7887062,normal
1461146708417,2016-04-20 20:05:08.417,4.4865406,-5.9349195,-0.5663151,normal
1461146708429,2016-04-20 20:05:08.429,4.0117037,-5.4083858,0.5468114,normal
1461146708440,2016-04-20 20:05:08.440,3.5325019,-5.1443589,1.2637455,normal
1461146708452,2016-04-20 20:05:08.452,2.3458109,-6.521833,0.5774155,normal
1461146708463,2016-04-20 20:05:08.463,3.7559401,-5.7818159,0.2809956,normal
1461146708471,2016-04-20 20:05:08.471,3.3927987,-5.9253683,1.4130043,normal
1461146708479,2016-04-20 20:05:08.479,3.2188867,-5.6645892,0.8822555,normal
1461146708487,2016-04-20 20:05:08.487,2.384988,-5.4560693,0.8560442,normal
1461146708495,2016-04-20 20:05:08.495,1.7105955,-6.9176061,0.1605245,normal
1461146708504,2016-04-20 20:05:08.504,3.2899026,-5.327842,1.5604752,normal
1461146708512,2016-04-20 20:05:08.512,1.3362254,-5.9813345,0.1258562,normal
1461146708523,2016-04-20 20:05:08.523,1.7575533,-5.5626246,1.5957416,normal
1461146708533,2016-04-20 20:05:08.533,2.4454245,-4.9365894,2.1528432,normal
1461146708541,2016-04-20 20:05:08.541,1.5031524,-7.1964097,1.8869019,normal
1461146708550,2016-04-20 20:05:08.550,1.905523,-6.7741485,0.9845214,normal
1461146708559,2016-04-20 20:05:08.559,3.0265962,-7.2595462,1.0702936,normal
1461146708568,2016-04-20 20:05:08.568,2.0435009,-7.2265287,2.3339404,normal
1461146708577,2016-04-20 20:05:08.577,2.4429671,-7.076158,1.1746811,normal
1461146708588,2016-04-20 20:05:08.588,2.1276578,-7.2311378,1.6275083,normal
1461146708598,2016-04-20 20:05:08.598,2.0282368,-7.8853619,0.4528387,normal
1461146708610,2016-04-20 20:05:08.610,2.0528711,-6.5787336,1.1729026,normal
1461146708620,2016-04-20 20:05:08.620,1.4915192,-6.0903698,0.6651729,normal
1461146708628,2016-04-20 20:05:08.628,1.7740782,-8.0021003,0.5956433,normal
1461146708637,2016-04-20 20:05:08.637,2.2867598,-6.5169054,1.5836393,normal
1461146708649,2016-04-20 20:05:08.649,2.7008136,-7.9656793,3.0681137,normal
1461146708659,2016-04-20 20:05:08.659,1.9079058,-7.7616925,3.6872171,normal
1461146708667,2016-04-20 20:05:08.667,1.5911355,-8.5653823,3.4993594,normal
1461146708679,2016-04-20 20:05:08.679,3.4475965,-8.730493,1.7108587,normal
1461146708688,2016-04-20 20:05:08.688,2.5664869,-8.3107218,1.2516819,normal
1461146708698,2016-04-20 20:05:08.698,2.0583969,-7.4520173,0.3979307,normal
1461146708709,2016-04-20 20:05:08.709,2.132812,-8.6262336,1.0161166,normal
1461146708721,2016-04-20 20:05:08.721,2.5683172,-8.7657065,1.1806064,normal
1461146708729,2016-04-20 20:05:08.729,3.7834915,-9.092598,0.3950809,normal
1461146708737,2016-04-20 20:05:08.737,2.559077,-7.7705994,2.3107817,normal
1461146708749,2016-04-20 20:05:08.749,2.4463754,-9.7548784,1.9094972,normal
1461146708757,2016-04-20 20:05:08.757,3.8451227,-8.5439752,3.6072948,normal
1461146708767,2016-04-20 20:05:08.767,3.6250382,-8.9908979,3.6608558,normal
1461146708777,2016-04-20 20:05:08.777,4.5887987,-9.1744646,2.9356596,normal
1461146708788,2016-04-20 20:05:08.788,4.3225073,-8.4616305,1.1295048,normal
1461146708797,2016-04-20 20:05:08.797,5.3768993,-9.4509503,1.4373206,normal
1461146708805,2016-04-20 20:05:08.805,4.0304511,-9.9061704,0.7493372,normal
1461146708813,2016-04-20 20:05:08.813,5.6348889,-10.2026568,0.1657355,normal
1461146708821,2016-04-20 20:05:08.821,4.8261911,-9.6112186,1.4824841,normal
1461146708831,2016-04-20 20:05:08.831,3.8723408,-10.1713195,0.8473174,normal
1461146708842,2016-04-20 20:05:08.842,4.0392661,-10.8682656,2.8136824,normal
1461146708852,2016-04-20 20:05:08.852,5.547645,-10.0841478,2.0666268,normal
1461146708860,2016-04-20 20:05:08.860,4.6705592,-9.6854979,2.1797316,normal
1461146708870,2016-04-20 20:05:08.870,5.5188834,-9.7563049,1.1253052,normal
1461146708882,2016-04-20 20:05:08.882,5.05719,-10.8058048,2.0100693,normal
1461146708890,2016-04-20 20:05:08.890,7.0097816,-10.4684626,0.1401349,normal
1461146708898,2016-04-20 20:05:08.898,7.0863884,-9.5633238,-0.2994571,normal
1461146708907,2016-04-20 20:05:08.907,7.3737879,-10.7348645,-1.3832126,normal
1461146708917,2016-04-20 20:05:08.917,6.6269818,-9.9906783,-0.6540315,normal
1461146708992,2016-04-20 20:05:08.992,6.6360542,-11.0212512,1.0109138,normal
1461146709000,2016-04-20 20:05:09.000,6.2333367,-3.3171707,-1.3006615,normal
1461146709011,2016-04-20 20:05:09.011,5.6136114,-2.6230887,-1.6103948,normal
1461146709021,2016-04-20 20:05:09.021,5.2685236,-2.8429917,-0.7519064,normal
1461146709032,2016-04-20 20:05:09.032,5.2242469,-4.0416481,-0.3072753,normal
1461146709043,2016-04-20 20:05:09.043,5.4726474,-4.507532,-0.3416078,normal
1461146709053,2016-04-20 20:05:09.053,5.6084361,-4.9952336,0.2294103,normal
1461146709065,2016-04-20 20:05:09.065,5.1496248,-5.2580496,-0.3137192,normal
1461146709076,2016-04-20 20:05:09.076,4.0555166,-4.6212594,0.6277814,normal
1461146709087,2016-04-20 20:05:09.087,3.9231279,-5.5159116,-0.9496616,normal
1461146709099,2016-04-20 20:05:09.099,3.0609702,-5.0951,-1.0575245,normal
1461146709109,2016-04-20 20:05:09.109,3.2035734,-4.7737842,-0.1196518,normal
1461146709120,2016-04-20 20:05:09.120,3.7820055,-5.2203617,0.3830747,normal
1461146709128,2016-04-20 20:05:09.128,4.0119095,-6.8496648,-0.6594085,normal
1461146709140,2016-04-20 20:05:09.140,2.06582,-7.1672237,1.5649849,normal
1461146709149,2016-04-20 20:05:09.149,2.2814398,-5.2276226,1.6776376,normal
1461146709160,2016-04-20 20:05:09.160,2.3296071,-10.4220885,-0.527017,normal
1461146709168,2016-04-20 20:05:09.168,1.1091526,-9.529384,-0.7864214,normal
1461146709180,2016-04-20 20:05:09.180,1.0585769,-9.7615873,-2.3033268,normal
1461146709192,2016-04-20 20:05:09.192,0.790383,-11.1135448,-2.4131101,normal
1461146709200,2016-04-20 20:05:09.200,0.4158139,-10.2320869,-2.215135,normal
1461146709209,2016-04-20 20:05:09.209,1.1780956,-10.5210876,-1.1782542,normal
1461146709218,2016-04-20 20:05:09.218,2.5147652,-9.2713424,-1.0206193,normal
1461146709226,2016-04-20 20:05:09.226,2.8529217,-9.4106589,-1.2853002,normal
1461146709237,2016-04-20 20:05:09.237,2.5780122,-7.9804145,-3.6461668,normal
1461146709248,2016-04-20 20:05:09.248,3.1679566,-9.2468852,-2.4436831,normal
1461146709257,2016-04-20 20:05:09.257,1.7090594,-8.6070346,-4.3936122,normal
1461146709267,2016-04-20 20:05:09.267,1.2013653,-9.7604214,-3.8575259,normal
1461146709277,2016-04-20 20:05:09.277,1.1340847,-8.4094986,-3.7180693,normal
1461146709289,2016-04-20 20:05:09.289,2.491749,-8.9646991,-3.976396,normal
1461146709299,2016-04-20 20:05:09.299,1.239528,-10.3948557,-5.0446076,normal
1461146709310,2016-04-20 20:05:09.310,2.303276,-9.4169792,-4.7929762,normal
1461146709318,2016-04-20 20:05:09.318,1.2543778,-9.2327769,-3.3952737,normal
1461146709326,2016-04-20 20:05:09.326,1.5429311,-9.1680191,-3.9819423,normal
1461146709338,2016-04-20 20:05:09.338,1.7664588,-10.4078447,-4.5948656,normal
1461146709346,2016-04-20 20:05:09.346,2.8427883,-10.2313913,-5.158722,normal
1461146709357,2016-04-20 20:05:09.357,1.2191643,-10.3856512,-3.4753119,normal
1461146709366,2016-04-20 20:05:09.366,1.6435042,-9.1403424,-5.5398164,normal
1461146709376,2016-04-20 20:05:09.376,2.1926804,-8.476869,-4.5272699,normal
1461146709384,2016-04-20 20:05:09.384,2.1952014,-7.5972136,-5.1235029,normal
1461146709393,2016-04-20 20:05:09.393,2.2717331,-7.9126423,-5.3890441,normal
1461146709402,2016-04-20 20:05:09.402,3.2227929,-7.4286715,-5.5684917,normal
1461146709414,2016-04-20 20:05:09.414,3.8712582,-7.9127633,-6.4100521,normal
1461146709422,2016-04-20 20:05:09.422,3.1592287,-8.9532578,-5.5706372,normal
1461146709431,2016-04-20 20:05:09.431,3.2782703,-7.6027852,-5.3021814,normal
1461146709440,2016-04-20 20:05:09.440,3.6124836,-8.2549298,-5.6395413,normal
1461146709452,2016-04-20 20:05:09.452,4.6493754,-6.787482,-4.7804553,normal
1461146709464,2016-04-20 20:05:09.464,2.627162,-6.555797,-6.1165699,normal
1461146709472,2016-04-20 20:05:09.472,3.4160589,-7.256684,-6.1664062,normal
1461146709482,2016-04-20 20:05:09.482,2.7902986,-7.0311614,-4.9835597,normal
1461146709492,2016-04-20 20:05:09.492,2.8826854,-5.1567884,-6.0793277,normal
1461146709502,2016-04-20 20:05:09.502,2.9808167,-4.7340141,-5.1792424,normal
1461146709514,2016-04-20 20:05:09.514,3.911799,-5.7390116,-6.5863228,normal
1461146709522,2016-04-20 20:05:09.522,3.3399939,-5.1719507,-5.9992121,normal
1461146709534,2016-04-20 20:05:09.534,3.4530489,-4.7188179,-5.1804725,normal
1461146709544,2016-04-20 20:05:09.544,4.5706428,-4.6215741,-6.4556098,normal
1461146709555,2016-04-20 20:05:09.555,4.5333016,-5.0042058,-5.4891407,normal
1461146709566,2016-04-20 20:05:09.566,4.4609347,-5.297394,-6.8190023,normal
1461146709577,2016-04-20 20:05:09.577,3.7011591,-5.0621705,-7.2959422,normal
1461146709586,2016-04-20 20:05:09.586,4.7133496,-5.1204253,-6.3602283,normal
1461146709594,2016-04-20 20:05:09.594,3.8750647,-4.4942519,-6.8684255,normal
1461146709606,2016-04-20 20:05:09.606,3.6479117,-6.0029841,-7.1194043,normal
1461146709615,2016-04-20 20:05:09.615,5.0806064,-5.4212857,-6.8442428,normal
1461146709624,2016-04-20 20:05:09.624,4.9734281,-5.1502719,-5.9238485,normal
1461146709632,2016-04-20 20:05:09.632,6.0011568,-6.1480418,-5.6838982,normal
1461146709640,2016-04-20 20:05:09.640,5.3957118,-7.3258344,-5.4935054,normal
1461146709652,2016-04-20 20:05:09.652,5.1877041,-5.5130654,-7.2658455,normal
1461146709662,2016-04-20 20:05:09.662,5.1735884,-5.6446916,-5.960411,normal
1461146709671,2016-04-20 20:05:09.671,5.0869593,-4.7541904,-6.6563867,normal
1461146709682,2016-04-20 20:05:09.682,4.6130461,-5.4913686,-5.6983135,normal
1461146709692,2016-04-20 20:05:09.692,5.0863824,-6.1919768,-6.9419135,normal
1461146709701,2016-04-20 20:05:09.701,4.8760325,-7.6054482,-6.7519515,normal
1461146709711,2016-04-20 20:05:09.711,4.4904049,-7.8137719,-7.6973919,normal
1461146709722,2016-04-20 20:05:09.722,2.6198105,-8.0607724,-6.4388939,normal
1461146709730,2016-04-20 20:05:09.730,1.7880161,-7.2089857,-7.4828434,normal
1461146709740,2016-04-20 20:05:09.740,1.739364,-7.5567437,-6.8871865,normal
1461146709751,2016-04-20 20:05:09.751,2.3181909,-8.9144902,-7.6262975,normal
1461146709759,2016-04-20 20:05:09.759,1.0144502,-9.5377988,-8.1394709,normal
1461146709770,2016-04-20 20:05:09.770,0.7961591,-9.1629776,-8.8206495,normal
1461146709780,2016-04-20 20:05:09.780,-1.2478822,-9.1347613,-9.1496072,normal
1461146709789,2016-04-20 20:05:09.789,-2.8296555,-9.6238847,-9.0329846,normal
1461146709800,2016-04-20 20:05:09.800,-2.431685,-8.2094787,-11.3421407,normal
1461146709810,2016-04-20 20:05:09.810,-2.2231282,-10.3407523,-10.3735674,normal
1461146709820,2016-04-20 20:05:09.820,-3.263032,-9.714151,-11.0993997,normal
1461146709828,2016-04-20 20:05:09.828,-2.802735,-11.0844352,-11.053659,normal
1461146709839,2016-04-20 20:05:09.839,-1.7084916,-10.604666,-12.9127897,normal
1461146709849,2016-04-20 20:05:09.849,-1.5543793,-10.0695641,-13.5041582,normal
1461146709858,2016-04-20 20:05:09.858,-1.8831851,-9.9757358,-13.1805967,normal
1461146709870,2016-04-20 20:05:09.870,-3.3259394,-10.5827223,-11.0200757,normal
1461146709879,2016-04-20 20:05:09.879,-3.6240536,-10.3500629,-10.4844576,normal
1461146709887,2016-04-20 20:05:09.887,-2.9178262,-10.1883467,-11.4184747,normal
1461146709898,2016-04-20 20:05:09.898,-1.4555134,-11.1991427,-10.7972774,normal
1461146709907,2016-04-20 20:05:09.907,-1.7744677,-10.7989224,-10.2265122,normal
1461146709918,2016-04-20 20:05:09.918,-1.3541003,-8.8426743,-10.7026743,normal
1461146709927,2016-04-20 20:05:09.927,-1.4446529,-10.3315857,-9.9348678,normal
1461146709935,2016-04-20 20:05:09.935,0.1875527,-8.7372475,-11.017052,normal
1461146709943,2016-04-20 20:05:09.943,-1.5375753,-9.1397471,-9.880104,normal
1461146709952,2016-04-20 20:05:09.952,-1.0438063,-8.5180212,-11.3637009,normal
1461146709960,2016-04-20 20:05:09.960,-0.8352561,-8.3859932,-11.6179427,normal
1461146709991,2016-04-20 20:05:09.991,1.0138827,-7.0101772,-10.314315,normal
